Date,Open,High,Low,Close,Volume
1999-03-10 00:00:00-05:00,43.079714706215455,43.10604705016791,42.36874141949919,43.02705001831055,5232000
1999-03-11 00:00:00-05:00,43.34303842189106,43.5931956910332,42.39507403356294,43.237709045410156,9688600
1999-03-12 00:00:00-05:00,43.07972137222576,43.106053720252795,41.84210101495522,42.18442153930664,8743600
1999-03-15 00:00:00-05:00,42.50041762139033,43.448382326700155,42.05276762166069,43.39571762084961,6369000
1999-03-16 00:00:00-05:00,43.58003210074635,43.94868494026928,43.10604987850258,43.76435852050781,4905800
1999-03-17 00:00:00-05:00,43.764371573708274,43.81703628077651,43.31672156362822,43.44838333129883,3965000
1999-03-18 00:00:00-05:00,43.395711928287106,44.31734415977378,43.38254575355158,44.291011810302734,4848400
1999-03-19 00:00:00-05:00,44.87034054861482,44.87034054861482,43.1324048231403,43.15873718261719,7160400
1999-03-22 00:00:00-05:00,43.34303422707551,43.44836359336245,42.553063979923465,42.63206100463867,5024800
1999-03-23 00:00:00-05:00,42.39506334409823,42.553057368983076,41.05211413257711,41.13111114501953,10962400
1999-03-24 00:00:00-05:00,41.499757144325656,42.55305047286184,40.86778114720395,42.52671813964844,8447000
1999-03-25 00:00:00-05:00,43.185056643104325,44.08035659790039,42.9019838632791,44.08035659790039,8133800
1999-03-26 00:00:00-05:00,43.71170606014233,44.212020768059624,43.422050176611265,43.60637664794922,8256200
1999-03-29 00:00:00-05:00,44.13302705671404,45.212653613590696,43.869703506256315,45.18632125854492,5113800
1999-03-30 00:00:00-05:00,45.13364283691549,45.50229569556008,44.68599293713278,44.87031936645508,4940600
1999-03-31 00:00:00-05:00,45.607615913359304,45.66028059686203,44.0803400917803,44.21200180053711,8256600
1999-04-01 00:00:00-05:00,45.5022969729981,45.5549616685687,44.396338366015506,45.133644104003906,8715800
1999-04-05 00:00:00-04:00,45.86436768050667,46.83208148114316,45.58129493610279,46.76625061035156,5697200
1999-04-06 00:00:00-04:00,46.71358958386612,47.37189834350346,46.31860432808371,46.85841751098633,7522400
1999-04-07 00:00:00-04:00,47.292885931427676,47.39821529875825,45.3706249776447,46.371253967285156,11923600
1999-04-08 00:00:00-04:00,46.29227539492325,46.9637503793206,45.34431071106817,46.739925384521484,7952400
1999-04-09 00:00:00-04:00,46.660918676839835,47.1349009207355,46.52925694242437,47.029571533203125,4946800
1999-04-12 00:00:00-04:00,45.923625718109236,47.02958459434811,45.87096100971691,46.71359634399414,10934000
1999-04-13 00:00:00-04:00,47.00324775695801,47.10857716369629,45.71296252441407,46.08161544799805,9962200
1999-04-14 00:00:00-04:00,46.66091550567446,46.713580195861454,44.244922843346224,44.50166320800781,21253800
1999-04-15 00:00:00-04:00,44.65967644882425,45.179740487659316,43.0797350650215,45.10732650756836,17650600
1999-04-16 00:00:00-04:00,45.00198321133153,45.00198321133153,43.55370405590541,43.79069519042969,17274000
1999-04-19 00:00:00-04:00,44.080365664124116,44.44901866250986,41.29571890846036,41.736785888671875,19460600
1999-04-20 00:00:00-04:00,41.5524322867467,43.02704331846902,41.15744718896394,42.684722900390625,17413600
1999-04-21 00:00:00-04:00,43.07971830104534,44.817653146931036,42.500406685750114,44.79132080078125,10940400
1999-04-22 00:00:00-04:00,45.21263511015746,46.13426715957825,44.91639623712934,46.00260543823242,13630600
1999-04-23 00:00:00-04:00,45.76561464212708,46.950570142067086,45.291632442151084,46.60824966430664,7064400
1999-04-26 00:00:00-04:00,46.92423857231093,48.03019705718021,46.77282758926335,47.68129348754883,5421000
1999-04-27 00:00:00-04:00,48.03020305708427,48.26719419058962,46.351515861421376,46.95057678222656,16482800
1999-04-28 00:00:00-04:00,46.55558721916739,46.71358129344058,45.14022363713671,45.34429931640625,7676800
1999-04-29 00:00:00-04:00,45.13364104867261,45.39696450869987,44.02768251655811,44.97564697265625,19148200
1999-04-30 00:00:00-04:00,45.607617389885334,45.84460847332008,43.65902403719971,45.265296936035156,15295200
1999-05-03 00:00:00-04:00,45.13362295139603,45.31794929950558,44.27123896559777,45.02829360961914,11109800
1999-05-04 00:00:00-04:00,45.10730351058769,45.81827677082463,44.054009791718165,44.31733322143555,15428400
1999-05-05 00:00:00-04:00,44.34366500308907,45.660282135009766,43.00071552852996,45.660282135009766,12642600
1999-05-06 00:00:00-04:00,45.2389785154789,45.63396377609134,43.58004042090662,44.00135803222656,15173400
1999-05-07 00:00:00-04:00,44.396332570303855,44.76498539117233,43.448368173784914,44.633323669433594,16430400
1999-05-10 00:00:00-04:00,44.922984310399706,45.3838003862684,44.396337366549766,45.08097839355469,10604200
1999-05-11 00:00:00-04:00,45.44962972385435,46.028941342582506,45.1863062607961,45.79195022583008,8800800
1999-05-12 00:00:00-04:00,46.002619519300865,46.89791949849733,44.659669550506166,46.739925384521484,12507400
1999-05-13 00:00:00-04:00,47.10857694430959,47.187573998995404,45.66029760840292,45.87095642089844,9864000
1999-05-14 00:00:00-04:00,44.975639856649885,45.50228669337881,44.65965175461253,45.00197219848633,12205400
1999-05-17 00:00:00-04:00,44.607005228272016,45.949955208580086,44.16593832297475,45.811710357666016,9906800
1999-05-18 00:00:00-04:00,45.76562578848824,46.028949297052606,45.08098466622086,45.60763168334961,9267800
1999-05-19 00:00:00-04:00,45.791947460391796,46.26592966527222,45.08097415307116,46.23959732055664,7985600
1999-05-20 00:00:00-04:00,46.338329040991965,46.338329040991965,44.89663362119125,44.96904754638672,5997200
1999-05-21 00:00:00-04:00,45.107335212382864,45.23899701977453,44.317364368032905,44.55435562133789,10958600
1999-05-24 00:00:00-04:00,44.63333480353786,44.712331856287484,43.132390801294996,43.42204666137695,9569800
1999-05-25 00:00:00-04:00,43.369385351581634,44.00136182300723,41.815776525993705,42.00010299682617,17771200
1999-05-26 00:00:00-04:00,42.55308751894156,43.343058203080325,41.236469712043615,43.171897888183594,26772000
1999-05-27 00:00:00-04:00,43.00072351625696,43.75777850774036,42.44774421812996,43.13238525390625,23334800
1999-05-28 00:00:00-04:00,43.3956958667652,44.080336699614655,42.842716732540644,43.843345642089844,12969800
1999-06-01 00:00:00-04:00,43.76436420037647,43.97502299315806,42.632073189175394,42.86906433105469,6960200
1999-06-02 00:00:00-04:00,42.842740037296515,43.81703713709982,41.769696609810445,43.59321212768555,11996600
1999-06-03 00:00:00-04:00,43.92237206066356,43.92237206066356,42.711083622539746,42.97440719604492,11147800
1999-06-04 00:00:00-04:00,43.290382530402916,44.44242281976126,43.290382530402916,44.291011810302734,12987200
1999-06-07 00:00:00-04:00,44.6004118000135,45.49571157932004,44.501665500825276,45.21263885498047,11491800
1999-06-08 00:00:00-04:00,45.31797712364789,45.528635936541086,43.84994852129846,44.08035659790039,8134800
1999-06-09 00:00:00-04:00,44.238326972575926,44.94271700026426,44.211994635092246,44.8176383972168,8384400
1999-06-10 00:00:00-04:00,44.343659580905225,44.60698297509112,43.7709311985509,44.304161071777344,9392400
1999-06-11 00:00:00-04:00,44.606998777418305,44.65308038772555,43.23771664257429,43.6327018737793,16567600
1999-06-14 00:00:00-04:00,43.790686604867766,43.790686604867766,42.71106053703879,42.80980682373047,14136800
1999-06-15 00:00:00-04:00,42.915153172232884,43.7051237782565,42.79007449294581,43.44838333129883,9147800
1999-06-16 00:00:00-04:00,44.52800200215367,45.6800422668457,44.47533730433918,45.6800422668457,15060200
1999-06-17 00:00:00-04:00,45.080984326561605,46.39760185946353,45.080984326561605,46.18694305419922,16278200
1999-06-18 00:00:00-04:00,45.765621899746606,46.52926000969635,45.68662485388974,46.39759826660156,5392800
1999-06-21 00:00:00-04:00,46.713581808836175,47.81295725444999,46.634584770828,47.786624908447266,10565200
1999-06-22 00:00:00-04:00,47.503548049926756,48.109191955219615,46.34492492675781,46.34492492675781,10862800
1999-06-23 00:00:00-04:00,46.35150602583685,47.18755790274088,46.05526717181573,47.075645446777344,9607000
1999-06-24 00:00:00-04:00,47.05591069799906,47.082243048697435,45.92361961796886,46.14086151123047,14988800
1999-06-25 00:00:00-04:00,46.450268371582034,46.81892129516602,45.66029782104493,46.08161544799805,8635600
1999-06-28 00:00:00-04:00,46.47658184923475,47.240219737975714,46.09476290486426,47.17438888549805,7666200
1999-06-29 00:00:00-04:00,47.13490091231426,48.00386835930106,46.89790979040877,47.819541931152344,9000400
1999-06-30 00:00:00-04:00,47.86562628808094,50.50544421429748,47.29948079767041,48.55685043334961,19467600
1999-07-01 00:00:00-04:00,48.71483753223866,49.162487390643015,47.87220250465399,48.8859977722168,6822600
1999-07-02 00:00:00-04:00,48.872834031125336,49.55747502509584,48.872834031125336,49.50481033325195,3302000
1999-07-06 00:00:00-04:00,49.76815462622959,50.2684694081864,48.925519203986546,49.1888427734375,8794800
1999-07-07 00:00:00-04:00,49.16247764925853,49.47846572199077,48.82015723713192,49.26780700683594,10520000
1999-07-08 00:00:00-04:00,49.26780843935938,50.13019257959937,49.030817377919384,49.926116943359375,11225000
1999-07-09 00:00:00-04:00,50.11044546779702,50.47909824580499,49.74179268978906,50.42643356323242,4206800
1999-07-12 00:00:00-04:00,50.610766313207435,50.87408975916585,49.87346066452387,50.163116455078125,7816200
1999-07-13 00:00:00-04:00,49.926116943359375,50.11044332447937,49.531131840959375,49.926116943359375,6230000
1999-07-14 00:00:00-04:00,50.42641475385194,50.874064388742525,49.715441804319816,50.77531814575195,6909400
1999-07-15 00:00:00-04:00,50.953088644719685,51.24274444580078,50.6700159300268,51.24274444580078,6539800
1999-07-16 00:00:00-04:00,51.269074541002574,52.0063801841192,51.24932528270481,51.71672439575195,4913800
1999-07-19 00:00:00-04:00,51.927403744356134,51.927403744356134,50.98602205882838,51.19009780883789,6833000
1999-07-20 00:00:00-04:00,50.564677581358495,50.637091518787855,49.083483406666964,49.215145111083984,14837400
1999-07-21 00:00:00-04:00,49.320486700445954,49.88004908292565,48.92550148928381,49.4521484375,10980400
1999-07-22 00:00:00-04:00,49.45215193487031,49.45215193487031,48.056537423396335,48.19478225708008,15148400
1999-07-23 00:00:00-04:00,48.55684098713527,48.76091664746623,47.76687068907992,48.26718521118164,12115000
1999-07-26 00:00:00-04:00,47.60888419268649,48.135531141720634,47.003240201297224,47.082237243652344,10720000
1999-07-27 00:00:00-04:00,48.03020095825195,48.767506674716344,47.62204957949488,48.03020095825195,13732800
1999-07-28 00:00:00-04:00,48.609506961142024,49.2414832163248,47.98411379195073,48.97157669067383,10161800
1999-07-29 00:00:00-04:00,48.05652361649734,48.45150874211238,47.45087975722093,47.924861907958984,13033800
1999-07-30 00:00:00-04:00,48.13554293012698,48.662190008137124,47.61547894059197,47.68789291381836,10947400
1999-08-02 00:00:00-04:00,47.7668682998201,48.71483261007011,47.37188317054926,47.556209564208984,9642400
1999-08-03 00:00:00-04:00,48.2079454161288,48.214528503035275,46.555590602603154,47.2468147277832,13005000
1999-08-04 00:00:00-04:00,47.24682706451524,47.60231385028699,46.35152701146047,46.39102554321289,13227600
1999-08-05 00:00:00-04:00,46.39759614584516,47.128318786621094,45.29163755440049,47.128318786621094,18695200
1999-08-06 00:00:00-04:00,46.79257824608782,47.661545653021356,46.29226367845942,46.62141799926758,12392200
1999-08-09 00:00:00-04:00,46.79257518630259,46.92423690601644,45.93019092217687,46.02235412597656,7983400
1999-08-10 00:00:00-04:00,45.89728754277042,46.23302501619,44.60700235080499,45.60763168334961,16767200
1999-08-11 00:00:00-04:00,46.42392153923841,47.18755949989519,45.72611443725893,47.10856246948242,13101400
1999-08-12 00:00:00-04:00,47.29289733230798,47.60888551047485,46.45026219052966,46.55559158325195,12715000
1999-08-13 00:00:00-04:00,47.529896805926064,48.63585562357088,47.45089974752287,48.58319091796875,14342600
1999-08-16 00:00:00-04:00,48.55684227321013,49.136153840461006,48.24085414561874,48.97157669067383,11470600
1999-08-17 00:00:00-04:00,49.39947149726782,49.45213617903463,48.319845521048215,49.215145111083984,11408400
1999-08-18 00:00:00-04:00,48.9781700481068,49.583814086336076,48.47785540783044,48.66218185424805,7035200
1999-08-19 00:00:00-04:00,48.214528406567275,48.556848925019146,47.77346158471583,48.08286666870117,10157800
1999-08-20 00:00:00-04:00,48.13551579807004,48.84648895263672,47.872192407489784,48.84648895263672,6920800
1999-08-23 00:00:00-04:00,49.29413865427239,50.40009689331055,49.18222621341733,50.40009689331055,9652000
1999-08-24 00:00:00-04:00,50.0314733310258,51.29542634149382,49.932727002082984,50.74244689941406,13891400
1999-08-25 00:00:00-04:00,51.05840652357272,52.03270308952022,50.505427391548466,51.822044372558594,11352000
1999-08-26 00:00:00-04:00,51.82206308384334,52.00638952773912,50.880681602518436,50.959678649902344,9753000
1999-08-27 00:00:00-04:00,51.34150623727691,51.348089325652,50.321127539138956,50.452789306640625,9635400
1999-08-30 00:00:00-04:00,50.66344599322455,50.82144010754853,49.61015189773132,49.74181365966797,10141600
1999-08-31 00:00:00-04:00,50.084137158618546,50.61078423704776,48.97817829391719,50.294795989990234,14590400
1999-09-01 00:00:00-04:00,50.61079017088892,51.08477259704709,50.294801886783475,50.6568717956543,10752000
1999-09-02 00:00:00-04:00,49.715476388787,50.74243803029267,49.61014698965822,50.4791145324707,14583200
1999-09-03 00:00:00-04:00,51.92740375014611,52.81612072609309,51.743077266246004,52.79637145996094,14195400
1999-09-07 00:00:00-04:00,52.691022228860184,53.21766912769937,52.48036346932451,52.55936050415039,9009000
1999-09-08 00:00:00-04:00,52.243396919835575,52.77004406620488,51.427093842963146,51.848411560058594,14303400
1999-09-09 00:00:00-04:00,51.87472380216443,52.71735890961075,51.61140033108745,52.585697174072266,12677600
1999-09-10 00:00:00-04:00,53.29668225581103,53.71141681387873,52.69103813926772,53.19135284423828,10251000
1999-09-13 00:00:00-04:00,53.13868257125248,53.24401197179015,52.26971501681674,52.55278778076172,7240800
1999-09-14 00:00:00-04:00,52.348702455080804,53.21108676363407,52.24337307388346,52.84243392944336,10022600
1999-09-15 00:00:00-04:00,53.50073102334651,53.50073102334651,51.76937969331819,51.822044372558594,16096000
1999-09-16 00:00:00-04:00,51.795719146728516,52.26970132499039,50.7226761598301,51.795719146728516,15371000
1999-09-17 00:00:00-04:00,52.26970102097416,53.454656459736796,52.19070399172332,53.349327087402344,14506400
1999-09-20 00:00:00-04:00,53.50732262580982,53.71798137630513,53.112337468631104,53.47440719604492,6187200
1999-09-21 00:00:00-04:00,53.007003112469626,53.112332477819784,52.039289568315,52.19070053100586,12265800
1999-09-22 00:00:00-04:00,52.26970824966774,53.02018013133802,51.63773192826117,52.743690490722656,12441800
1999-09-23 00:00:00-04:00,53.29668962160746,53.40201904773713,50.24871935298046,50.55812454223633,19766000
1999-09-24 00:00:00-04:00,50.242120464508496,50.82143212604895,49.39948532044965,50.623939514160156,23570800
1999-09-27 00:00:00-04:00,51.348072536720714,51.716725365189475,50.821425638908195,50.97941970825195,12608800
1999-09-28 00:00:00-04:00,50.72268767222034,51.40074566446417,49.63647826716955,51.2164192199707,20622000
1999-09-29 00:00:00-04:00,51.216395188979064,51.58504790499228,50.18943405151367,50.18943405151367,15557000
1999-09-30 00:00:00-04:00,50.66344552520403,51.24275727237373,50.03146907374619,50.71611022949219,17604200
1999-10-01 00:00:00-04:00,50.03144593496831,50.735836029052734,49.50479913565285,50.735836029052734,19607400
1999-10-04 00:00:00-04:00,51.00576911384079,52.05906326177762,50.71611322315817,51.87473678588867,12434200
1999-10-05 00:00:00-04:00,52.05907025837129,52.875373332731186,51.13743775506173,52.2433967590332,19526400
1999-10-06 00:00:00-04:00,52.55936976733806,53.369089517010224,51.76281619245731,53.29009246826172,19098200
1999-10-07 00:00:00-04:00,53.586345321179145,53.84308579630518,52.770042272060444,53.1650276184082,22013600
1999-10-08 00:00:00-04:00,52.954346314523605,53.87597839856554,52.2433729925484,53.72456741333008,22523200
1999-10-11 00:00:00-04:00,53.87597309258204,54.50794931654195,53.74431137925706,54.48161697387695,13016000
1999-10-12 00:00:00-04:00,54.29727767883965,54.731761229616005,53.08599020394798,53.24398422241211,20182800
1999-10-13 00:00:00-04:00,52.63835540872588,53.270331661757105,51.45339993429233,51.664058685302734,22570600
1999-10-14 00:00:00-04:00,51.84839229093438,52.34870689404649,51.00575716990345,51.986637115478516,22130400
1999-10-15 00:00:00-04:00,50.6634481346433,51.400754032652664,50.143384153011695,50.452789306640625,33703000
1999-10-18 00:00:00-04:00,50.50544071109288,50.68976713704577,48.379103725993424,49.81421661376953,24714800
1999-10-19 00:00:00-04:00,50.354039754275895,50.61078018445196,49.24149789017959,50.08413314819336,26657200
1999-10-20 00:00:00-04:00,50.84776253408315,52.02613507338933,50.34744793638891,51.61140060424805,22486400
1999-10-21 00:00:00-04:00,50.76876645681848,52.454036712646484,50.40011358835611,52.454036712646484,22454800
1999-10-22 00:00:00-04:00,52.76345260204598,53.29668275310845,52.03272980244185,52.21705627441406,16589400
1999-10-25 00:00:00-04:00,51.98007318665904,52.816125528947,51.769414328759716,52.2433967590332,13855400
1999-10-26 00:00:00-04:00,52.875337957366696,53.164993693188926,51.716715014077785,51.822044372558594,13542400
1999-10-27 00:00:00-04:00,51.69038875084797,51.927379835288946,50.93333389777264,51.7430534362793,15225200
1999-10-28 00:00:00-04:00,52.55936405990608,53.71798731573567,52.08538181888488,53.533660888671875,14103800
1999-10-29 00:00:00-04:00,54.77129047814431,55.82458452580093,54.5869640198044,55.40326690673828,19000000
1999-11-01 00:00:00-05:00,55.40324982899658,56.06155840586203,55.04118011172058,55.11359405517578,9681800
1999-11-02 00:00:00-05:00,55.4032437653648,56.08788461037406,54.935844726945014,55.14650344848633,12834800
1999-11-03 00:00:00-05:00,55.92991858921694,56.56189507045103,55.771924468908416,56.245906829833984,18752600
1999-11-04 00:00:00-05:00,57.02928347013615,57.141195950684725,56.272228454660485,56.877872467041016,20048600
1999-11-05 00:00:00-05:00,58.03648008631524,58.326135839922074,57.45716857910156,57.45716857910156,15134600
1999-11-08 00:00:00-05:00,57.667853311708356,58.819893760287,57.48352683993577,58.61581802368164,10890800
1999-11-09 00:00:00-05:00,59.089792735541046,59.19512213435663,57.72051055093849,58.2208251953125,14629800
1999-11-10 00:00:00-05:00,58.24715695381165,59.48477737733296,57.983833459445414,58.98446273803711,16561000
1999-11-11 00:00:00-05:00,59.61642512271279,60.11673964450234,59.089778257671156,60.037742614746094,18501400
1999-11-12 00:00:00-05:00,60.35376489812677,60.88041206128669,58.45783511075106,60.8277473449707,28646600
1999-11-15 00:00:00-05:00,60.88040408000231,61.091062917649374,60.40642169529641,60.70924377441406,10909400
1999-11-16 00:00:00-05:00,60.933054509300064,62.53932776991688,60.66973102395305,62.249671936035156,19126400
1999-11-17 00:00:00-05:00,62.249647765380445,62.51955423306028,61.091024879730384,61.407012939453125,21683600
1999-11-18 00:00:00-05:00,61.82837204827027,63.2898178100586,61.45971906331465,63.289817810058594,17738400
1999-11-19 00:00:00-05:00,63.01332172197165,63.961286444909796,62.776330541237115,63.85595703125,17939400
1999-11-22 00:00:00-05:00,63.987592141232895,65.30420926348049,62.88163375854492,62.88163375854492,18841800
1999-11-23 00:00:00-05:00,64.40891926086859,64.46158395364117,62.565655013828184,63.17129898071289,24047600
1999-11-24 00:00:00-05:00,63.355634804788,65.50830444123497,62.69732604746476,65.2515640258789,18617800
1999-11-26 00:00:00-05:00,66.06789406172614,66.38388239522183,65.19892614461295,65.46224975585938,8045200
1999-11-29 00:00:00-05:00,65.33053255607746,65.88351167082055,64.30357134298313,64.382568359375,20485200
1999-11-30 00:00:00-05:00,64.51425552368164,64.619584920455,61.933685302734375,61.933685302734375,23702400
1999-12-01 00:00:00-05:00,62.61834059583114,63.59263773714559,62.14435820275925,63.276649475097656,23205800
1999-12-02 00:00:00-05:00,63.51363415961859,65.40956353751766,63.47413563091236,65.28448486328125,17229200
1999-12-03 00:00:00-05:00,66.8315323743775,67.5688384841027,66.4892116805765,66.67353820800781,21444600
1999-12-06 00:00:00-05:00,66.93027106059274,67.83215432363014,66.30487755702666,67.2791748046875,16018400
1999-12-07 00:00:00-05:00,67.4898336690466,67.75315724949547,66.42995625773987,67.2791748046875,23397000
1999-12-08 00:00:00-05:00,67.29888142798858,67.82552825516642,66.3048355416904,66.46282958984375,19563000
1999-12-09 00:00:00-05:00,67.41081550670347,67.77946840400575,65.09356872366054,66.77883911132812,28445400
1999-12-10 00:00:00-05:00,67.331787109375,67.56877814730397,65.83084386915819,67.331787109375,20428400
1999-12-13 00:00:00-05:00,67.10139215483527,68.53650482919554,66.80515330003614,68.2468490600586,16209200
1999-12-14 00:00:00-05:00,68.04276166215158,68.4377467337198,66.5681507282969,67.01580047607422,27760200
1999-12-15 00:00:00-05:00,66.25218354800893,68.30610656738281,65.67287192715987,68.30610656738281,31797200
1999-12-16 00:00:00-05:00,69.20142345557633,70.14938816044723,68.88543522061936,69.99139404296875,27219600
1999-12-17 00:00:00-05:00,71.20268238697956,71.51867062242474,70.30079929831312,70.59703826904297,23892400
1999-12-20 00:00:00-05:00,71.12367625510394,71.83464969415904,70.51803221442738,71.51866149902344,15392000
1999-12-21 00:00:00-05:00,71.72927437388422,75.3631362915039,71.32112321647041,75.3631362915039,26003800
1999-12-22 00:00:00-05:00,75.15251490194841,75.25784428513263,73.67790353736918,75.12618255615234,22313600
1999-12-23 00:00:00-05:00,75.72523787709558,76.46912659135376,74.99451533477117,76.02147674560547,17543600
1999-12-27 00:00:00-05:00,76.10049959508385,76.12683194788491,74.07290842940168,75.5738525390625,19281800
1999-12-28 00:00:00-05:00,75.62652350341455,76.25850002294169,74.62589401416324,75.0998764038086,15346400
1999-12-29 00:00:00-05:00,75.83716067752323,77.9437484741211,75.73183128769334,77.9437484741211,16512600
1999-12-30 00:00:00-05:00,78.89171977642455,78.99704917532499,77.10111999511719,77.10111999511719,21887000
1999-12-31 00:00:00-05:00,78.04906706803474,78.52304925670703,76.99577331542969,76.99577331542969,14464400
2000-01-03 00:00:00-05:00,81.05098709770746,81.05098709770746,76.4691574177201,79.8396987915039,36345200
2000-01-04 00:00:00-05:00,77.52239869201487,78.78635084460207,74.09919494542454,74.36251831054688,33786600
2000-01-05 00:00:00-05:00,73.73057409774425,75.52117375440376,70.9920099169709,72.46662139892578,42496600
2000-01-06 00:00:00-05:00,73.20390175154466,74.1518659468884,67.20012851436762,67.48978424072266,37134800
2000-01-07 00:00:00-05:00,69.88602677981058,75.8371353149414,69.51737403869629,75.8371353149414,28138200
2000-01-10 00:00:00-05:00,76.67979579616238,79.15503645716487,75.78449598260828,77.9437484741211,29675600
2000-01-11 00:00:00-05:00,77.31175953691657,78.25972389091146,73.30924337560481,74.1518783569336,32546600
2000-01-12 00:00:00-05:00,74.99454362546523,75.19861936742357,72.4666376605619,72.51930236816406,29050000
2000-01-13 00:00:00-05:00,74.57321049938463,77.10111594004174,73.37508864990653,76.89045715332031,25165200
2000-01-14 00:00:00-05:00,78.3650422000502,78.89168898902903,77.52240733768407,78.6810302734375,21898600
2000-01-18 00:00:00-05:00,77.5750950738371,79.57635346678062,77.04844812832565,79.10237121582031,16752400
2000-01-19 00:00:00-05:00,78.77981873974204,80.89299011230469,77.88451871896783,80.89299011230469,19006000
2000-01-20 00:00:00-05:00,80.47164967152573,81.63027289978068,79.21428014540814,80.10299682617188,25958000
2000-01-21 00:00:00-05:00,81.31430414373224,81.36696884848855,80.10301593433728,81.10364532470703,18698200
2000-01-24 00:00:00-05:00,82.10426047976964,82.2622545666454,76.65346448255593,77.2064437866211,28340400
2000-01-25 00:00:00-05:00,77.41707940255442,79.30642479273581,75.33682454785993,78.36504364013672,33276200
2000-01-26 00:00:00-05:00,78.57573340920841,78.62839810988483,74.99453376321232,75.20519256591797,23095600
2000-01-27 00:00:00-05:00,77.3118098056917,77.94378645260471,73.83593824767013,76.3111801147461,30739200
2000-01-28 00:00:00-05:00,75.83716192910838,76.23214714748914,71.41332748324372,72.46662139892578,35313800
2000-01-31 00:00:00-05:00,72.36130549733232,75.83717606707317,70.36004668445122,75.5738525390625,36014600
2000-02-01 00:00:00-05:00,75.44218017402082,77.94375333860441,74.52054795549003,77.60143280029297,26417600
2000-02-02 00:00:00-05:00,77.73307301250473,79.81332801521066,77.60141130347272,78.25971984863281,26169200
2000-02-03 00:00:00-05:00,79.47103595239511,81.41962994195019,77.75943312373187,81.31430053710938,30579800
2000-02-04 00:00:00-05:00,81.73563253231546,82.78234367701891,81.07732363627555,81.86729431152344,26640000
2000-02-07 00:00:00-05:00,81.9462711508504,83.10489452187784,81.10363597192135,82.99956512451172,17761000
2000-02-08 00:00:00-05:00,83.73685430231687,86.68607684378212,83.73685430231687,86.47541809082031,21999400
2000-02-09 00:00:00-05:00,86.00145342855743,86.1133659138824,83.2102243828051,83.42088317871094,27258200
2000-02-10 00:00:00-05:00,84.10550858047597,86.15943145751953,83.04563171123233,86.15943145751953,26341600
2000-02-11 00:00:00-05:00,86.00142891684521,86.00142891684521,82.5782244590406,84.15816497802734,24876000
2000-02-14 00:00:00-05:00,84.25693979418666,84.26352288191181,82.36759361706879,84.05286407470703,22814600
2000-02-15 00:00:00-05:00,83.36824564362759,84.79019297930537,80.78767455295308,84.65853118896484,30572800
2000-02-16 00:00:00-05:00,84.18452223777771,85.68546617507936,83.6842075920105,84.26351928710938,25310600
2000-02-17 00:00:00-05:00,85.26412971804746,87.00206441890946,83.94751252042474,86.0541000366211,30080200
2000-02-18 00:00:00-05:00,86.47543418278771,86.79142237103174,82.9468994140625,82.9468994140625,25271200
2000-02-22 00:00:00-05:00,83.42087147386768,84.21084184767324,81.10362504403803,83.21021270751953,37226200
2000-02-23 00:00:00-05:00,83.99364195453177,88.47672606543671,83.55257494215199,87.8447494506836,32170800
2000-02-24 00:00:00-05:00,88.37135668651598,89.99737911660905,85.94878075828015,89.74063873291016,48868200
2000-02-25 00:00:00-05:00,89.47729038547826,90.58324865392737,87.52869724582982,87.68669128417969,32617600
2000-02-28 00:00:00-05:00,87.00207215089065,89.05599516171677,84.68482567713811,87.63404846191406,38216200
2000-02-29 00:00:00-05:00,89.10865887322527,90.24094975134248,88.42401787715438,89.9512939453125,23978600
2000-03-01 00:00:00-05:00,90.37261048426612,91.47856900417847,89.74063418717334,90.6885986328125,24468400
2000-03-02 00:00:00-05:00,91.05725773909636,91.16258712919362,88.2660289015185,88.5886001586914,32739200
2000-03-03 00:00:00-05:00,91.00455967307963,93.63779345991642,90.16192486129185,93.58512878417969,32017200
2000-03-06 00:00:00-05:00,94.16447752883886,95.40209789904452,92.90052481033095,94.32247161865234,23268400
2000-03-07 00:00:00-05:00,95.90238425845192,95.95504893953839,91.6365450904483,92.90049743652344,39471000
2000-03-08 00:00:00-05:00,93.5324672056048,94.37510204529494,89.55628405581699,93.74312591552734,43512600
2000-03-09 00:00:00-05:00,93.716794488741,97.3243249312691,91.92619543697523,96.90300750732422,30101400
2000-03-10 00:00:00-05:00,96.79768517340115,98.1143022187412,95.64564525872859,96.48169708251953,29750600
2000-03-13 00:00:00-05:00,92.68988912950182,96.16575997185814,92.29490380650678,93.95384216308594,37544200
2000-03-14 00:00:00-05:00,95.00712308339662,95.5337701071405,88.47669998897246,90.47795867919922,39106800
2000-03-15 00:00:00-05:00,89.74066458756549,90.16198226168552,85.84347610195526,86.68611145019531,51202600
2000-03-16 00:00:00-05:00,88.79269490735284,92.05790670109891,85.10616546280083,91.63658905029297,55282200
2000-03-17 00:00:00-05:00,91.00458538229695,93.58515522241996,90.9519206916822,93.37449645996094,31422400
2000-03-20 00:00:00-05:00,93.53246942786927,93.95378685772454,89.52995384424423,90.74124145507812,21167200
2000-03-21 00:00:00-05:00,89.42465194599741,94.32246857201494,87.26539945495743,94.16447448730469,33435100
2000-03-22 00:00:00-05:00,95.63908436423853,97.71933977854879,93.63782599097803,96.0604019165039,24370200
2000-03-23 00:00:00-05:00,96.46853268763114,99.22026236303921,95.69172861658294,97.74565124511719,19227400
2000-03-24 00:00:00-05:00,98.99645551147135,101.53752691906732,96.91620016224773,99.06228637695312,22063000
2000-03-27 00:00:00-05:00,99.43092699314126,100.69487945491848,98.69362139043788,99.22026824951172,11752600
2000-03-28 00:00:00-05:00,98.57516904697958,99.27297644106132,95.32312326701378,96.6924057006836,18336300
2000-03-29 00:00:00-05:00,97.21901297135786,97.27167765877464,92.68984985351562,92.68984985351562,27189500
2000-03-30 00:00:00-05:00,90.37264251708984,95.00713700514574,87.21275991159719,90.37264251708984,42328700
2000-03-31 00:00:00-05:00,91.12304471616876,93.21646533600271,87.63401034977883,92.26850128173828,31349900
2000-04-03 00:00:00-04:00,90.80711002384595,91.95256726207629,84.89549738056527,86.73876190185547,31551300
2000-04-04 00:00:00-04:00,87.31807269500415,87.58139619529065,74.41522118096553,85.89612579345703,66213000
2000-04-05 00:00:00-04:00,82.15692584434252,87.58138953791129,81.1036319232612,84.36884307861328,37631500
2000-04-06 00:00:00-04:00,86.26478015620533,87.52873297900688,84.05286271630263,86.37010955810547,30499900
2000-04-07 00:00:00-04:00,87.73941214450778,90.4779772294504,86.47545902838041,89.84600067138672,20645500
2000-04-10 00:00:00-04:00,90.68860660510117,90.74127130115524,83.63153733385637,84.36884307861328,26988200
2000-04-11 00:00:00-04:00,81.84092968991956,85.52745805433035,80.10299488955447,82.3675765991211,34497100
2000-04-12 00:00:00-04:00,82.26226102787516,83.21022562358691,76.04782645598702,77.5224380493164,34824400
2000-04-13 00:00:00-04:00,78.2070592045784,80.89295820756392,74.1518783569336,74.1518783569336,46330500
2000-04-14 00:00:00-04:00,72.51925366699788,74.57317588414597,65.72551094873882,67.72676849365234,60851300
2000-04-17 00:00:00-04:00,65.7387178931775,75.83717505802171,65.72555171695215,75.52118682861328,55398500
2000-04-18 00:00:00-04:00,75.40268388390541,78.36507324550463,73.62525026694588,77.5224380493164,36260900
2000-04-19 00:00:00-04:00,77.94373221554451,78.89169652627412,75.04717459942631,75.15250396728516,28082500
2000-04-20 00:00:00-04:00,76.15315531864549,76.65346996285513,72.51929106070182,73.5199203491211,21255600
2000-04-24 00:00:00-04:00,70.30736391523243,71.83463998530115,67.30547646716633,71.41332244873047,31190900
2000-04-25 00:00:00-04:00,72.88793173676328,76.25847193268297,72.46661421227331,76.23213958740234,28663200
2000-04-26 00:00:00-04:00,76.36383203989446,77.87794250275444,73.414608181802,73.6252670288086,25688300
2000-04-27 00:00:00-04:00,70.78135233839897,77.93058491275735,69.30674083134899,76.89045715332031,37010400
2000-04-28 00:00:00-04:00,78.83906932116183,79.8396987915039,77.62778101495827,79.8396987915039,24828400
2000-05-01 00:00:00-04:00,80.68234053468392,81.63030537125331,79.41838741925807,80.57701110839844,23205700
2000-05-02 00:00:00-04:00,79.94503050868951,80.5770070344499,75.62652424932683,75.94251251220703,20307900
2000-05-03 00:00:00-04:00,75.41586466357217,76.04784118309931,72.05848940358423,75.0998764038086,26589700
2000-05-04 00:00:00-04:00,74.99449675595369,76.46910764722244,73.83587391281395,75.25782012939453,17750700
2000-05-05 00:00:00-04:00,74.25723260343686,77.78576776969946,74.17823554747575,77.0484619140625,20571200
2000-05-08 00:00:00-04:00,76.25850298733664,76.46916183536796,73.94125565899216,74.04658508300781,13903000
2000-05-09 00:00:00-04:00,74.5732092302899,75.09985618813093,71.044674612755,72.46662139892578,19825800
2000-05-10 00:00:00-04:00,71.09732074797341,71.61080139781988,66.98947554920161,67.20013427734375,34847500
2000-05-11 00:00:00-04:00,69.72808015223268,71.83466867646932,68.1481387590552,71.30802154541016,24709700
2000-05-12 00:00:00-04:00,71.93999810268116,73.78326306138821,70.781374414351,71.30802154541016,17832000
2000-05-15 00:00:00-04:00,71.46600625266947,74.67855332813951,69.62274153723585,74.41522979736328,17950800
2000-05-16 00:00:00-04:00,75.83715618682253,77.10110878993623,74.20455074113399,76.52179718017578,23758800
2000-05-17 00:00:00-04:00,75.20517984311176,76.25847367844946,73.94122724070652,74.94185638427734,20339400
2000-05-18 00:00:00-04:00,74.99452258407548,75.29734456782438,71.93997040017354,72.2559585571289,19063000
2000-05-19 00:00:00-04:00,70.57070661339034,71.62400074194841,68.51678306270212,68.83277130126953,28178100
2000-05-22 00:00:00-04:00,68.78010559082031,69.30675264741159,63.68479531829974,68.78010559082031,43879800
2000-05-23 00:00:00-04:00,68.56941062525699,69.62270418324864,62.565637344704534,63.03961944580078,31898500
2000-05-24 00:00:00-04:00,63.19760736429466,67.30545184297382,60.88036176093719,66.98946380615234,49476000
2000-05-25 00:00:00-04:00,67.62148863862949,69.30675938351744,64.46160599196456,65.51490020751953,29632700
2000-05-26 00:00:00-04:00,65.51490020751953,66.77885326618551,63.82962946263157,65.51490020751953,18203200
2000-05-30 00:00:00-04:00,67.41081822954712,72.41396489502132,67.41081822954712,72.09797668457031,31590400
2000-05-31 00:00:00-04:00,71.1763354394669,73.0327659420501,69.72805632397645,70.0440444946289,29675400
2000-06-01 00:00:00-04:00,71.7820021175008,74.46790241683502,70.78137259421942,73.6252670288086,28993500
2000-06-02 00:00:00-04:00,78.04905820879662,79.15501652349617,69.5173797811144,78.89169311523438,31677200
2000-06-05 00:00:00-04:00,77.73310203037862,80.31367249073672,77.41711381074293,79.08921813964844,23784300
2000-06-06 00:00:00-04:00,78.52306275041136,80.0503389541417,76.57446897323817,76.89045715332031,23200500
2000-06-07 00:00:00-04:00,77.1537521698222,79.20767458253418,75.46848249785339,78.94435119628906,22524400
2000-06-08 00:00:00-04:00,79.73437595111754,79.94503480435696,77.2064697122446,78.57575225830078,19313800
2000-06-09 00:00:00-04:00,79.83965946451822,79.83965946451822,78.36504833984375,78.99702453613281,17014600
2000-06-12 00:00:00-04:00,79.47102679102875,79.47102679102875,75.83716274293002,76.4691390991211,16484700
2000-06-13 00:00:00-04:00,76.25848356292482,79.73435367007471,75.29735281359929,79.41836547851562,25187900
2000-06-14 00:00:00-04:00,79.94497703438375,79.94497703438375,77.10108457071001,77.62773132324219,20274500
2000-06-15 00:00:00-04:00,77.41708404541015,79.102353902181,76.57444911702474,78.99702453613281,18807800
2000-06-16 00:00:00-04:00,79.83968306726108,80.31366535459969,78.4177362052452,79.41836547851562,21203400
2000-06-19 00:00:00-04:00,79.22082863291915,82.78885997071558,78.1017044125771,82.57820129394531,20042500
2000-06-20 00:00:00-04:00,82.78886903965518,84.00015656377228,81.89356956530777,82.26222229003906,20988300
2000-06-21 00:00:00-04:00,81.57760926353946,84.0265174822319,81.47227987778925,83.31554412841797,20880600
2000-06-22 00:00:00-04:00,83.1048953439307,83.42088353915477,79.62902519646592,80.26100158691406,21526700
2000-06-23 00:00:00-04:00,80.05034316432932,80.47166075993105,76.99579059621675,77.10111999511719,24888100
2000-06-26 00:00:00-04:00,78.41773219818765,79.56318933405774,77.52243236785239,79.20770263671875,22169200
2000-06-27 00:00:00-04:00,79.01019159011533,80.1029837750811,77.83840237973035,78.25971984863281,14786000
2000-06-28 00:00:00-04:00,78.35190132831005,80.47165533836852,77.94374993506898,79.20770263671875,19259800
2000-06-29 00:00:00-04:00,78.31238137429735,78.68103414472107,76.36378815920051,77.21958923339844,21355800
2000-06-30 00:00:00-04:00,77.36439932118292,79.16816424749368,76.94308196613223,78.73368072509766,15153100
2000-07-03 00:00:00-04:00,78.78639000920172,80.26100158691406,78.57573121238568,80.26100158691406,5212000
2000-07-05 00:00:00-04:00,78.89170520769451,79.18136100118072,76.57445885980496,77.15377044677734,16489000
2000-07-06 00:00:00-04:00,77.15377949653788,79.83967898754364,75.88982679488811,79.20770263671875,23594700
2000-07-07 00:00:00-04:00,80.05034625025448,81.73561669762826,79.5763639369306,80.84031677246094,16603200
2000-07-10 00:00:00-04:00,79.78702790563277,80.78765729850869,79.2077161518625,79.6158676147461,12659400
2000-07-11 00:00:00-04:00,79.26036074287013,80.68230741400468,78.2070669124001,80.05033111572266,14374600
2000-07-12 00:00:00-04:00,80.41900497966071,82.36759907543507,79.73436381087512,81.94628143310547,18252600
2000-07-13 00:00:00-04:00,82.52558283636412,84.05285909817303,81.84094175348426,82.99956512451172,19566700
2000-07-14 00:00:00-04:00,84.4741729546778,85.21147870365877,83.26288493849476,84.7901611328125,17219400
2000-07-17 00:00:00-04:00,85.05348758556919,86.00145215308638,84.15818771624741,85.73812866210938,13140500
2000-07-18 00:00:00-04:00,84.57946084372362,84.9217812020575,82.88102521968247,83.84215545654297,20684000
2000-07-19 00:00:00-04:00,82.84158142305586,83.36822847596784,80.6033314481799,81.94628143310547,21828500
2000-07-20 00:00:00-04:00,82.472917977187,84.68483531757131,81.95943716602635,84.57950592041016,19521200
2000-07-21 00:00:00-04:00,82.94690675342206,83.85537287500715,81.7356185913086,81.7356185913086,14411400
2000-07-24 00:00:00-04:00,82.52557161732724,83.42087137322677,79.41835481744063,80.05033111572266,18579200
2000-07-25 00:00:00-04:00,80.576990242104,81.73561363120615,79.04971395646935,80.68231964111328,19065700
2000-07-26 00:00:00-04:00,80.47168168211294,80.99832881354038,78.57575200897416,80.57701110839844,20318700
2000-07-27 00:00:00-04:00,79.15507287784499,80.10303782248982,77.1538135502614,77.4171371459961,26141800
2000-07-28 00:00:00-04:00,77.68044135553373,78.259753121575,72.46663546116231,73.20394134521484,36485600
2000-07-31 00:00:00-04:00,73.83586099279418,75.94244761170415,72.22958869587534,75.3631362915039,27609900
2000-08-01 00:00:00-04:00,75.67913513615854,75.82396298697583,73.88853625332668,74.36251831054688,15751800
2000-08-02 00:00:00-04:00,74.04653491712597,76.16628813932677,72.88791203791062,73.04590606689453,23578200
2000-08-03 00:00:00-04:00,70.9919917403869,76.8904361579858,70.20202150588705,76.20579528808594,35874700
2000-08-04 00:00:00-04:00,77.52245382660801,78.1675965299884,75.0998771445265,75.94251251220703,22283400
2000-08-07 00:00:00-04:00,76.57445488906488,78.39138659035287,76.04780801912634,77.73307800292969,15103300
2000-08-08 00:00:00-04:00,77.57506919952029,79.41833289400991,77.10108710665152,79.31300354003906,14832300
2000-08-09 00:00:00-04:00,78.94437874225444,79.57635508975748,76.99578500412008,77.2064437866211,18649800
2000-08-10 00:00:00-04:00,77.36443118611058,77.71991785085275,75.41583761641277,75.67916107177734,15336200
2000-08-11 00:00:00-04:00,75.20520631139543,76.77198144288283,74.04658268474927,76.73248291015625,21050600
2000-08-14 00:00:00-04:00,76.99576196362895,78.36504364013672,76.00829921614739,78.36504364013672,12539300
2000-08-15 00:00:00-04:00,78.15438492067399,79.19451234802123,77.52240876228579,78.36504364013672,14090300
2000-08-16 00:00:00-04:00,78.73371936445307,79.78701326899424,77.5224313742307,79.15503692626953,15245300
2000-08-17 00:00:00-04:00,78.31240816340434,80.78764904012257,78.2597434638997,80.68231964111328,14492400
2000-08-18 00:00:00-04:00,80.84031327815819,81.41962496940232,79.78701929407795,80.26100158691406,14706700
2000-08-21 00:00:00-04:00,80.89297437418193,81.61711395598206,79.52369225586895,80.4716567993164,13560100
2000-08-22 00:00:00-04:00,80.89297437418193,82.03843153084759,80.27416418609819,80.4716567993164,14878200
2000-08-23 00:00:00-04:00,79.7870032463393,82.10424954524288,79.06286377793194,81.78826141357422,21396400
2000-08-24 00:00:00-04:00,82.10425870480535,83.15755259453985,80.94563542609738,83.0522232055664,13567700
2000-08-25 00:00:00-04:00,82.9864334821473,84.22405441619806,81.73564636794708,82.6046142578125,11764700
2000-08-28 00:00:00-04:00,82.78890632977945,84.13185614619763,82.52558283636412,82.99956512451172,12314200
2000-08-29 00:00:00-04:00,83.10489498485218,83.5657111008962,82.45975242239057,83.42088317871094,11162800
2000-08-30 00:00:00-04:00,82.84156189254202,83.84219105716903,82.38074582988483,83.31554412841797,10545300
2000-08-31 00:00:00-04:00,83.9474970218147,85.9487547927237,83.31552088363291,85.63276672363281,15588700
2000-09-01 00:00:00-04:00,86.79140622026301,87.22588989824673,85.26413026128995,86.47541809082031,14071900
2000-09-05 00:00:00-04:00,85.6327542539817,85.73808359500751,83.77632461840184,83.84215545654297,16348300
2000-09-06 00:00:00-04:00,83.63155488173166,83.82904753337303,80.47167245546976,80.89299011230469,20964900
2000-09-07 00:00:00-04:00,81.57759721598048,83.77634781879983,81.3669384755906,82.68355560302734,16669700
2000-09-08 00:00:00-04:00,82.38074581005883,82.57823840829295,79.85284055266212,80.1556625366211,23475200
2000-09-11 00:00:00-04:00,79.62901611328125,80.99829813639323,77.52242838541667,78.20706939697266,27262100
2000-09-12 00:00:00-04:00,78.78637269485829,79.78700175983309,76.54812347057253,76.99577331542969,24256000
2000-09-13 00:00:00-04:00,76.04778359153053,79.1023344560103,75.8371249112216,78.78634643554688,34093100
2000-09-14 00:00:00-04:00,80.26097211530131,80.84028359382384,78.06222173090904,78.36504364013672,28615300
2000-09-15 00:00:00-04:00,78.47039130678901,78.89170884400667,76.41646831285293,76.943115234375,24994600
2000-09-18 00:00:00-04:00,77.36442443359545,78.365053476644,74.15187855854485,75.73181915283203,29218500
2000-09-19 00:00:00-04:00,76.46911817585199,79.02335524990765,75.7318126287019,78.52304077148438,27568700
2000-09-20 00:00:00-04:00,78.68105816053746,80.2478329130649,76.94312314092718,79.7343521118164,33123200
2000-09-21 00:00:00-04:00,78.99706587832198,79.61587622770217,73.3092771350828,73.94125366210938,25031400
2000-09-22 00:00:00-04:00,73.83590177986233,78.57572429069513,73.7305723907327,78.3124008178711,33710100
2000-09-25 00:00:00-04:00,78.89170646074523,79.41835336635768,75.837154408193,76.23213958740234,20560800
2000-09-26 00:00:00-04:00,76.48226043279982,77.94370489966862,74.92865280135372,75.3631362915039,26011200
2000-09-27 00:00:00-04:00,76.36383652936638,76.83781896299693,74.15191850575715,75.46853637695312,28482900
2000-09-28 00:00:00-04:00,74.75752706430065,78.36505831044688,74.75752706430065,77.15377044677734,29050000
2000-09-29 00:00:00-04:00,77.52243102167694,77.9042500603367,74.73120218733666,74.78386688232422,27198800
2000-10-02 00:00:00-04:00,76.04780163064127,76.04780163064127,72.46660321590193,73.09857940673828,24968200
2000-10-03 00:00:00-04:00,74.20456231208074,74.83653871218362,70.16254658642269,70.78135681152344,35731200
2000-10-04 00:00:00-04:00,70.36004995081547,73.19077800834266,69.20142637378108,72.15065002441406,37672100
2000-10-05 00:00:00-04:00,71.83466575655875,73.46727179648055,71.25535393594134,72.36131286621094,23443100
2000-10-06 00:00:00-04:00,72.09798124037593,72.94061652149063,68.46411659056882,69.93872833251953,36335800
2000-10-09 00:00:00-04:00,69.5700617456941,70.6233556404056,66.8841623141798,69.62272644042969,28834600
2000-10-10 00:00:00-04:00,68.93809986647281,70.2020528052011,65.62022340231101,65.98887634277344,35283200
2000-10-11 00:00:00-04:00,64.77755284367396,67.79260560814578,64.09291204126114,64.935546875,48462600
2000-10-12 00:00:00-04:00,66.77879690211546,67.0421202337484,62.69728526180477,63.30292892456055,53223600
2000-10-13 00:00:00-04:00,62.93428966815655,68.78006887582633,62.88162499060998,68.46408081054688,42410200
2000-10-16 00:00:00-04:00,68.35877126600684,69.35940042937675,67.20014802421012,69.09607696533203,27644900
2000-10-17 00:00:00-04:00,70.04404141118351,70.08353993077628,65.72553660237371,65.93619537353516,52101400
2000-10-18 00:00:00-04:00,64.67223874116554,68.41143169769873,62.82897460766328,65.72553253173828,64354400
2000-10-19 00:00:00-04:00,69.42525742423614,71.71617242363251,68.62212055663166,71.67667388916016,44278900
2000-10-20 00:00:00-04:00,71.20268860526227,74.04658297263221,71.11052536187528,72.72996520996094,40692200
2000-10-23 00:00:00-04:00,72.62458801269531,73.73054620578205,70.8866537092733,72.62458801269531,28989200
2000-10-24 00:00:00-04:00,72.83523871681906,73.3092207475142,69.41203516179864,69.51736450195312,31466200
2000-10-25 00:00:00-04:00,68.46412609706529,69.09610264565359,64.79076240839584,65.62023162841797,48635400
2000-10-26 00:00:00-04:00,65.88351177161849,67.41078742419796,62.03899030133219,67.30545806884766,69991300
2000-10-27 00:00:00-04:00,68.1349125155184,68.97754718237697,65.29102051487067,67.17378234863281,51046400
2000-10-30 00:00:00-05:00,65.8835468598934,67.30549391442347,63.79012480739079,64.6854248046875,35496700
2000-10-31 00:00:00-05:00,65.72556296615032,69.57008708195879,65.62023353831995,68.845947265625,43863800
2000-11-01 00:00:00-05:00,67.67414437399971,69.78073252571954,66.72617970572578,68.25345611572266,45186400
2000-11-02 00:00:00-05:00,69.25407104375886,70.14937082151087,68.30610657319791,69.09607696533203,26594300
2000-11-03 00:00:00-05:00,69.83339992549027,70.72869992453502,68.79327198542357,69.99139404296875,29837100
2000-11-06 00:00:00-05:00,70.4653507258695,70.88666821899876,69.09606887319939,69.4647216796875,23485800
2000-11-07 00:00:00-05:00,68.62211187934585,69.49107952785637,67.6214824659095,69.20142364501953,24334400
2000-11-08 00:00:00-05:00,69.20139237631217,69.30672174065967,63.72426543024179,63.790096282958984,40338200
2000-11-09 00:00:00-05:00,62.98698034688129,64.83024482191544,61.51236876685397,63.77695083618164,64955900
2000-11-10 00:00:00-05:00,62.5656481486995,63.776935949558165,60.45906066894531,60.45906066894531,49235500
2000-11-13 00:00:00-05:00,59.7875820283502,62.512979403348766,57.523000634631586,60.55121994018555,75023400
2000-11-14 00:00:00-05:00,61.512374871642585,64.04028068828543,61.30171605358902,63.90861892700195,44829500
2000-11-15 00:00:00-05:00,63.67161457141883,65.77820231571722,63.026472074727444,65.19889068603516,37760900
2000-11-16 00:00:00-05:00,63.51360000427142,64.88288159640331,61.407012939453125,61.407012939453125,33898700
2000-11-17 00:00:00-05:00,61.67034896068168,63.35561895789928,59.82708490122492,61.36752700805664,49913800
2000-11-20 00:00:00-05:00,59.774463835297965,60.72242890052736,58.35251623745387,58.865997314453125,46862300
2000-11-21 00:00:00-05:00,59.14245276297292,59.932423191685835,57.66784129604217,58.773799896240234,42128600
2000-11-22 00:00:00-05:00,57.667832258271005,59.089778807105084,56.035226961461504,56.14055633544922,56623700
2000-11-24 00:00:00-05:00,57.615172629030596,59.51110152724367,57.44401238127525,59.35310745239258,19987900
2000-11-27 00:00:00-05:00,61.143723922277076,61.45971215960151,57.93117684281205,58.61581802368164,35416600
2000-11-28 00:00:00-05:00,58.08917574724283,58.931811116196485,55.03462253478582,55.15311813354492,48812700
2000-11-29 00:00:00-05:00,55.45591608556995,56.24588640017922,52.66468764061724,53.03334045410156,66189300
2000-11-30 00:00:00-05:00,52.03272149084342,54.13930940545247,50.9794275335389,53.07284927368164,74792600
2000-12-01 00:00:00-05:00,53.981306962668896,56.259054793044925,52.34870158135891,53.92864227294922,57112500
2000-12-04 00:00:00-05:00,54.033984000866226,55.07411186053202,52.03272533416748,54.77128982543945,49106300
2000-12-05 00:00:00-05:00,55.66658284788527,59.827093770291086,55.19260059090234,59.56377029418945,76531800
2000-12-06 00:00:00-05:00,59.48475961299504,60.9198722287136,57.088516529868635,57.29917526245117,63352100
2000-12-07 00:00:00-05:00,56.45654623849052,58.12865010329655,55.19259371076311,56.03522872924805,41481100
2000-12-08 00:00:00-05:00,59.90607707816012,61.93366737926708,56.98318716357736,57.29917526245117,65856900
2000-12-11 00:00:00-05:00,60.72242575252758,63.013341208065256,59.78762691722197,62.6710205078125,51829800
2000-12-12 00:00:00-05:00,61.9336703300892,62.24965844401823,60.09040633216988,60.380062103271484,31054500
2000-12-13 00:00:00-05:00,61.8810135550216,61.93367824740886,57.562508779266906,57.91799545288086,51661600
2000-12-14 00:00:00-05:00,57.73367764617015,58.72114077580818,54.98194705824551,55.087276458740234,41562700
2000-12-15 00:00:00-05:00,54.13929130419827,55.29791426985231,52.717344937259206,53.82330322265625,59026100
2000-12-18 00:00:00-05:00,54.90293903276324,55.58757999911904,52.71735440939665,53.92864227294922,42950000
2000-12-19 00:00:00-05:00,53.46781448380387,55.495404592276124,49.50479745360812,49.82078552246094,80489200
2000-12-20 00:00:00-05:00,48.293540528952185,49.18884062599928,46.13428735372096,46.9637565612793,81432100
2000-12-21 00:00:00-05:00,46.358100678476866,49.504816401895205,45.712958124303235,47.240234375,85875600
2000-12-22 00:00:00-05:00,48.556843978314355,51.190078467376956,48.45151459875186,50.97941970825195,57240000
2000-12-26 00:00:00-05:00,51.05841904156507,52.177543749799476,48.87283431724846,51.29541015625,37082800
2000-12-27 00:00:00-05:00,50.294795563983435,52.401383859857084,49.66281907522134,51.87473678588867,33955500
2000-12-28 00:00:00-05:00,51.21641841085129,52.65153142030702,50.76876848129629,51.7693977355957,30996900
2000-12-29 00:00:00-05:00,51.87474318183719,52.44088885615673,48.87285449009636,49.1888427734375,49191000
2001-01-02 00:00:00-05:00,49.3467966224715,49.45212596424839,44.185658875404044,45.02829360961914,62514100
2001-01-03 00:00:00-05:00,43.975010529175414,54.98192933228639,43.94867818754118,52.61201858520508,118175700
2001-01-04 00:00:00-05:00,51.927382124065744,53.612652132149016,50.755592821570346,51.664058685302734,58465400
2001-01-05 00:00:00-05:00,51.66407476513591,51.66407476513591,47.18757491290701,47.7142219543457,68782000
2001-01-08 00:00:00-05:00,47.45087831405573,48.45150726851418,45.094133802897026,48.240848541259766,55576500
2001-01-09 00:00:00-05:00,48.66216599576858,49.82078899566783,47.71420172312374,48.240848541259766,53318900
2001-01-10 00:00:00-05:00,47.29290445076219,50.87410434235665,46.976916225033264,50.71611022949219,74258300
2001-01-11 00:00:00-05:00,49.93928534664612,53.66531164590814,49.87345449330227,52.19070053100586,65451700
2001-01-12 00:00:00-05:00,52.87535642098965,54.45529734990368,51.822062468380295,52.86219024658203,60793900
2001-01-16 00:00:00-05:00,52.7173462106384,53.02016812943078,51.0320764017069,52.23019790649414,32203300
2001-01-17 00:00:00-05:00,54.34995002522627,55.28474809978806,53.204493229636476,53.82330322265625,61388800
2001-01-18 00:00:00-05:00,54.03398624473894,56.245903810313045,52.8226980540674,56.08790969848633,54934700
2001-01-19 00:00:00-05:00,57.417677576422804,57.56250547216705,55.24525914025914,55.877235412597656,56292500
2001-01-22 00:00:00-05:00,55.50858738642403,56.456551876894274,54.56062289595379,55.92990493774414,35777100
2001-01-23 00:00:00-05:00,55.53491390545796,57.6415014409898,55.034599365769154,57.101688385009766,49859500
2001-01-24 00:00:00-05:00,57.351860174253666,58.24716010351199,56.245901438111034,56.5618896484375,53905400
2001-01-25 00:00:00-05:00,56.351238332053484,57.022713368253186,54.25781616037206,54.349979400634766,57151900
2001-01-26 00:00:00-05:00,53.55998989828153,55.56124812456933,53.086007686792314,55.232093811035156,45681400
2001-01-29 00:00:00-05:00,54.560632719922424,56.66722085582676,54.139315092741555,56.45656204223633,31514100
2001-01-30 00:00:00-05:00,56.58296223891828,57.08011398499976,55.613930348599894,56.245906829833984,42439300
2001-01-31 00:00:00-05:00,56.66720937110299,57.29075753289328,54.18143844604492,54.18143844604492,59322200
2001-02-01 00:00:00-05:00,54.39210237758076,55.28529359371111,53.59159511494664,54.897682189941406,45142600
2001-02-02 00:00:00-05:00,54.720736877617156,55.024086091264074,50.558116557193216,51.864200592041016,47471000
2001-02-05 00:00:00-05:00,51.560826406343296,52.15909960545596,50.659207354899316,51.822044372558594,36016300
2001-02-06 00:00:00-05:00,51.813631507590706,53.18712434775368,51.53556039351745,51.90631866455078,42417700
2001-02-07 00:00:00-05:00,50.98785670045137,51.56927707032872,49.361573652714554,51.06369400024414,61972200
2001-02-08 00:00:00-05:00,51.31647752685937,51.82205728781063,49.36156440339785,49.538516998291016,48269500
2001-02-09 00:00:00-05:00,49.083493676868905,49.378414670713305,47.18756473656067,47.524620056152344,55385200
2001-02-12 00:00:00-05:00,47.39822559442578,48.82227779287951,46.86736456773681,48.09761428833008,50540400
2001-02-13 00:00:00-05:00,48.5779172092791,49.86714794759257,46.32807970924405,46.55559158325195,58914000
2001-02-14 00:00:00-05:00,46.68199177816599,48.662183229900485,45.603416526846665,48.409393310546875,63048200
2001-02-15 00:00:00-05:00,49.54694439216795,50.97099980158039,49.12562683234612,49.20989227294922,67801300
2001-02-16 00:00:00-05:00,47.15387250240767,47.92067052749891,45.948903718064486,46.45448684692383,66779700
2001-02-20 00:00:00-05:00,46.96847208504402,47.05273429169763,44.069805888840975,44.65122604370117,55298400
2001-02-21 00:00:00-05:00,43.43784874265033,45.56129006827216,42.90698760764524,43.39571762084961,72349000
2001-02-22 00:00:00-05:00,43.3535937847722,43.95186417232018,41.19644591343411,42.97440719604492,103855500
2001-02-23 00:00:00-05:00,42.207591920939514,43.479969496551966,40.640290134250236,43.12606430053711,93337900
2001-02-26 00:00:00-05:00,43.88445906956887,44.32262670775343,42.34243453752923,43.943443298339844,78342700
2001-02-27 00:00:00-05:00,43.4293935744137,43.8844170876926,41.20483846202307,41.289100646972656,66741700
2001-02-28 00:00:00-05:00,41.66830623718728,42.3087074973047,39.48588120488524,39.983036041259766,102187900
2001-03-01 00:00:00-05:00,39.57857339611247,41.45764936506933,38.55055750081668,41.1205940246582,101773000
2001-03-02 00:00:00-05:00,39.77238035636889,41.8199840606347,38.46629649594536,39.3510627746582,95927100
2001-03-05 00:00:00-05:00,40.02517920854376,40.74984612536015,39.6796988428986,40.06731033325195,43888400
2001-03-06 00:00:00-05:00,41.54191710267447,42.68790155478659,41.373389410117085,41.626182556152344,60828600
2001-03-07 00:00:00-05:00,42.46879409689885,42.4940721116319,41.263826107208814,41.643009185791016,55215500
2001-03-08 00:00:00-05:00,41.58404796662291,41.97166262144197,40.5307539126112,40.8678092956543,48965200
2001-03-09 00:00:00-05:00,39.81450471440773,39.91562001682572,37.87644481034252,38.002838134765625,79990900
2001-03-12 00:00:00-05:00,37.075943409370865,37.87644737586182,35.22214559602278,35.643463134765625,80674000
2001-03-13 00:00:00-05:00,36.047929216243034,37.6994964857377,35.50021831974962,37.45513153076172,80024400
2001-03-14 00:00:00-05:00,35.98052151690303,38.0786812385338,35.65189432298964,36.86528778076172,97190000
2001-03-15 00:00:00-05:00,38.08711127452651,38.17980165983643,35.432809137225476,35.51707458496094,74135500
2001-03-16 00:00:00-05:00,35.28958340457145,36.06480669222716,34.17730455699586,34.716590881347656,77784500
2001-03-19 00:00:00-05:00,34.91880427993318,36.45240020751953,34.33738710334224,36.45240020751953,53248200
2001-03-20 00:00:00-05:00,36.60407909989016,36.915856499319865,33.87394231724358,34.000335693359375,104796200
2001-03-21 00:00:00-05:00,34.14358537690253,35.222157615538336,33.461049574041475,34.000335693359375,96200700
2001-03-22 00:00:00-05:00,34.21099058635057,36.064788818359375,33.27566813920286,36.064788818359375,130208100
2001-03-23 00:00:00-05:00,36.69676526919884,36.932705329969856,34.969363613117316,36.064788818359375,95277500
2001-03-26 00:00:00-05:00,36.62933783516079,36.65461585196895,35.011477257104765,35.23056411743164,57666200
2001-03-27 00:00:00-05:00,35.22214813331261,36.84000927011746,34.90194588077034,36.4439697265625,69945300
2001-03-28 00:00:00-05:00,35.30641972998368,35.55920967262348,33.43576836853182,33.45262145996094,77863500
2001-03-29 00:00:00-05:00,33.18295851752102,34.2193989106028,32.35717681931921,32.82062530517578,79654700
2001-03-30 00:00:00-05:00,33.11554045266283,33.68853226057707,32.02011607202538,32.9891471862793,63661300
2001-04-02 00:00:00-04:00,33.006010327937105,33.579002366354565,31.43028382948775,31.514549255371094,69713600
2001-04-03 00:00:00-04:00,31.34603649993362,31.809485311929645,29.172035695968436,29.20574188232422,89015700
2001-04-04 00:00:00-04:00,29.247863819784293,30.17476436698721,28.31253833583857,28.69172477722168,76473900
2001-04-05 00:00:00-04:00,30.33486926610687,31.986433599139293,30.090504270007614,31.438722610473633,87035800
2001-04-06 00:00:00-04:00,31.093232304563234,31.26175673043722,29.913542037061028,30.292728424072266,86123600
2001-04-09 00:00:00-04:00,31.000555049553828,31.5061349697432,30.208475769685407,31.21963882446289,51638700
2001-04-10 00:00:00-04:00,31.93587553339889,34.09301959950745,31.834756994501394,33.53688049316406,94265100
2001-04-11 00:00:00-04:00,35.52549505262407,35.811991110080626,34.08458982882688,34.548038482666016,92829500
2001-04-12 00:00:00-04:00,33.958200648894476,36.064788818359375,33.705410711438375,36.064788818359375,79531500
2001-04-16 00:00:00-04:00,35.340129404976636,35.75302218734894,33.7559770827951,33.91607666015625,65229800
2001-04-17 00:00:00-04:00,33.6632577562493,35.98050323964774,33.62112666306678,34.75868225097656,94694300
2001-04-18 00:00:00-04:00,36.840020816460246,40.44649930962772,36.40185002154474,38.382041931152344,128891400
2001-04-19 00:00:00-04:00,38.845488971953685,41.078473971009096,38.40732141160055,40.69928741455078,110467600
2001-04-20 00:00:00-04:00,40.59814668162192,41.65986516132702,36.275429070143495,40.78352737426758,80598100
2001-04-23 00:00:00-04:00,39.595431902273496,40.21055525045067,37.825895944592745,38.04498291015625,79317600
2001-04-24 00:00:00-04:00,38.00283892431971,39.11511691721899,36.86528290889013,37.328731536865234,88888300
2001-04-25 00:00:00-04:00,36.99167868179074,38.40730577323259,36.31756809394413,38.002838134765625,68418400
2001-04-26 00:00:00-04:00,38.67693265306312,38.97185350191373,36.966382086541074,37.03379440307617,71110200
2001-04-27 00:00:00-04:00,38.04498291015625,38.314625933620256,37.278184959480775,38.04498291015625,55580000
2001-04-30 00:00:00-04:00,38.9718736139176,40.084151695584616,38.17136962113054,38.887611389160156,73859100
2001-05-01 00:00:00-04:00,38.929765261367734,40.513921085268855,38.25565742600546,40.48863983154297,54498300
2001-05-02 00:00:00-04:00,41.120591814347044,41.62617479778768,40.02516683848901,41.27226638793945,77566500
2001-05-03 00:00:00-04:00,40.36223405418886,40.36223405418886,38.9297533339327,39.435333251953125,67124900
2001-05-04 00:00:00-04:00,38.17135925156271,40.6150016784668,38.011259782256786,40.6150016784668,72673400
2001-05-07 00:00:00-04:00,40.44648056601701,40.95206028733323,39.6881077696452,39.77237319946289,45561600
2001-05-08 00:00:00-04:00,40.69926388033371,40.74139498126717,39.59541424965109,40.6150016784668,56970700
2001-05-09 00:00:00-04:00,39.64596104723409,40.404333544918224,39.13195337818108,39.22464370727539,60984600
2001-05-10 00:00:00-04:00,40.37905710449651,40.488600525899905,38.52526316048175,38.5673942565918,61130300
2001-05-11 00:00:00-04:00,38.62640696927043,39.115133831107634,37.994430417557496,38.382041931152344,48760400
2001-05-14 00:00:00-04:00,38.171367364423716,38.2219266249278,36.52822836361392,37.766902923583984,43108000
2001-05-15 00:00:00-04:00,37.83432409717509,39.014011521230536,37.564681073711085,38.04498291015625,69007600
2001-05-16 00:00:00-04:00,37.33715285510745,40.042010060414476,37.1264941341758,39.7302360534668,80110500
2001-05-17 00:00:00-04:00,39.98304945873885,41.11218099749923,39.82294667918398,40.36223602294922,73810700
2001-05-18 00:00:00-04:00,40.14315008889317,40.76670170151515,39.67970126007359,40.48020553588867,41095100
2001-05-21 00:00:00-04:00,40.58973505167834,43.10079071513956,40.15156758702947,43.01652526855469,85426900
2001-05-22 00:00:00-04:00,43.23559782528105,43.77488364634261,42.283419489370885,42.89011764526367,77233900
2001-05-23 00:00:00-04:00,42.50253987805822,42.510968034393976,40.98579639200409,40.994224548339844,65618000
2001-05-24 00:00:00-04:00,41.26384956418424,42.12333791205803,40.67400424140046,42.04750061035156,61792500
2001-05-25 00:00:00-04:00,42.098039097152174,42.148598348652904,40.46332853806013,41.28068542480469,36191100
2001-05-29 00:00:00-04:00,40.86781995091679,40.86781995091679,38.84549355418391,38.86234664916992,66609600
2001-05-30 00:00:00-04:00,38.28091720888336,38.63482244826867,37.14336098011836,37.43828201293945,81397400
2001-05-31 00:00:00-04:00,37.53096723392964,38.63481713149374,37.32873340039855,37.69106674194336,68018300
2001-06-01 00:00:00-04:00,38.37360602326242,38.955023127470135,37.35401824938009,38.803348541259766,61874300
2001-06-04 00:00:00-04:00,39.039298646471785,39.31736665001513,38.16295708097974,38.61798095703125,41696000
2001-06-05 00:00:00-04:00,39.014007388314006,40.74983698057849,38.929745157807154,40.320091247558594,68146400
2001-06-06 00:00:00-04:00,40.5138913266002,41.19642360226419,39.66282819788697,40.00830841064453,61169500
2001-06-07 00:00:00-04:00,39.713390597669964,41.702009819515006,39.66283133775273,41.03632736206055,65400200
2001-06-08 00:00:00-04:00,41.053173891679656,41.09530499434937,39.56170971351279,39.89876174926758,56391400
2001-06-11 00:00:00-04:00,39.519590357119405,39.603852587503816,38.33147490807021,38.803348541259766,48809400
2001-06-12 00:00:00-04:00,37.80904229891701,39.435328568414995,37.269756259903886,38.59269332885742,78450500
2001-06-13 00:00:00-04:00,38.98871198219341,39.39317629424632,37.51410110486868,37.53937911987305,68535400
2001-06-14 00:00:00-04:00,37.09280610685278,37.41300841928845,35.39068242360854,35.601341247558594,91050300
2001-06-15 00:00:00-04:00,35.222166742818395,36.29231431945154,34.78399585372768,35.89627456665039,84589400
2001-06-18 00:00:00-04:00,35.929950939293136,36.37654639920407,34.8850854832002,35.41594314575195,63539100
2001-06-19 00:00:00-04:00,36.50295892266814,36.70519279783346,34.767129143360314,35.23900604248047,73386900
2001-06-20 00:00:00-04:00,34.800830331427264,36.20803267427236,34.78397724304852,36.03950500488281,83588600
2001-06-21 00:00:00-04:00,35.95522163932705,37.269732948004695,35.64344769573422,36.52821350097656,67212600
2001-06-22 00:00:00-04:00,36.75574382766005,37.24447375071919,35.88783066393538,36.4439697265625,51870400
2001-06-25 00:00:00-04:00,36.74730651020516,36.90740597533876,35.938377821535084,36.53664779663086,39212100
2001-06-26 00:00:00-04:00,35.845705207367445,36.98326153769835,35.79514593391332,36.66305923461914,55155100
2001-06-27 00:00:00-04:00,36.80632308942569,37.20236284814277,36.23333062700938,36.89901351928711,53289400
2001-06-28 00:00:00-04:00,37.41299155608714,39.06455521998867,37.37085723876953,37.37085723876953,89963700
2001-06-29 00:00:00-04:00,37.99441495110359,39.199383343012876,37.66578779229154,38.5084228515625,59719600
2001-07-02 00:00:00-04:00,38.46629147804245,39.16567690096083,38.07867691049017,38.29776382446289,50884300
2001-07-03 00:00:00-04:00,38.129247047788695,38.500005419909684,37.750060522665784,38.4578742980957,24758400
2001-07-05 00:00:00-04:00,37.80905146860548,38.070269613404,36.612510681152344,36.612510681152344,44409800
2001-07-06 00:00:00-04:00,36.241733736143566,36.32599917361849,34.96093123050234,35.09575271606445,53434800
2001-07-09 00:00:00-04:00,35.29799354689972,35.97210116969109,34.96936628168885,35.39910888671875,45547500
2001-07-10 00:00:00-04:00,36.031082332680754,36.132200878330174,34.04246581755191,34.12672805786133,58620000
2001-07-11 00:00:00-04:00,34.059308590488115,34.63230070540122,33.59585993664897,34.548038482666016,77840200
2001-07-12 00:00:00-04:00,35.92151903497992,36.93268134246016,35.643448034304406,36.73887252807617,70363300
2001-07-13 00:00:00-04:00,36.553501066321864,37.438267024977876,36.14903671991903,36.35969543457031,62474200
2001-07-16 00:00:00-04:00,36.545088590877974,36.95798126300767,35.306417003285425,35.68560028076172,53390800
2001-07-17 00:00:00-04:00,35.23900704759707,36.570372328946966,35.0030701985066,36.486106872558594,59813000
2001-07-18 00:00:00-04:00,35.618185570817936,36.10691225058145,34.66600702093674,35.09575271606445,64797200
2001-07-19 00:00:00-04:00,35.77829137316652,36.52823621940715,35.18002112665976,35.92996597290039,76590200
2001-07-20 00:00:00-04:00,34.96093123050234,35.508642109299416,34.85138776898381,35.09575271606445,49012800
2001-07-23 00:00:00-04:00,35.592905976077816,35.727727455690335,34.168850682373154,34.21940994262695,55329400
2001-07-24 00:00:00-04:00,34.02561573894691,34.46378649902433,33.12399618734102,33.831809997558594,70422900
2001-07-25 00:00:00-04:00,33.823378849709925,34.31210884382017,33.19983055686397,34.12672805786133,68859600
2001-07-26 00:00:00-04:00,34.08460921594362,35.298003271249556,33.68856947214812,34.632320404052734,69199300
2001-07-27 00:00:00-04:00,35.08732702159926,35.609759912928524,34.8008309429223,35.34854507446289,47452900
2001-07-30 00:00:00-04:00,35.50021170733368,35.64345810739098,34.88508857325763,35.13787841796875,39459400
2001-07-31 00:00:00-04:00,35.25585840672054,36.04793437146486,34.96936229787288,35.188446044921875,55732500
2001-08-01 00:00:00-04:00,35.92154853338814,36.65464044220043,35.736167714038295,36.31758499145508,53864800
2001-08-02 00:00:00-04:00,36.89899530464945,37.07594792099867,36.08163815142004,37.0001106262207,53187300
2001-08-03 00:00:00-04:00,36.67990020978243,36.67990020978243,35.86254645251643,36.384979248046875,51513700
2001-08-06 00:00:00-04:00,35.8372706702883,36.10691365187728,35.68559609134476,35.81199264526367,31105700
2001-08-07 00:00:00-04:00,35.474946627561344,36.08164510266754,35.340125101359824,35.62662124633789,38407500
2001-08-08 00:00:00-04:00,35.26428437403067,35.93839515409976,33.95820036284406,34.12672805786133,76045200
2001-08-09 00:00:00-04:00,34.050878635330825,34.446918095490446,33.688545345056546,34.269962310791016,66861400
2001-08-10 00:00:00-04:00,34.05932128579836,34.33739251038909,33.05658631813872,33.94135284423828,68491900
2001-08-13 00:00:00-04:00,34.20257768063175,34.83455435380351,33.873950324886366,34.632320404052734,48425700
2001-08-14 00:00:00-04:00,34.96093120454733,35.13788380151666,34.16042722831753,34.21098327636719,51267600
2001-08-15 00:00:00-04:00,34.227854588303074,34.48907276176911,32.921770149771866,32.94704818725586,58935300
2001-08-16 00:00:00-04:00,32.559403482662205,33.359907070601416,32.05382396101439,33.33462905883789,68227300
2001-08-17 00:00:00-04:00,32.390884057702436,32.694233132811334,31.77576097290806,31.81789207458496,56649300
2001-08-20 00:00:00-04:00,31.893743392797564,32.56785417416692,31.615675427721374,32.25607681274414,49921300
2001-08-21 00:00:00-04:00,32.26450281984099,32.56785200840479,30.882581595848748,30.916284561157227,56445600
2001-08-22 00:00:00-04:00,31.556691909570773,31.88531915478663,30.78989393260095,31.758922576904297,65221400
2001-08-23 00:00:00-04:00,31.742062646321752,32.4077451461949,31.430288559625872,31.447141647338867,54711800
2001-08-24 00:00:00-04:00,31.90216524341791,33.19139591147054,31.80947486857009,33.11555862426758,58450600
2001-08-27 00:00:00-04:00,33.09870394414893,33.621139992810264,32.719520740775486,33.15768814086914,50927500
2001-08-28 00:00:00-04:00,33.132409013443436,33.23352431667946,32.02855597059197,32.121246337890625,65275500
2001-08-29 00:00:00-04:00,32.33190440102662,32.39931674466934,31.28703878974409,31.649372100830078,59060500
2001-08-30 00:00:00-04:00,31.008983945194014,31.438729825146602,30.12421736477282,30.47812271118164,76105800
2001-08-31 00:00:00-04:00,30.36013594745132,31.2027708898898,30.284298674055968,30.865718841552734,54309000
2001-09-04 00:00:00-04:00,30.7646134163295,31.59882377841503,29.787156596026474,29.888275146484375,74073600
2001-09-05 00:00:00-04:00,29.90512714817593,30.2590324186829,28.77599575774182,29.770305633544922,95461200
2001-09-06 00:00:00-04:00,29.273148010556373,29.930402432295892,28.464215782571383,28.56533432006836,88701800
2001-09-07 00:00:00-04:00,28.32939816404319,29.576498034556604,28.101886245082156,28.39681053161621,95528800
2001-09-10 00:00:00-04:00,28.219851479945625,28.919236955501333,28.093454926648654,28.733856201171875,80371300
2001-09-17 00:00:00-04:00,26.33234946954313,27.638433360352842,26.197527968834994,26.290218353271484,97700900
2001-09-18 00:00:00-04:00,26.568285528222596,27.385641004218428,25.590828931724868,25.70037078857422,66285300
2001-09-19 00:00:00-04:00,25.818348052680353,26.121697309938305,23.812876514762536,25.253782272338867,116632800
2001-09-20 00:00:00-04:00,24.68920612721412,25.35488858291439,24.26788860554017,24.411136627197266,90840200
2001-09-21 00:00:00-04:00,23.096627420642175,24.41113769579177,22.91967482524846,23.753883361816406,112341900
2001-09-24 00:00:00-04:00,24.503827041937644,25.279051347550478,24.09093606279151,24.950424194335938,85696500
2001-09-25 00:00:00-04:00,25.034692943683083,25.641391362896435,24.39429155682333,25.026268005371094,83860600
2001-09-26 00:00:00-04:00,25.236921576792486,25.279052688393588,23.939262767332817,24.158348083496094,59759800
2001-09-27 00:00:00-04:00,23.930836403219303,24.259465183530647,23.105054394927112,23.998247146606445,70050700
2001-09-28 00:00:00-04:00,24.30159490109792,25.21164068820816,23.854997747283168,24.41956329345703,84810800
2001-10-01 00:00:00-04:00,24.310023093443437,24.419564949893264,23.46738798869461,24.208906173706055,53460800
2001-10-02 00:00:00-04:00,24.141490537581937,24.78189328028369,23.93083180408262,24.284738540649414,74133400
2001-10-03 00:00:00-04:00,23.947699030283523,26.635706507094813,23.8718617128638,26.1216983795166,136198600
2001-10-04 00:00:00-04:00,26.669398057521057,27.9754833026425,26.07112796486707,26.374475479125977,127371500
2001-10-05 00:00:00-04:00,26.121685959253725,26.88005716566327,25.498136229219263,26.762088775634766,96443400
2001-10-08 00:00:00-04:00,26.23123430643644,27.259248720347053,26.087986251389957,26.846359252929688,67789600
2001-10-09 00:00:00-04:00,26.846366155673003,26.98118770012337,26.0121572466865,26.19753646850586,57564800
2001-10-10 00:00:00-04:00,26.012150198110948,27.419351093298665,25.911033263573277,27.385644912719727,73840600
2001-10-11 00:00:00-04:00,27.96706001659792,29.702889616625132,27.92492890115608,29.23944091796875,117232200
2001-10-12 00:00:00-04:00,28.92765960470216,29.32369584853748,27.924921949074516,29.113037109375,111901600
2001-10-15 00:00:00-04:00,28.750700979838275,29.113034232545246,28.363089709536805,28.98664093017578,78322000
2001-10-16 00:00:00-04:00,29.205738578403142,29.576496943177876,28.70858363629236,29.458528518676758,81346800
2001-10-17 00:00:00-04:00,30.225330718823503,30.33487422020595,27.217122615804996,27.34351921081543,141530300
2001-10-18 00:00:00-04:00,27.55417045698609,28.26198412207117,27.30138055111243,28.085031509399414,94448200
2001-10-19 00:00:00-04:00,27.688999006730874,28.438943978071002,26.96433206809695,28.270416259765625,73434200
2001-10-22 00:00:00-04:00,28.177716728187846,29.070911095852324,27.992339191048295,29.028779983520508,74104900
2001-10-23 00:00:00-04:00,29.340549929468743,29.829279763828076,28.64958949871046,29.180450439453125,104062200
2001-10-24 00:00:00-04:00,29.15517375848778,30.06522122763537,28.91923695436709,29.81243133544922,90171400
2001-10-25 00:00:00-04:00,29.23943428367948,31.025819531155314,28.84339481670991,31.00896644592285,118551900
2001-10-26 00:00:00-04:00,30.756190699913823,31.22806765961662,30.343297958374023,30.343297958374023,93823900
2001-10-29 00:00:00-05:00,30.334864068354353,30.461260621064977,28.683300018310547,28.683300018310547,92146800
2001-10-30 00:00:00-05:00,28.4052308685431,28.725433133843016,27.672139169144163,28.12716293334961,96092200
2001-10-31 00:00:00-05:00,28.68330273275,29.458525567171165,28.3799535490554,28.56533432006836,106175500
2001-11-01 00:00:00-05:00,29.02035365067913,29.964107340911156,28.46421457562006,29.77872657775879,92716000
2001-11-02 00:00:00-05:00,29.719729205209468,30.20845570824264,29.399527087389842,29.9977970123291,64917700
2001-11-05 00:00:00-05:00,30.553936655775153,31.312309267046757,30.469674460921283,30.97525405883789,64473000
2001-11-06 00:00:00-05:00,30.840439421167698,32.18865733699419,30.663486844304643,32.18022918701172,107214900
2001-11-07 00:00:00-05:00,31.691492846101678,32.727933182738155,31.598802511099027,32.13808822631836,92562100
2001-11-08 00:00:00-05:00,32.48356485057184,33.199806225887386,31.388140457355426,31.809457778930664,105916300
2001-11-09 00:00:00-05:00,31.6746627154139,32.08755544838596,31.278623075052806,31.792631149291992,74121900
2001-11-12 00:00:00-05:00,31.177510010568717,32.31506652249204,30.58766458370519,32.020145416259766,112994400
2001-11-13 00:00:00-05:00,32.888058839265796,33.2840985083526,32.55100660579528,33.16613006591797,97931800
2001-11-14 00:00:00-05:00,33.67169679964862,33.907636806257614,32.64368419472968,33.40205383300781,88660100
2001-11-15 00:00:00-05:00,32.997588031948645,33.79809196268563,32.82063544503558,33.26723098754883,86349700
2001-11-16 00:00:00-05:00,33.267220368396515,33.43574796545072,32.79534373952405,33.174530029296875,64035500
2001-11-19 00:00:00-05:00,33.52845234736632,34.1182975769043,33.27566245310659,34.1182975769043,69196300
2001-11-20 00:00:00-05:00,33.77282191303957,33.89921527021692,32.42460360235952,32.542572021484375,85176500
2001-11-21 00:00:00-05:00,32.416169202751185,32.82063361358157,32.00327664192996,32.3740348815918,60867900
2001-11-23 00:00:00-05:00,32.66053089521968,33.22509801168572,32.5004314038265,33.09870147705078,27046000
2001-11-26 00:00:00-05:00,33.351512454936035,34.00876707340712,32.87120729405433,33.91607666015625,75267500
2001-11-27 00:00:00-05:00,33.74752393178903,34.522749638448744,33.03128561983317,33.87392044067383,100289700
2001-11-28 00:00:00-05:00,33.47788917804813,34.01717508007517,32.60154798005542,32.65210723876953,101568200
2001-11-29 00:00:00-05:00,32.8880431680257,33.70540015027711,32.68581256718661,33.66326904296875,83774700
2001-11-30 00:00:00-05:00,33.47788580833988,33.73910379714032,33.16611178031157,33.41047668457031,66018200
2001-12-03 00:00:00-05:00,33.107136896138286,33.368351743954086,32.75322845009371,32.837493896484375,60449800
2001-12-04 00:00:00-05:00,33.1492503663521,34.41320245981078,32.390877824518334,34.40477752685547,79378700
2001-12-05 00:00:00-05:00,34.71656479789957,36.3597037927764,34.6491524508042,36.106910705566406,115773700
2001-12-06 00:00:00-05:00,35.98052570204482,36.43554950703554,35.69402958939122,36.15747833251953,77702100
2001-12-07 00:00:00-05:00,35.79513855454332,35.896253866207616,34.66600739536564,35.16316223144531,81632600
2001-12-10 00:00:00-05:00,34.81768145269598,35.584479251418266,34.44692317250422,34.548038482666016,69088000
2001-12-11 00:00:00-05:00,34.93566136904746,35.60976901638484,34.65759337082027,34.74185562133789,66056500
2001-12-12 00:00:00-05:00,34.96936107953359,35.340119413313964,34.21098810771213,35.019920349121094,76093400
2001-12-13 00:00:00-05:00,34.303681809451966,34.5480468144734,33.503177642822266,33.503177642822266,79582600
2001-12-14 00:00:00-05:00,33.595854273101445,34.09300901798404,33.34306443311307,33.79808807373047,70006300
2001-12-17 00:00:00-05:00,33.722254669899286,34.7502704467996,33.722254669899286,34.37950897216797,62295500
2001-12-18 00:00:00-05:00,34.682842921218345,34.96933883786343,33.84020825042645,34.76710510253906,50850400
2001-12-19 00:00:00-05:00,34.17728142199537,34.81768269506803,33.97504758005787,34.13514709472656,79596200
2001-12-20 00:00:00-05:00,33.78966374665557,33.95819139717805,32.59312353530135,32.685813903808594,83048800
2001-12-21 00:00:00-05:00,33.216671727974706,33.461036660986615,32.98916309588508,33.26723098754883,56205000
2001-12-24 00:00:00-05:00,33.317808052017114,33.39364537470666,32.98918072516221,33.13242721557617,13660400
2001-12-26 00:00:00-05:00,33.17454417976342,33.95819510809151,32.99759157385654,33.44418716430664,37672900
2001-12-27 00:00:00-05:00,33.57901515157252,33.87393943286074,33.36835632825174,33.713836669921875,34255200
2001-12-28 00:00:00-05:00,33.94978380003587,34.37952647466958,33.89922451473811,33.983489990234375,38240400
2001-12-31 00:00:00-05:00,33.96661255109837,34.08458091784543,32.786922454833984,32.786922454833984,46176900
2002-01-02 00:00:00-05:00,33.34306443311307,33.83179424290151,32.80377858396528,33.79808807373047,61708800
2002-01-03 00:00:00-05:00,33.96662933891674,35.0114952874358,33.9244950033422,34.969364166259766,85769100
2002-01-04 00:00:00-05:00,35.34853456137103,35.63503055484053,34.489046580962544,35.11259460449219,86876900
2002-01-07 00:00:00-05:00,35.48336759982493,35.576057983029294,33.798097256176334,34.72499465942383,75166200
2002-01-08 00:00:00-05:00,34.63230705651158,35.196874338444495,34.41322330858431,34.9609375,66956800
2002-01-09 00:00:00-05:00,35.42439446750858,35.89626825400842,34.46379058567779,34.640743255615234,85123000
2002-01-10 00:00:00-05:00,34.691295933497706,35.0030733284155,34.27840641066958,34.86825180053711,75548000
2002-01-11 00:00:00-05:00,34.842952127680974,35.05361085448532,34.101435723695545,34.421634674072266,60832900
2002-01-14 00:00:00-05:00,34.118298335255744,34.27839785515261,33.452615801203855,33.67169952392578,71310700
2002-01-15 00:00:00-05:00,33.730698490791404,34.33739708757226,33.334661986247795,33.99191665649414,66916100
2002-01-16 00:00:00-05:00,33.30935576796789,33.6548359400901,32.668954673691445,32.6773796081543,90942000
2002-01-17 00:00:00-05:00,33.26722707316452,33.68011960844299,32.87118762242775,33.41047668457031,75285900
2002-01-18 00:00:00-05:00,32.71952204367125,33.241954898738285,32.205514125157876,32.51728820800781,81985600
2002-01-22 00:00:00-05:00,32.862763925531404,32.879617010708074,31.455565064451413,31.514549255371094,81773800
2002-01-23 00:00:00-05:00,31.725222261253926,32.6015605836366,31.47242908435248,32.382476806640625,74968800
2002-01-24 00:00:00-05:00,32.81220626831055,33.29250796885088,32.668959858927195,32.81220626831055,77251200
2002-01-25 00:00:00-05:00,32.416182774216125,32.989175066382685,32.32349237189525,32.71953201293945,58832100
2002-01-28 00:00:00-05:00,32.98916121027777,33.19139180821994,32.37403483767706,32.9048957824707,47795900
2002-01-29 00:00:00-05:00,32.97232014861457,33.199832065063525,31.607248649920887,32.00328826904297,83339800
2002-01-30 00:00:00-05:00,32.02012310098701,32.73636141090828,31.051091774014232,32.24763488769531,101385500
2002-01-31 00:00:00-05:00,32.50044178019967,32.65211638442759,32.036993029235866,32.44988250732422,69655500
2002-02-01 00:00:00-05:00,32.35717505712397,32.76163934353847,31.76733010070417,32.13808822631836,61207100
2002-02-04 00:00:00-05:00,31.986425758008874,32.07911612790367,30.848869725148933,31.110084533691406,82763300
2002-02-05 00:00:00-05:00,30.832019494861328,31.455570904579062,30.49496415754397,30.59608268737793,86853800
2002-02-06 00:00:00-05:00,31.042685821335418,31.08481694513966,30.082082055244374,30.38543128967285,98507600
2002-02-07 00:00:00-05:00,30.32644695646745,30.798320684292406,29.492236565007527,29.65233612060547,97725900
2002-02-08 00:00:00-05:00,29.879852312595794,30.537110149982258,29.46696274178551,30.47812271118164,80483100
2002-02-11 00:00:00-05:00,30.452826305423105,31.008965238856614,30.31800484320884,30.865718841552734,57641200
2002-02-12 00:00:00-05:00,30.59608483775595,31.16064887088405,30.368572951236253,30.612937927246094,51477700
2002-02-13 00:00:00-05:00,30.941562655169427,31.30389601415736,30.848872277605366,31.13536834716797,60984700
2002-02-14 00:00:00-05:00,31.303882005722674,31.657787055070383,30.334850764971936,31.076370239257812,77482300
2002-02-15 00:00:00-05:00,31.03425411330063,31.10166325380474,30.03151622771872,30.149484634399414,79719900
2002-02-19 00:00:00-05:00,29.804010524150605,29.879847831922945,28.91924407640576,29.222593307495117,72437200
2002-02-20 00:00:00-05:00,29.407970649237765,29.635479331402202,28.59061345207518,29.618629455566406,106552700
2002-02-21 00:00:00-05:00,29.315283001517685,29.450104521599688,28.211429595947266,28.211429595947266,109307800
2002-02-22 00:00:00-05:00,28.3209653039126,28.818120125314135,27.882794680440256,28.354671478271484,99824200
2002-02-25 00:00:00-05:00,28.649599718272444,29.702893825561873,28.60746859686057,29.500659942626953,88994700
2002-02-26 00:00:00-05:00,29.68605161981516,29.854579381659295,28.961384493965166,29.391130447387695,94683300
2002-02-27 00:00:00-05:00,29.820847654763863,29.921962939538822,28.70014494464927,28.98664093017578,95159300
2002-02-28 00:00:00-05:00,29.07933370129851,29.466948261110886,28.438932487760898,28.464210510253906,95711200
2002-03-01 00:00:00-05:00,28.776002697112226,30.12421816854621,28.72544341153374,30.115793228149414,86081600
2002-03-04 00:00:00-05:00,30.08205788900677,31.371287885234047,29.82926813485971,31.303878784179688,105734600
2002-03-05 00:00:00-05:00,31.118503794259098,31.910579358573194,31.017388517077805,31.53139305114746,91452600
2002-03-06 00:00:00-05:00,31.24493767209415,31.978029933669013,30.8404696508109,31.68310546875,86943400
2002-03-07 00:00:00-05:00,32.12124653836102,32.298202338125364,31.185921137997195,31.75048828125,85496000
2002-03-08 00:00:00-05:00,32.213931894563736,32.888039172799495,32.12966969018316,32.58469009399414,84443700
2002-03-11 00:00:00-05:00,32.31503845323029,33.02285170777095,32.07067684077877,32.466712951660156,71035200
2002-03-12 00:00:00-05:00,31.657811934660696,32.020145416259766,31.447153083237936,32.020145416259766,82652100
2002-03-13 00:00:00-05:00,31.522988728249455,31.733647568511586,31.067964861827537,31.24492073059082,71376200
2002-03-14 00:00:00-05:00,31.22805983852753,31.514555918308442,30.949988695917522,31.059532165527344,70700500
2002-03-15 00:00:00-05:00,31.084805613413856,31.455567082289853,30.832015748342283,31.371301651000977,63966500
2002-03-18 00:00:00-05:00,31.708373977438054,31.969588918734246,31.219643856665776,31.54827117919922,78938300
2002-03-19 00:00:00-05:00,31.68309645243497,31.919036600106896,31.362897247108183,31.497718811035156,58947600
2002-03-20 00:00:00-05:00,31.067963852738224,31.24491971575397,30.36857819727141,30.38543128967285,61816500
2002-03-21 00:00:00-05:00,30.46126143574417,31.295468419871778,30.25060265185769,31.194353103637695,89198800
2002-03-22 00:00:00-05:00,31.12693778020527,31.2954654341156,30.73090149007329,30.907854080200195,58930100
2002-03-25 00:00:00-05:00,30.91628883585541,31.09324469658357,29.930407051106492,29.964113235473633,87421900
2002-03-26 00:00:00-05:00,29.84611955188772,30.688754252474904,29.829269686544713,30.242158889770508,92457500
2002-03-27 00:00:00-05:00,30.02309393493648,30.334868067824267,29.829288219119842,30.006240844726562,64531800
2002-03-28 00:00:00-05:00,30.351725104869974,30.646646185898383,30.25060976486005,30.38543128967285,59539400
2002-04-01 00:00:00-05:00,30.16633859301005,31.093239213254456,29.74502100591662,30.966842651367188,70730500
2002-04-02 00:00:00-05:00,30.318008408622493,30.461258037169817,29.49222645364806,29.568063735961914,77759800
2002-04-03 00:00:00-05:00,29.745017501707398,29.871414048704107,28.902382426789924,29.517505645751953,85766400
2002-04-04 00:00:00-05:00,29.070917157084654,29.627056313252943,28.885536366895725,29.290000915527344,90521500
2002-04-05 00:00:00-05:00,29.500660359078267,29.635481878138606,28.801274733452317,28.961374282836914,68426000
2002-04-08 00:00:00-04:00,28.20301531804766,29.323719024658203,28.160880965396295,29.323719024658203,74950700
2002-04-09 00:00:00-04:00,29.306848008752304,29.475375673123303,28.219851163074942,28.304113388061523,80910200
2002-04-10 00:00:00-04:00,28.447361965901443,28.860254614132213,27.916504122402273,28.514774322509766,85748700
2002-04-11 00:00:00-04:00,28.363088479212212,28.523187941027572,27.705834335089698,27.806949615478516,90665600
2002-04-12 00:00:00-04:00,28.076606658443513,28.481071198270495,27.76483251169325,28.245134353637695,78360100
2002-04-15 00:00:00-04:00,28.48107165167137,28.615893167093308,27.975491772438733,28.472646713256836,69306800
2002-04-16 00:00:00-04:00,29.011940691739156,29.6776235120862,28.99508759591272,29.660770416259766,72064700
2002-04-17 00:00:00-04:00,29.829279261176463,29.91354147252323,29.197303032883717,29.509077072143555,69130100
2002-04-18 00:00:00-04:00,29.306850520026497,29.61862785086797,28.649596108497768,28.944517135620117,91086100
2002-04-19 00:00:00-04:00,29.53436927948239,29.542797433303917,28.96980512059691,29.037214279174805,62286800
2002-04-22 00:00:00-04:00,28.65801859028256,28.65801859028256,28.017617322950176,28.304113388061523,64625600
2002-04-23 00:00:00-04:00,28.304109942171127,28.59903090811677,27.554165302140103,27.815380096435547,73070300
2002-04-24 00:00:00-04:00,27.983915153203547,28.068180604650898,27.13285498717428,27.385644912719727,68953900
2002-04-25 00:00:00-04:00,27.217112458311835,27.579445800092515,26.96432257703171,27.318227767944336,103073700
2002-04-26 00:00:00-04:00,27.52046554099314,27.62158086509968,26.13011778053495,26.155397415161133,100193400
2002-04-29 00:00:00-04:00,26.32391459106735,26.585130965092045,25.75092259085946,26.22279930114746,85326800
2002-04-30 00:00:00-04:00,26.146965227660434,27.12442011428088,26.071127947346984,26.73680877685547,95357900
2002-05-01 00:00:00-04:00,26.6862534543494,26.829501484419183,25.767781074584132,26.593563079833984,109975700
2002-05-02 00:00:00-04:00,26.450313683715677,26.95589503474485,25.666662830700282,25.70879554748535,85852200
2002-05-03 00:00:00-04:00,25.67508440007593,25.70879056697416,24.84087605572673,25.059961318969727,92103200
2002-05-06 00:00:00-04:00,24.96727562723098,25.262198213842506,24.31002132202684,24.411136627197266,96491200
2002-05-07 00:00:00-04:00,24.66392010735305,24.731330824675304,23.94768023130521,24.183618545532227,101954400
2002-05-08 00:00:00-04:00,25.38859831856568,26.863209944686933,25.27905644779286,26.77052116394043,129741500
2002-05-09 00:00:00-04:00,26.6019980716533,26.8716411298393,25.95316845839361,26.079565048217773,106477200
2002-05-10 00:00:00-04:00,26.130116292712678,26.19752704067844,24.857737018559806,24.908294677734375,112282800
2002-05-13 00:00:00-04:00,25.169513591660948,26.10483755071696,25.000985912393688,25.919458389282227,93971200
2002-05-14 00:00:00-04:00,27.006442064044926,27.512024823389588,26.85476916487934,27.444612503051758,107284700
2002-05-15 00:00:00-04:00,27.031729396070922,28.337812860809912,26.83792214572762,27.646852493286133,150522100
2002-05-16 00:00:00-04:00,27.419348555750297,27.849091067966814,27.149705564869738,27.68899154663086,89916300
2002-05-17 00:00:00-04:00,28.051319692886516,28.152434992031324,27.36035925566842,27.747970581054688,82695000
2002-05-20 00:00:00-04:00,27.469902575813688,27.55416801323018,26.913765153654797,27.14127540588379,78144200
2002-05-21 00:00:00-04:00,27.267674079224733,27.461479778785346,26.12168975625935,26.39975929260254,104180000
2002-05-22 00:00:00-04:00,26.096414430832933,26.61884901936462,25.62453911703608,26.45874786376953,89543100
2002-05-23 00:00:00-04:00,26.652556835452515,27.04859489249243,25.95316952192276,26.98961067199707,94445800
2002-05-24 00:00:00-04:00,26.618847677263542,26.70311152370714,26.130119296529706,26.323925018310547,55874600
2002-05-28 00:00:00-04:00,26.51772770481853,26.559860426817327,25.69194564003018,26.20595359802246,68829400
2002-05-29 00:00:00-04:00,25.835184670384987,26.037416843853546,25.48127796501539,25.514984130859375,73470200
2002-05-30 00:00:00-04:00,25.287470888145446,25.885740832906492,25.194780544569028,25.734067916870117,92080500
2002-05-31 00:00:00-04:00,25.919458051254303,26.15539647771167,25.279055128469196,25.312761306762695,79907400
2002-06-03 00:00:00-04:00,25.27905142772748,25.48971018962521,24.2594637915979,24.41956329345703,77043700
2002-06-04 00:00:00-04:00,24.225755413335953,25.009406193423473,24.107787031713713,24.739763259887695,98366200
2002-06-05 00:00:00-04:00,24.790321505909127,25.110522095404377,24.411135116981736,24.9925537109375,95347100
2002-06-06 00:00:00-04:00,24.86616729378042,24.86616729378042,23.509523979324996,24.33530616760254,91129700
2002-06-07 00:00:00-04:00,23.2820128767944,24.259471313702093,23.18932408571469,23.84657859802246,106049200
2002-06-10 00:00:00-04:00,23.89714905983084,24.22577646981298,23.71176817649728,23.804458618164062,73142900
2002-06-11 00:00:00-04:00,24.099358782691358,24.175196053278174,23.05449168562679,23.13875389099121,84609500
2002-06-12 00:00:00-04:00,22.953380340843207,23.560077045080853,22.60790007225246,23.475814819335938,152974400
2002-06-13 00:00:00-04:00,23.391545555925706,23.770730305344962,23.046065367539942,23.324134826660156,97556300
2002-06-14 00:00:00-04:00,22.633177726805517,23.35784276953028,22.077038728045185,23.27358055114746,122106800
2002-06-17 00:00:00-04:00,23.59378709220488,24.225763532174653,23.51794979083257,24.065662384033203,87618100
2002-06-18 00:00:00-04:00,23.855003808984545,24.562817557396592,23.829725779740752,24.453275680541992,100513400
2002-06-19 00:00:00-04:00,23.678050213047452,23.863429384496815,22.96180994826718,23.037647247314453,93507600
2002-06-20 00:00:00-04:00,22.978659078436987,23.130333650392167,21.630442625411778,22.296123504638672,99913200
2002-06-21 00:00:00-04:00,22.211867408256673,22.565774304694123,21.613595499117483,21.75684356689453,168755100
2002-06-24 00:00:00-04:00,21.44506805675181,22.58262437447878,21.242834179574483,22.186586380004883,219672100
2002-06-25 00:00:00-04:00,22.39723935037625,22.515207741943705,21.318665918106348,21.453487396240234,136336400
2002-06-26 00:00:00-04:00,20.585577801954653,21.72313562177694,20.551871623139622,21.61359214782715,149080300
2002-06-27 00:00:00-04:00,21.908509991712748,22.119168741633064,21.082728077752805,22.08546257019043,121371100
2002-06-28 00:00:00-04:00,21.95064415056663,22.54048937522787,21.782118091519802,21.99277687072754,87842000
2002-07-01 00:00:00-04:00,21.883232110185848,22.026480135855863,20.880497537694577,20.939481735229492,64753900
2002-07-02 00:00:00-04:00,20.728830687512243,20.85522567318255,19.45645106973899,20.18111801147461,111629600
2002-07-03 00:00:00-04:00,20.09684945085654,20.855220794677734,19.903043744350946,20.855220794677734,101067000
2002-07-05 00:00:00-04:00,21.284961535382394,22.237138433798684,21.10800733930929,22.19500732421875,56768300
2002-07-08 00:00:00-04:00,22.077038035856983,22.371959005347687,21.1332861118905,21.386075973510742,97288500
2002-07-09 00:00:00-04:00,21.27653757360811,21.470343272709258,20.720398502240215,20.779382705688477,91039600
2002-07-10 00:00:00-04:00,21.05745535214581,21.091161534637877,20.079998560665274,20.13898277282715,115365200
2002-07-11 00:00:00-04:00,20.021010623138665,20.97318760057595,19.82720493146897,20.897350311279297,170271200
2002-07-12 00:00:00-04:00,21.276536757762564,21.504048625652523,20.68669153149947,20.897350311279297,130027800
2002-07-15 00:00:00-04:00,20.796237790013908,21.605166841554567,20.012586766834424,21.54618263244629,140207200
2002-07-16 00:00:00-04:00,21.27653841974768,21.925367897879646,20.981615783578693,21.225980758666992,148281700
2002-07-17 00:00:00-04:00,21.967498989389657,22.279274714632443,20.97318921513313,21.61359214782715,157954700
2002-07-18 00:00:00-04:00,21.38608196116455,21.546183108854994,20.66141673826939,20.838369369506836,114052300
2002-07-19 00:00:00-04:00,20.501315060955033,20.821515740864776,20.054717810913328,20.214818954467773,124116400
2002-07-22 00:00:00-04:00,20.096853171691237,20.644565821012932,19.456450120706098,19.717666625976562,150034800
2002-07-23 00:00:00-04:00,19.759792562209576,20.0125824342895,18.773909489579783,18.875024795532227,150786800
2002-07-24 00:00:00-04:00,18.377878190772982,19.93675405028989,18.234630104067115,19.90304946899414,186493600
2002-07-25 00:00:00-04:00,19.591269589542,19.71766455577663,18.369447832475835,18.748634338378906,153915500
2002-07-26 00:00:00-04:00,19.00984678288589,19.245785181743987,18.546398135956217,19.102537155151367,96034200
2002-07-29 00:00:00-04:00,19.608117137075148,20.32435721952243,19.448016034598993,20.079992294311523,96735200
2002-07-30 00:00:00-04:00,19.99573621295085,20.804666974304784,19.877767779769815,20.484464645385742,117394300
2002-07-31 00:00:00-04:00,20.22324439757334,20.3833455324032,19.683958394608418,20.09684944152832,93831300
2002-08-01 00:00:00-04:00,20.00414692019241,20.138968339135058,19.09410153873052,19.153085708618164,85149700
2002-08-02 00:00:00-04:00,19.19523160008706,19.24578926514107,18.386300923226905,18.748634338378906,86706000
2002-08-05 00:00:00-04:00,18.63065891519993,18.807611479981073,17.948123461104867,18.06609344482422,84897800
2002-08-06 00:00:00-04:00,18.369438800073112,19.389027788383828,18.36101386603938,18.95928382873535,115364600
2002-08-07 00:00:00-04:00,19.549135333988634,19.692383367995927,18.504266375818432,19.212080001831055,125677100
2002-08-08 00:00:00-04:00,19.169949843285046,19.886190048979458,18.790763379329473,19.860910415649414,111697900
2002-08-09 00:00:00-04:00,19.54913998553037,19.978882582606687,19.279495334205006,19.658681869506836,93576900
2002-08-12 00:00:00-04:00,19.422743935665075,19.785077388859243,19.29634895615997,19.717666625976562,62870900
2002-08-13 00:00:00-04:00,19.574405889989432,20.11369325135002,19.00141397259286,19.043546676635742,88434400
2002-08-14 00:00:00-04:00,19.102532286894874,20.391764197669314,18.934004672488307,20.256942749023438,102613500
2002-08-15 00:00:00-04:00,20.425484329270574,20.68670088428197,19.987313483496866,20.669849395751953,120307800
2002-08-16 00:00:00-04:00,20.332787836447395,21.06588120971305,19.995734058531824,20.813091278076172,95853000
2002-08-19 00:00:00-04:00,20.872074637983022,21.56303525636,20.796237340141733,21.31867027282715,76015900
2002-08-20 00:00:00-04:00,21.217554213953697,21.428213010188824,20.939484667211296,21.225980758666992,89981300
2002-08-21 00:00:00-04:00,21.394509590421894,21.782122661225532,21.065882340218256,21.697858810424805,101365500
2002-08-22 00:00:00-04:00,21.689418756994957,22.085456519756864,21.41977588811891,22.043325424194336,80345500
2002-08-23 00:00:00-04:00,21.73998662983401,21.748413174353985,21.02374802482554,21.19227409362793,75211200
2002-08-26 00:00:00-04:00,21.318671877219604,21.394509180768228,20.737254692945807,21.276540756225586,83335400
2002-08-27 00:00:00-04:00,21.428203751599025,21.495614472979817,20.349630602307943,20.535011291503906,92340400
2002-08-28 00:00:00-04:00,20.240099967524568,20.29908418042788,19.70923883699623,19.785076141357422,115562300
2002-08-29 00:00:00-04:00,19.54913275518905,20.408619238655767,19.397458197165886,20.046287536621094,97028200
2002-08-30 00:00:00-04:00,19.903042459752186,20.223243101694813,19.700808614400152,19.793498992919922,59474900
2002-09-03 00:00:00-04:00,19.431165886964944,19.742941596070175,18.824469164488665,19.077259063720703,81828100
2002-09-04 00:00:00-04:00,18.959280119787874,19.39745053495051,18.740194912206555,19.153085708618164,82717600
2002-09-05 00:00:00-04:00,18.875018995089444,18.959282795620755,18.478981221950093,18.68121337890625,91576600
2002-09-06 00:00:00-04:00,19.094110314504096,19.565985497680163,19.04355266096351,19.25421142578125,86008800
2002-09-09 00:00:00-04:00,19.102535000873974,19.692380127900343,18.866596628623693,19.448015213012695,72679500
2002-09-10 00:00:00-04:00,19.57441686925309,19.945176836797565,19.40589078015049,19.92832374572754,74615800
2002-09-11 00:00:00-04:00,20.32435394519451,20.518159581222523,19.734508888276185,19.759788513183594,73902800
2002-09-12 00:00:00-04:00,19.574417368285072,19.599697005534594,19.136246632488945,19.220510482788086,70763500
2002-09-13 00:00:00-04:00,19.043551885934395,19.44801631219596,18.976141148224137,19.37217903137207,79716100
2002-09-16 00:00:00-04:00,19.262638145164498,19.38060654023622,18.84974715521463,19.0941104888916,58853600
2002-09-17 00:00:00-04:00,19.422741328971384,19.557562836642575,18.68964958190918,18.68964958190918,89139700
2002-09-18 00:00:00-04:00,18.546395564921188,19.00141760518476,18.35258991086816,18.478984832763672,92358300
2002-09-19 00:00:00-04:00,18.285185617250235,18.64751742568122,18.158789043649605,18.18406867980957,86247700
2002-09-20 00:00:00-04:00,18.394716757814006,18.453700933898528,18.09979427019315,18.25989532470703,78116900
2002-09-23 00:00:00-04:00,18.074533719044837,18.133517952118112,17.53524585837528,17.712200164794922,72757500
2002-09-24 00:00:00-04:00,17.425685300482428,18.074514384631858,17.40040568169286,17.72060775756836,91507300
2002-09-25 00:00:00-04:00,17.990250604467644,18.571668979321018,17.77959193604811,18.428421020507812,98051900
2002-09-26 00:00:00-04:00,18.672797309854893,18.81604536893227,18.007116287459482,18.2009220123291,104453500
2002-09-27 00:00:00-04:00,18.158788582739458,18.714927706549076,17.95655632019043,17.95655632019043,92249700
2002-09-30 00:00:00-04:00,17.754324748069862,17.89757280717927,17.26559635943763,17.459402084350586,91502500
2002-10-01 00:00:00-04:00,17.61949528137826,18.529540891062126,17.2487354827075,18.521114349365234,102096000
2002-10-02 00:00:00-04:00,18.125081646972617,18.512693031207036,17.670057910142006,17.905996322631836,94829700
2002-10-03 00:00:00-04:00,17.74589070070514,18.032386697811177,17.42569014304468,17.476247787475586,74354800
2002-10-04 00:00:00-04:00,17.644773929640806,17.712184652285536,16.945387079502336,17.147619247436523,81837100
2002-10-07 00:00:00-04:00,17.07178403311733,17.349853498310313,16.726303837186602,16.987520217895508,79861800
2002-10-08 00:00:00-04:00,17.08863761563694,17.366707088934053,16.650467049472205,17.02122688293457,94103100
2002-10-09 00:00:00-04:00,16.802147759517908,17.299302698154342,16.717883910949165,16.903263092041016,103301000
2002-10-10 00:00:00-04:00,16.936975758716383,17.872300175043215,16.7768745458605,17.762758255004883,109610500
2002-10-11 00:00:00-04:00,18.15877756894957,18.85816432210099,18.049235762541933,18.723342895507812,124777400
2002-10-14 00:00:00-04:00,18.42842620102049,18.95928548750322,18.35258893049459,18.942432403564453,78890300
2002-10-15 00:00:00-04:00,19.751362738186344,19.911462213885326,19.53227746874725,19.85247802734375,118176000
2002-10-16 00:00:00-04:00,19.13624466980969,19.515431153665524,18.59695865472504,19.19523048400879,97441900
2002-10-17 00:00:00-04:00,19.88618215923615,20.06313470074437,19.026694253400386,19.84404945373535,95754500
2002-10-18 00:00:00-04:00,19.616541574131364,20.096843222798224,19.32161902982056,20.06313705444336,84941900
2002-10-21 00:00:00-04:00,19.81878362141394,20.602434746303427,19.633402817642615,20.467613220214844,85311500
2002-10-22 00:00:00-04:00,19.995731047726167,20.509738986151486,19.928320302293255,20.341211318969727,89947000
2002-10-23 00:00:00-04:00,20.096850114248266,20.754104550562868,19.945175519037477,20.72882652282715,88093500
2002-10-24 00:00:00-04:00,20.796229735853807,20.947904276075523,20.155827014472415,20.206384658813477,88674800
2002-10-25 00:00:00-04:00,20.21481941597674,20.855222397615922,20.21481941597674,20.813091278076172,71557300
2002-10-28 00:00:00-05:00,21.065877283415265,21.099583458524197,20.366490221893834,20.636133193969727,90272000
2002-10-29 00:00:00-05:00,20.484461414135257,20.619282918560735,19.692385477435362,20.155834197998047,90293800
2002-10-30 00:00:00-05:00,20.273802261945175,20.888927173347128,20.09684964314671,20.695119857788086,103531100
2002-10-31 00:00:00-05:00,20.779377828688624,21.099580011110792,20.526587985469966,20.686687469482422,81493100
2002-11-01 00:00:00-05:00,20.53502241921589,21.40293572640688,20.341215083925377,21.276540756225586,86658400
2002-11-04 00:00:00-05:00,21.95064037723835,22.59946969139178,21.73998163424298,21.82424545288086,110562400
2002-11-05 00:00:00-05:00,21.66414808226819,22.051761071753877,21.537753136183337,21.99277687072754,79603300
2002-11-06 00:00:00-05:00,22.152880994065594,22.422524010829104,21.605166808165666,22.304553985595703,116251700
2002-11-07 00:00:00-05:00,21.90008554820453,21.9927759213584,21.32709343634219,21.52090072631836,82711600
2002-11-08 00:00:00-05:00,21.478775311362366,21.79897765084504,21.03217798827313,21.124868392944336,76937600
2002-11-11 00:00:00-05:00,21.02375235535482,21.082736571945336,20.349643119693315,20.484464645385742,74384300
2002-11-12 00:00:00-05:00,20.560294112591084,21.40292913037923,20.560294112591084,21.00689125061035,88748800
2002-11-13 00:00:00-05:00,20.813082423912146,21.6557173138325,20.636128261285652,21.25967788696289,119341800
2002-11-14 00:00:00-05:00,21.554606224247703,22.262419850961614,21.504048567253548,21.99277687072754,85720100
2002-11-15 00:00:00-05:00,21.824250230872515,22.287700531244887,21.697855278843328,22.279273986816406,69291300
2002-11-18 00:00:00-05:00,22.506780616804498,22.55733987519672,21.90008398088661,21.950641632080078,76238000
2002-11-19 00:00:00-05:00,21.73998710398539,21.950645899982142,21.31866951199188,21.61359214782715,88139200
2002-11-20 00:00:00-05:00,21.53776014149334,22.540496706685087,21.520908655146847,22.53207015991211,75104700
2002-11-21 00:00:00-05:00,22.692164505665406,23.458962352067108,22.54048992379272,23.36627197265625,105472900
2002-11-22 00:00:00-05:00,23.062920529095926,23.543222219276952,23.020787815010667,23.35784149169922,73808600
2002-11-25 00:00:00-05:00,23.391561425535894,23.762321491631614,23.206182196087862,23.58536720275879,72666100
2002-11-26 00:00:00-05:00,23.408406473674102,23.484243770376647,22.666886596404574,22.79328155517578,80017900
2002-11-27 00:00:00-05:00,23.1977418397433,23.762307347001524,23.15560912594869,23.517942428588867,73643900
2002-11-29 00:00:00-05:00,23.770732446542535,23.838144789078953,22.936523994038854,23.35784149169922,34652100
2002-12-02 00:00:00-05:00,23.947693097506352,24.259468837126146,23.231452836649364,23.593786239624023,85136000
2002-12-03 00:00:00-05:00,23.214590658361285,23.23987028374176,22.692157924752912,22.894390106201172,76595500
2002-12-04 00:00:00-05:00,22.380380755543655,22.709009433911763,22.085458242012646,22.38880729675293,130115900
2002-12-05 00:00:00-05:00,22.7090140660999,22.751145173541783,22.01805201078244,22.077037811279297,84933200
2002-12-06 00:00:00-05:00,21.748414861721173,22.515212793342087,21.68943065270405,22.304553985595703,81727900
2002-12-09 00:00:00-05:00,22.0938920546182,22.37196157724707,21.234405461982824,21.251256942749023,75855200
2002-12-10 00:00:00-05:00,21.41978234789534,21.866379488654946,21.36079815344004,21.571456909179688,69578300
2002-12-11 00:00:00-05:00,21.436640075392297,21.967499547626705,21.33552314357669,21.672576904296875,64237600
2002-12-12 00:00:00-05:00,21.90851482893458,22.489933557102816,21.53775489719841,21.790546417236328,62296400
2002-12-13 00:00:00-05:00,21.504047115158137,21.54617822527514,21.074303041729642,21.09958267211914,72647800
2002-12-16 00:00:00-05:00,21.2512605477622,21.874810443459037,21.12486558098027,21.782121658325195,60278500
2002-12-17 00:00:00-05:00,21.74841044465955,22.07703921089545,21.62201550712213,21.84952735900879,62562700
2002-12-18 00:00:00-05:00,21.529323990348544,21.57145670541775,21.108006482848975,21.386075973510742,67130700
2002-12-19 00:00:00-05:00,21.20912638366748,21.723134329628742,20.90577722117245,21.116436004638672,95969700
2002-12-20 00:00:00-05:00,21.343944426141107,21.445061333026324,21.12485913388873,21.33551788330078,65578600
2002-12-23 00:00:00-05:00,21.217554428416307,21.706282776333797,21.17542170442397,21.63044548034668,45941700
2002-12-24 00:00:00-05:00,21.48719281247844,21.680998479569176,21.335518253120913,21.360797882080078,16772700
2002-12-26 00:00:00-05:00,21.51247187310856,21.83267246213841,21.20912276240756,21.30181312561035,33795400
2002-12-27 00:00:00-05:00,21.217554739544155,21.78212039172739,20.85522134389235,20.91420555114746,42490200
2002-12-30 00:00:00-05:00,20.93105884494652,21.0406007156021,20.526594327942508,20.754104614257812,57396400
2002-12-31 00:00:00-05:00,20.67825927533789,20.821505651973503,20.459174029050715,20.535011291503906,46015400
2003-01-02 00:00:00-05:00,20.829948369794455,21.529335749970897,20.602438012946415,21.40294075012207,65903200
2003-01-03 00:00:00-05:00,21.453495156414437,21.664153993098157,21.301822144049634,21.63887596130371,39059500
2003-01-06 00:00:00-05:00,21.664149829373766,22.405669692016286,21.234407299468458,22.178157806396484,67223400
2003-01-07 00:00:00-05:00,22.25399410643592,22.692164768657662,22.119172611475225,22.456226348876953,88726100
2003-01-08 00:00:00-05:00,22.23713639628795,22.72586461574927,21.773687804577595,21.82424545288086,74989900
2003-01-09 00:00:00-05:00,22.11074854074951,22.73429842650123,22.093895450194257,22.498361587524414,75391100
2003-01-10 00:00:00-05:00,22.203432904936395,22.970230637877837,22.093889453259766,22.83540916442871,82594300
2003-01-13 00:00:00-05:00,23.029221179582265,23.147189599568385,22.523639711185893,22.700593948364258,72870300
2003-01-14 00:00:00-05:00,22.675315398516826,23.020795736908855,22.624757731415354,22.81856346130371,46993800
2003-01-15 00:00:00-05:00,22.953387855364166,23.046078262667447,22.39724862594341,22.53207015991211,55131000
2003-01-16 00:00:00-05:00,22.574196613017186,22.734296135561284,22.119172857073295,22.279273986816406,68740300
2003-01-17 00:00:00-05:00,21.824251846784556,21.857958026994154,21.293392366076446,21.327096939086914,77289400
2003-01-21 00:00:00-05:00,21.411346938073677,21.529315278131996,21.08271992951232,21.09114646911621,67729600
2003-01-22 00:00:00-05:00,21.032169272536795,21.51247258272299,20.95633359955871,21.00689125061035,80020200
2003-01-23 00:00:00-05:00,21.402934154219125,21.773694099088814,21.158570777445302,21.495624542236328,78471100
2003-01-24 00:00:00-05:00,21.51247738301882,21.51247738301882,20.762530956949114,20.91420555114746,74519700
2003-01-27 00:00:00-05:00,20.602438620032895,21.091167145795982,20.535027844313838,20.669849395751953,76561000
2003-01-28 00:00:00-05:00,20.87206471571523,21.108001434883676,20.577142209556314,20.880491256713867,65217200
2003-01-29 00:00:00-05:00,20.86364689334409,21.445065607630067,20.509740059500324,21.19227409362793,95717500
2003-01-30 00:00:00-05:00,21.335510526141103,21.41977431828884,20.63612378355174,20.644550323486328,70333800
2003-01-31 00:00:00-05:00,20.27380329552052,20.863648602651033,20.23167217666798,20.594005584716797,90505600
2003-02-03 00:00:00-05:00,20.661412825301426,20.888924685690043,20.543442819619056,20.636133193969727,53158800
2003-02-04 00:00:00-05:00,20.374918105937024,20.47603342351742,20.07156893879783,20.383344650268555,68235700
2003-02-05 00:00:00-05:00,20.501306223190216,20.947903280711518,20.231663323252242,20.290647506713867,80107700
2003-02-06 00:00:00-05:00,20.256949643795668,20.51816608855638,20.10527506064461,20.400196075439453,103552000
2003-02-07 00:00:00-05:00,20.526587226131355,20.602424497731235,19.928315595421033,20.06313705444336,72312400
2003-02-10 00:00:00-05:00,20.130559265510954,20.43390852492711,19.903048928148323,20.240102767944336,67572600
2003-02-11 00:00:00-05:00,20.43390756506606,20.737256810232708,20.155837959396436,20.34964370727539,77823300
2003-02-12 00:00:00-05:00,20.282226307362528,20.501311623067014,20.03786296762987,20.07156753540039,51753000
2003-02-13 00:00:00-05:00,20.096836931219116,20.206378729681795,19.650239983521605,20.17267417907715,77387400
2003-02-14 00:00:00-05:00,20.079994162263475,20.64455973774696,19.903041564538256,20.636133193969727,67510400
2003-02-18 00:00:00-05:00,20.813091996494432,21.352378059774214,20.796238905217127,21.276540756225586,73976800
2003-02-19 00:00:00-05:00,21.234406261557556,21.268110831558015,20.821513626859264,21.133289337158203,45541400
2003-02-20 00:00:00-05:00,21.19227261435159,21.293389534334025,20.931056181262107,21.04902458190918,59759800
2003-02-21 00:00:00-05:00,21.006895176943555,21.377655104083573,20.652988339036963,21.20912742614746,70228500
2003-02-24 00:00:00-05:00,21.17541552156334,21.242826253069207,20.82150877935789,20.84678840637207,56646600
2003-02-25 00:00:00-05:00,20.602431122448827,21.023748719168033,20.29065539370902,20.872074127197266,74440700
2003-02-26 00:00:00-05:00,20.79623574620132,21.015321077928768,20.391771260180953,20.40862274169922,60005600
2003-02-27 00:00:00-05:00,20.577151488054007,20.998469084773213,20.45075653047806,20.872074127197266,66424000
2003-02-28 00:00:00-05:00,20.90577436716013,21.251254596304587,20.829937086889515,21.20069694519043,50185800
2003-03-03 00:00:00-05:00,21.293386626772143,21.470339203580295,20.695114946899754,20.770952224731445,60414400
2003-03-04 00:00:00-05:00,20.779371748043445,20.872062080125776,20.577139611207766,20.644550323486328,56043500
2003-03-05 00:00:00-05:00,20.560292547873093,20.88049473029526,20.49288181586821,20.686687469482422,69096500
2003-03-06 00:00:00-05:00,20.58557553850522,20.796234311339372,20.417047877358343,20.636133193969727,59108600
2003-03-07 00:00:00-05:00,20.290659150817106,20.80466722829425,20.18954220171364,20.678272247314453,73291000
2003-03-10 00:00:00-05:00,20.501309508083857,20.602426415361634,20.147402743409714,20.231666564941406,55948000
2003-03-11 00:00:00-05:00,20.273789874982324,20.42546437396692,20.03785319407126,20.054704666137695,54934200
2003-03-12 00:00:00-05:00,20.021005852879675,20.42547022796042,19.835626749433974,20.417043685913086,77859800
2003-03-13 00:00:00-05:00,20.762524853916332,21.613586354487236,20.560292656829976,21.588308334350586,128537600
2003-03-14 00:00:00-05:00,21.68100344921477,21.891662250564774,21.369229323248263,21.672576904296875,89794400
2003-03-17 00:00:00-05:00,21.428220869409415,22.58263059614885,21.36081009417791,22.414104461669922,141040800
2003-03-18 00:00:00-05:00,22.582621902675065,22.72586994579677,22.262421245390748,22.69216537475586,96548700
2003-03-19 00:00:00-05:00,22.624756552290446,22.70902039786753,22.186585841048963,22.498361587524414,91315100
2003-03-20 00:00:00-05:00,22.363542569934623,22.86912248534648,22.051766788711248,22.582626342773438,92789700
2003-03-21 00:00:00-05:00,22.928094666176623,23.071342662268954,22.07703483861465,22.894390106201172,93304600
2003-03-24 00:00:00-05:00,22.3045563400881,22.414099831711276,21.88323868012059,21.942224502563477,85244500
2003-03-25 00:00:00-05:00,22.034912435234315,22.548920474645968,21.916944009349383,22.253997802734375,78731500
2003-03-26 00:00:00-05:00,22.329832505917913,22.557344392649384,22.21186409377526,22.380390167236328,67880200
2003-03-27 00:00:00-05:00,22.136025395356718,22.456226039679805,21.992777358033475,22.22028923034668,64113100
2003-03-28 00:00:00-05:00,22.02648119463977,22.270846147257974,21.866381681406036,21.975923538208008,45374700
2003-03-31 00:00:00-05:00,21.571463424781435,21.681005303685424,21.24283457367098,21.276540756225586,89345300
2003-04-01 00:00:00-05:00,21.436632280777932,21.630437921822118,21.276531199950835,21.445058822631836,73159500
2003-04-02 00:00:00-05:00,21.959067202948443,22.380384694371394,21.933789182070225,22.03490447998047,75843800
2003-04-03 00:00:00-05:00,22.447800242095475,22.624754462179954,22.16973070241903,22.312978744506836,70138200
2003-04-04 00:00:00-05:00,22.388812228286817,22.41409185748293,21.88323089475587,21.950641632080078,65665700
2003-04-07 00:00:00-04:00,22.84384038650184,22.9196776817505,21.967499022383578,21.984352111816406,83842700
2003-04-08 00:00:00-04:00,22.034903665219083,22.15287365135056,21.80739184253547,21.95906639099121,54250600
2003-04-09 00:00:00-04:00,21.992774915974586,22.144449480674908,21.411356287022944,21.453487396240234,76457100
2003-04-10 00:00:00-04:00,21.453490273035804,21.71470832824707,21.318668776823092,21.71470832824707,57017500
2003-04-11 00:00:00-04:00,21.925368695044554,22.043337110921634,21.369229581339585,21.495624542236328,67974500
2003-04-14 00:00:00-04:00,21.571453138523207,22.026475135640354,21.478762787896287,21.933786392211914,52476200
2003-04-15 00:00:00-04:00,21.883225562187025,22.296116428583193,21.782110284440158,22.14444351196289,64655700
2003-04-16 00:00:00-04:00,22.45623417726019,22.607908813765437,22.009638422216458,22.093900680541992,70711600
2003-04-17 00:00:00-04:00,22.04333303502568,22.734293526885843,22.034906491564115,22.599472045898438,70179900
2003-04-21 00:00:00-04:00,22.70059561505708,22.83541713556824,22.430952574034755,22.68374252319336,52729600
2003-04-22 00:00:00-04:00,22.523638155369568,23.13876145594935,22.456227404719716,23.113483428955078,70757200
2003-04-23 00:00:00-04:00,23.17246725942434,23.383126052691836,22.97023501075143,23.28200912475586,70327100
2003-04-24 00:00:00-04:00,23.054497630167603,23.38312481598042,22.978660340026344,23.15561294555664,72383900
2003-04-25 00:00:00-04:00,23.020796690410954,23.105060543869715,22.6331852145797,22.709022521972656,63277900
2003-04-28 00:00:00-04:00,22.793279583148173,23.282007893392418,22.709017356056965,23.15561294555664,59666200
2003-04-29 00:00:00-04:00,23.29043468171991,23.644341503689848,23.096628985859912,23.36627197265625,79903800
2003-04-30 00:00:00-04:00,23.298862836270605,23.416832856546797,23.113483671835287,23.13033676147461,60202100
2003-05-01 00:00:00-04:00,23.121910322456213,23.484243715364244,22.911251522597972,23.332569122314453,66022600
2003-05-02 00:00:00-04:00,23.26515400157149,23.83814608673279,23.23144782846845,23.82971954345703,85004100
2003-05-05 00:00:00-04:00,23.871869410139887,24.19207027022504,23.737047826188235,23.804458618164062,80520300
2003-05-06 00:00:00-04:00,23.779164984066156,24.352157182486877,23.770738439124777,24.1077938079834,77338300
2003-05-07 00:00:00-04:00,23.939259599710876,24.17519797217499,23.69489629180043,23.838144302368164,70353200
2003-05-08 00:00:00-04:00,23.46738747295716,23.753883530851414,23.39155018662051,23.39997673034668,80249100
2003-05-09 00:00:00-04:00,23.627480781890906,23.99823894013576,23.593774618124094,23.939254760742188,58528200
2003-05-12 00:00:00-04:00,23.897131237655678,24.402710996819415,23.73703012341444,24.30159568786621,67487300
2003-05-13 00:00:00-04:00,24.124637975380445,24.42798707248936,24.04880230830184,24.149917602539062,64934300
2003-05-14 00:00:00-04:00,24.326879032398153,24.41114126698951,23.89713488574598,24.099367141723633,62181200
2003-05-15 00:00:00-04:00,24.22575528730296,24.41956094387371,24.06565419364951,24.369003295898438,62232100
2003-05-16 00:00:00-04:00,24.208896560029146,24.38585069749898,23.998237867497327,24.183618545532227,70590400
2003-05-19 00:00:00-04:00,24.03195627355585,24.166777776889194,23.265158370647782,23.332569122314453,91334800
2003-05-20 00:00:00-04:00,23.39155018662051,23.560076239547268,23.096627585000086,23.39997673034668,71817800
2003-05-21 00:00:00-04:00,23.29886294288157,23.383126784264686,23.121910322456213,23.332569122314453,63648500
2003-05-22 00:00:00-04:00,23.391549105254153,23.863424281713222,23.27358071293909,23.669618606567383,62401400
2003-05-23 00:00:00-04:00,23.627493329571884,23.804445961725555,23.55165602802054,23.678050994873047,37922500
2003-05-27 00:00:00-04:00,23.534798264018406,24.621796691750028,23.509518632787856,24.520681381225586,101422100
2003-05-28 00:00:00-04:00,24.57123983815951,24.773472073005394,24.402712172188473,24.596519470214844,76290400
2003-05-29 00:00:00-04:00,24.630224903320812,25.1105266788326,24.57124070032098,24.697635650634766,97336000
2003-05-30 00:00:00-04:00,24.883022616503137,25.16951876583391,24.81561185237821,25.102108001708984,78093700
2003-06-02 00:00:00-04:00,25.346465590959482,25.44758251749639,24.69763613094513,24.925148010253906,102937000
2003-06-03 00:00:00-04:00,24.807180195583356,25.177938518293026,24.714489811306407,25.161087036132812,81672600
2003-06-04 00:00:00-04:00,25.118953318474418,25.767782768332918,25.04311602655854,25.63296127319336,87046100
2003-06-05 00:00:00-04:00,25.388594309547944,25.852044568895263,25.2537728250248,25.81833839416504,88747900
2003-06-06 00:00:00-04:00,26.29864145076208,26.517726775884096,25.31275989851144,25.388595581054688,157178100
2003-06-09 00:00:00-04:00,25.27905415522931,25.46443330710936,24.88301621872235,25.051542282104492,94941800
2003-06-10 00:00:00-04:00,25.16108592332694,25.447582000967422,25.009411340199744,25.430728912353516,69660100
2003-06-11 00:00:00-04:00,25.338037676087218,25.818339434962866,25.1105258090833,25.71722412109375,87338200
2003-06-12 00:00:00-04:00,25.818336609975937,25.91102697687976,25.498136008160813,25.826763153076172,79450500
2003-06-13 00:00:00-04:00,25.835204927960742,25.89418915723924,25.161097154492637,25.245359420776367,83353600
2003-06-16 00:00:00-04:00,25.422300615251068,26.037423842456818,25.279052586307373,26.020570755004883,71211800
2003-06-17 00:00:00-04:00,26.13854372945004,26.2143810244004,25.750930710014966,25.919458389282227,67571200
2003-06-18 00:00:00-04:00,25.835186426713634,26.315488072253157,25.65823386559846,26.054271697998047,80215700
2003-06-19 00:00:00-04:00,26.104836506181815,26.32392183758335,25.59925509580897,25.63296127319336,79467200
2003-06-20 00:00:00-04:00,25.86048229036753,25.936319609091154,25.48972224407421,25.59926414489746,71512400
2003-06-23 00:00:00-04:00,25.55711950255834,25.59082567403594,24.908290166402963,25.20321273803711,86509400
2003-06-24 00:00:00-04:00,25.051538150554475,25.388591828930167,24.883012114965986,25.00940704345703,83004400
2003-06-25 00:00:00-04:00,25.00098295358769,25.430727038380873,24.832455294265273,24.874588012695312,94255300
2003-06-26 00:00:00-04:00,25.034689550416196,25.51499293625827,24.95042732112366,25.464433670043945,79187500
2003-06-27 00:00:00-04:00,25.4897196753786,25.759362733800945,25.085255087745075,25.135812759399414,82451900
2003-06-30 00:00:00-04:00,25.413873905920415,25.565548477601723,25.110524762557805,25.236921310424805,72043000
2003-07-01 00:00:00-04:00,25.026267736666746,25.5992583604839,24.655507774150422,25.5739803314209,105852500
2003-07-02 00:00:00-04:00,25.62452988549858,26.11325811480363,25.59925025723844,26.096405029296875,81972500
2003-07-03 00:00:00-04:00,25.868904878572135,26.20595868398168,25.675097534162237,25.76778793334961,50050400
2003-07-07 00:00:00-04:00,26.09640915303742,26.88006007374802,26.087982608952487,26.871633529663086,88554600
2003-07-08 00:00:00-04:00,26.778951728247975,27.22554903778115,26.644130202200106,27.200267791748047,81874500
2003-07-09 00:00:00-04:00,27.11599755937903,27.377215595483623,26.905338786055324,27.132850646972656,89588400
2003-07-10 00:00:00-04:00,26.837934289272418,26.955902715486598,26.399763553049368,26.627275466918945,102928700
2003-07-11 00:00:00-04:00,26.66940667225164,26.9559028001279,26.63570209631287,26.82950782775879,67728100
2003-07-14 00:00:00-04:00,27.25081737711609,27.596297615636708,27.023305530129694,27.149702072143555,84524600
2003-07-15 00:00:00-04:00,27.410909075315782,27.512027565902436,26.913756020851427,27.18339729309082,75059000
2003-07-16 00:00:00-04:00,27.351935787614,27.385641964564357,26.73681252306077,27.099145889282227,80138700
2003-07-17 00:00:00-04:00,26.694674856626914,26.829496316937266,26.15538901538551,26.273357391357422,116260400
2003-07-18 00:00:00-04:00,26.458743185846206,26.58513813593803,26.054278702672775,26.357627868652344,80519000
2003-07-21 00:00:00-04:00,26.32391990034421,26.37447755550114,25.793060503199264,26.020570755004883,111325300
2003-07-22 00:00:00-04:00,26.214378365056476,26.543005538370753,26.003719590942424,26.408184051513672,91471500
2003-07-23 00:00:00-04:00,26.450321220398408,26.66098004275188,26.113267426072703,26.627275466918945,69050400
2003-07-24 00:00:00-04:00,26.837922859106488,26.981170861586058,26.189093576863808,26.273357391357422,82999700
2003-07-25 00:00:00-04:00,26.231218658443815,26.829490157520773,25.92787124598621,26.79578399658203,82709600
2003-07-28 00:00:00-04:00,26.846355504607224,26.955897363313493,26.62727017999574,26.871633529663086,56180800
2003-07-29 00:00:00-04:00,26.90532995939141,26.981167221484398,26.32391148574463,26.669391632080078,80560100
2003-07-30 00:00:00-04:00,26.719954972835822,26.745234601327347,26.399754381270025,26.4755916595459,56617300
2003-07-31 00:00:00-04:00,26.78735906354556,27.24238259302929,26.559847298803692,26.79578399658203,85544100
2003-08-01 00:00:00-04:00,26.703097925476467,26.78736172900974,26.374469252416546,26.50929069519043,73545400
2003-08-04 00:00:00-04:00,26.475590123951264,26.7957906969453,25.986861918519132,26.500869750976562,96344600
2003-08-05 00:00:00-04:00,26.46717577177976,26.52615998814028,25.36332393177756,25.456012725830078,111041800
2003-08-06 00:00:00-04:00,25.582401700031316,25.92788195637465,25.363316385023538,25.43915367126465,96816000
2003-08-07 00:00:00-04:00,25.46443256285946,25.708797517340123,25.295906504402836,25.54026985168457,67326600
2003-08-08 00:00:00-04:00,25.641398225733653,25.742513584532933,25.22008048060415,25.338048934936523,66677100
2003-08-11 00:00:00-04:00,25.346468727503908,25.784639451387697,25.304337607099367,25.616111755371094,63712200
2003-08-12 00:00:00-04:00,25.708792956163236,26.037420077968708,25.557118405422667,26.00371551513672,59676100
2003-08-13 00:00:00-04:00,26.104830935024403,26.18066821075548,25.82676145974333,26.012142181396484,57969700
2003-08-14 00:00:00-04:00,26.02057290602793,26.281790961530213,25.843620294751233,26.037425994873047,50271500
2003-08-15 00:00:00-04:00,26.12168082634885,26.366045708760275,26.062696642924976,26.264928817749023,28116300
2003-08-18 00:00:00-04:00,26.382904018424377,26.972747612645712,26.31549327602197,26.939043045043945,67224100
2003-08-19 00:00:00-04:00,27.057018315989207,27.28453021857952,26.837932958739188,27.27610206604004,68205000
2003-08-20 00:00:00-04:00,27.04858600630205,27.4024944274047,26.981176868338327,27.208688735961914,58233500
2003-08-21 00:00:00-04:00,27.46147187889553,27.655277522703734,27.19182896451915,27.503602981567383,77161400
2003-08-22 00:00:00-04:00,28.026041615546035,28.1187319895396,27.284525052393022,27.335081100463867,92989800
2003-08-25 00:00:00-04:00,27.267674418335005,27.419349004990114,27.14127785798973,27.394067764282227,43044700
2003-08-26 00:00:00-04:00,27.200258938197607,27.46147696618962,26.804221035240296,27.41934585571289,79838500
2003-08-27 00:00:00-04:00,27.377218605989878,27.66371469779026,27.276100069308704,27.6384334564209,47532100
2003-08-28 00:00:00-04:00,27.756391189443864,27.908065721713797,27.402486090411962,27.882787704467773,55311000
2003-08-29 00:00:00-04:00,27.840670444486154,28.194575719452377,27.79011117046305,28.135591506958008,53148800
2003-09-02 00:00:00-04:00,28.219838274920676,28.55689023533136,27.916489260473597,28.540037155151367,80303100
2003-09-03 00:00:00-04:00,28.733855951471316,28.818121391069646,28.354672723671303,28.523197174072266,85234800
2003-09-04 00:00:00-04:00,28.506338829934876,28.834965910722698,28.39679539820664,28.784406661987305,63736100
2003-09-05 00:00:00-04:00,28.62431841188233,28.936092531921847,28.371525283549488,28.599037170410156,91024100
2003-09-08 00:00:00-04:00,28.649588211722996,29.0961837052398,28.60745710723226,29.070905685424805,69296000
2003-09-09 00:00:00-04:00,28.919235214407543,28.978219411888862,28.58217990217342,28.72542953491211,87817500
2003-09-10 00:00:00-04:00,28.438937928443984,28.55690634184345,27.89965191610461,28.034473419189453,111624500
2003-09-11 00:00:00-04:00,28.042905090375513,28.464222790480427,27.81539314659098,28.346254348754883,96914900
2003-09-12 00:00:00-04:00,28.0934564969886,28.51477407899839,27.849091527967392,28.497920989990234,104963000
2003-09-15 00:00:00-04:00,28.514775390066063,28.573759597107596,28.177720023201697,28.2198543548584,54594200
2003-09-16 00:00:00-04:00,28.245121341566527,29.011918947770283,28.245121341566527,28.98664093017578,87463800
2003-09-17 00:00:00-04:00,28.927662642338724,29.070909057100543,28.674869557280637,28.868675231933594,79794700
2003-09-18 00:00:00-04:00,28.792842460972487,29.374262790434265,28.649596023764754,29.30685043334961,91469900
2003-09-19 00:00:00-04:00,29.31527926474951,29.374263471366856,28.952945873015405,29.13832664489746,69796000
2003-09-22 00:00:00-04:00,28.75913966909878,28.81812387470212,28.455790489196946,28.582183837890625,97477500
2003-09-23 00:00:00-04:00,28.624332959314376,29.12148810228886,28.57377366507298,29.08778190612793,77826500
2003-09-24 00:00:00-04:00,29.079342908472054,29.08777106156998,27.950211473244067,27.992345809936523,115057400
2003-09-25 00:00:00-04:00,28.127163589012557,28.430512772220794,27.60472745597697,27.630008697509766,117604800
2003-09-26 00:00:00-04:00,27.714273115508124,27.950209959091186,27.402498970145018,27.45305824279785,106581000
2003-09-29 00:00:00-04:00,27.604724519114722,27.95020478225781,27.34350969478569,27.9249267578125,96862800
2003-09-30 00:00:00-04:00,27.739545308210456,27.773251482887204,27.267671720326952,27.318227767944336,119122500
2003-10-01 00:00:00-04:00,27.478327845578328,28.000760645191033,27.31822513847308,27.933351516723633,106653600
2003-10-02 00:00:00-04:00,27.89121954817783,28.169290664357582,27.747973129101737,28.02604103088379,83911100
2003-10-03 00:00:00-04:00,28.5232001022595,29.045636238208807,28.497922074983887,28.809696197509766,112862800
2003-10-06 00:00:00-04:00,28.885520431336673,29.028770021381618,28.700142957815256,29.020341873168945,49162900
2003-10-07 00:00:00-04:00,28.784416852495912,29.197309494018555,28.65802029310787,29.197309494018555,80104600
2003-10-08 00:00:00-04:00,29.33213274473781,29.357410772367857,28.834977843491465,29.011930465698242,71387400
2003-10-09 00:00:00-04:00,29.41638926801682,29.71973839826926,29.011924832479437,29.231008529663086,118216100
2003-10-10 00:00:00-04:00,29.298429274090555,29.517513034071406,29.18888578690087,29.500659942626953,68356200
2003-10-13 00:00:00-04:00,29.610203993079082,29.8040097267792,29.424823198062196,29.694469451904297,60919800
2003-10-14 00:00:00-04:00,29.57649669276429,29.854567874789876,29.45852826926197,29.770305633544922,62274900
2003-10-15 00:00:00-04:00,30.166330782960685,30.208461887882684,29.517501481090644,29.643898010253906,97045200
2003-10-16 00:00:00-04:00,29.576491690614883,29.938825052605488,29.542788728456017,29.879840850830078,73955000
2003-10-17 00:00:00-04:00,29.83771225229332,29.90512461108893,29.15517658427958,29.163604736328125,97794400
2003-10-20 00:00:00-04:00,29.197299505261935,29.559632756191075,29.0709029891157,29.52592658996582,75544300
2003-10-21 00:00:00-04:00,29.61019050409185,29.871408485853713,29.441662877613137,29.702880859375,73455600
2003-10-22 00:00:00-04:00,29.399541073179766,29.433247252015637,29.020354597271545,29.129898071289062,88141400
2003-10-23 00:00:00-04:00,28.776002521042905,29.079348589460064,28.691737045594348,28.7928524017334,95409600
2003-10-24 00:00:00-04:00,28.472633157342006,28.84339134463351,28.219843338079755,28.818113327026367,101778600
2003-10-27 00:00:00-05:00,28.885520358341633,29.02876994802458,28.68328980330264,28.826536178588867,63604500
2003-10-28 00:00:00-05:00,29.011925236319854,29.837707205503108,28.961365975774807,29.795576095581055,107375700
2003-10-29 00:00:00-05:00,29.660746522045038,29.837699064073472,29.551203094619297,29.76186180114746,74075200
2003-10-30 00:00:00-05:00,30.174766442812402,30.334865967122244,29.610199210270636,29.820858001708984,95062600
2003-10-31 00:00:00-05:00,29.862981684486662,29.905116003805926,29.542782715561653,29.643898010253906,55473200
2003-11-03 00:00:00-05:00,29.854555817163973,30.318004385631045,29.795571629235283,30.13262367248535,71141200
2003-11-04 00:00:00-05:00,30.073654946573612,30.22532956905688,29.871424259528467,29.930408477783203,60033900
2003-11-05 00:00:00-05:00,29.930399744296622,30.242173837583643,29.6186256510096,30.200042724609375,67412700
2003-11-06 00:00:00-05:00,30.157929325485018,30.30960399279976,29.778742657198162,30.28432273864746,90567400
2003-11-07 00:00:00-05:00,30.402286468348233,30.486548721738988,29.997818651755626,30.023099899291992,63505200
2003-11-10 00:00:00-05:00,30.082081939187415,30.115788123860252,29.568073873322064,29.65233612060547,68896400
2003-11-11 00:00:00-05:00,29.61862101442366,29.745014333560473,29.365827947355278,29.542783737182617,75607100
2003-11-12 00:00:00-05:00,29.635475459344285,30.30115797182285,29.610197434495028,30.17476463317871,80364600
2003-11-13 00:00:00-05:00,30.090500609012693,30.250603345653047,29.955679112809143,30.14105987548828,64243000
2003-11-14 00:00:00-05:00,30.174755825015744,30.351708376102927,29.450089323157467,29.52592658996582,90932200
2003-11-17 00:00:00-05:00,29.357414830823867,29.416399046380278,28.868684799757975,29.222593307495117,108063100
2003-11-18 00:00:00-05:00,29.382684095046578,29.466949530983964,28.49791791128913,28.548477172851562,108588500
2003-11-19 00:00:00-05:00,28.658008573125226,28.986638850257847,28.548468361811068,28.826536178588867,86320300
2003-11-20 00:00:00-05:00,28.582180132828807,29.222584588362107,28.489492974894247,28.548477172851562,117324500
2003-11-21 00:00:00-05:00,28.71700761065352,28.868678981229927,28.422083377915243,28.843400955200195,81787500
2003-11-24 00:00:00-05:00,29.08775906785062,29.70288220002416,29.04562796292862,29.643898010253906,92057500
2003-11-25 00:00:00-05:00,29.736588369720664,29.87140983410942,29.5680607356354,29.643898010253906,72519800
2003-11-26 00:00:00-05:00,29.829285844363444,29.93040116317472,29.332130973144118,29.77872657775879,72842900
2003-11-28 00:00:00-05:00,29.71131280705646,29.913546649444104,29.669181694091748,29.81243133544922,24802600
2003-12-01 00:00:00-05:00,30.09050757784304,30.34329753997,29.888276893900983,30.2506103515625,82767300
2003-12-02 00:00:00-05:00,30.183190435713644,30.376996132045047,29.980959802323465,30.082075119018555,62504500
2003-12-03 00:00:00-05:00,30.20003558956879,30.43597233800072,29.702880859374996,29.702880859375,107568500
2003-12-04 00:00:00-05:00,29.812441051416183,30.09050905912481,29.559651076844997,30.023099899291992,102334800
2003-12-05 00:00:00-05:00,29.71973222416563,29.913537858365434,29.458514257515315,29.52592658996582,87490200
2003-12-08 00:00:00-05:00,29.50908865688741,29.7703067576477,29.30685477010548,29.694469451904297,86961200
2003-12-09 00:00:00-05:00,29.86299061135814,29.879843701244248,28.94451810615382,29.011930465698242,109949500
2003-12-10 00:00:00-05:00,29.07091213977686,29.239439809553705,28.75913804004836,29.121471405029297,103504200
2003-12-11 00:00:00-05:00,29.070901256288984,29.82084573091586,29.06247632243332,29.74500846862793,108374700
2003-12-12 00:00:00-05:00,29.753453665882656,29.77873169633093,29.407973320695735,29.694469451904297,72189400
2003-12-15 00:00:00-05:00,30.275882172853837,30.326441440667327,29.197310174684205,29.30685043334961,106091400
2003-12-16 00:00:00-05:00,29.31526580700031,29.509071427543912,29.003488612980995,29.365821838378906,89854700
2003-12-17 00:00:00-05:00,29.33212344232544,29.49222292387204,29.129889642226978,29.416385650634766,68539900
2003-12-18 00:00:00-05:00,29.450105174270046,30.031522389809254,29.450105174270046,29.964113235473633,89978100
2003-12-19 00:00:00-05:00,30.006237405719048,30.03994358227583,29.660757132006836,29.879840850830078,89762300
2003-12-22 00:00:00-05:00,29.7871458225675,30.065216914155705,29.73658978002231,29.97252655029297,63580000
2003-12-23 00:00:00-05:00,29.99780888217587,30.351717302835034,29.938824681132324,30.200042724609375,66999800
2003-12-24 00:00:00-05:00,30.211843541154302,30.363577386974,30.178124194160166,30.262422561645508,44840300
2003-12-26 00:00:00-05:00,30.31300822752371,30.422594533076914,30.194993690307165,30.22028160095215,25497600
2003-12-29 00:00:00-05:00,30.371996152993272,30.79347821213846,30.36356792669765,30.71761131286621,63296200
2003-12-30 00:00:00-05:00,30.79348025043791,30.83563103166483,30.599598876275966,30.818771362304688,48249400
2003-12-31 00:00:00-05:00,30.86935215791405,30.88621183000674,30.557456263333393,30.734477996826172,60494600
2004-01-02 00:00:00-05:00,30.903082911540597,31.012669212775606,30.53217963552458,30.65019416809082,55234100
2004-01-05 00:00:00-05:00,30.835630766459968,31.324548311086595,30.81877109724483,31.265541076660156,69717900
2004-01-06 00:00:00-05:00,31.257126109725142,31.543730961006233,31.147539821164777,31.476295471191406,60033000
2004-01-07 00:00:00-05:00,31.425714233808904,31.762901306152344,31.24869246787301,31.762901306152344,71830000
2004-01-08 00:00:00-05:00,31.90619515116491,32.032641073241685,31.69545409147253,32.01578140258789,76800900
2004-01-09 00:00:00-05:00,31.788207377560287,32.327704429100486,31.68705248431052,31.80506706237793,94296500
2004-01-12 00:00:00-05:00,31.90621092753621,32.32769325532747,31.762908479601567,32.31083679199219,77668400
2004-01-13 00:00:00-05:00,32.26023053525457,32.336097418870054,31.695443020416626,31.990482330322266,92973900
2004-01-14 00:00:00-05:00,32.10009002685547,32.24339244978484,31.821910195539285,32.10009002685547,68122400
2004-01-15 00:00:00-05:00,31.973634697553862,32.4204047271622,31.72074606222185,32.18437576293945,104427700
2004-01-16 00:00:00-05:00,32.35296434555395,32.56370537893834,32.17593943361481,32.513126373291016,77324100
2004-01-20 00:00:00-05:00,32.6480084411764,32.87560919842859,32.29396496255328,32.48784637451172,81998100
2004-01-21 00:00:00-05:00,32.36140216693526,32.589002936350816,32.03264657188632,32.35297393798828,112180300
2004-01-22 00:00:00-05:00,32.49627962221608,32.61429413331837,32.08322883335808,32.159095764160156,90061900
2004-01-23 00:00:00-05:00,32.20966252022572,32.420403578142384,31.847187643356794,32.04106903076172,88751300
2004-01-26 00:00:00-05:00,32.01578994199072,32.58057780474894,31.897775431590137,32.529998779296875,84538000
2004-01-27 00:00:00-05:00,32.46256018655715,32.563718237797396,31.771329581353374,31.813480377197266,97191600
2004-01-28 00:00:00-05:00,31.98206358795937,32.08322161671097,31.18967832332635,31.27397346496582,127959700
2004-01-29 00:00:00-05:00,31.391979217529297,31.450986437349748,30.90305857827149,31.391979217529297,143925900
2004-01-30 00:00:00-05:00,31.358285492659856,31.560595207051342,31.164404009845125,31.248699188232422,84264700
2004-02-02 00:00:00-05:00,31.35826812469998,31.594297065982353,31.037940836064507,31.164386749267578,94507900
2004-02-03 00:00:00-05:00,31.113820407893996,31.39200024393189,31.05481314855041,31.130680084228516,73488700
2004-02-04 00:00:00-05:00,30.869361916053847,31.071674829465792,30.62490463256836,30.62490463256836,109933000
2004-02-05 00:00:00-05:00,30.776624605258892,30.94521810525154,30.624893992484417,30.742908477783203,96784500
2004-02-06 00:00:00-05:00,30.852512329987395,31.42572868721389,30.793505047536645,31.299285888671875,107174100
2004-02-09 00:00:00-05:00,31.47629336087824,31.51001271135219,31.231832893423498,31.29084014892578,58817700
2004-02-10 00:00:00-05:00,31.240264384056793,31.535300661994967,31.214973263337622,31.341419219970703,65042700
2004-02-11 00:00:00-05:00,31.39199609745585,31.7544678359796,31.248690475368473,31.678604125976562,92503000
2004-02-12 00:00:00-05:00,31.628027659991087,31.77976152356913,31.39199863471604,31.400426864624023,70556400
2004-02-13 00:00:00-05:00,31.518435618073802,32.00735647041068,30.98736719258982,31.139101028442383,90570400
2004-02-17 00:00:00-05:00,31.42571654827869,31.71232461618271,31.375140734660288,31.560590744018555,69678600
2004-02-18 00:00:00-05:00,31.61959714586892,31.754471337949784,31.45943504766489,31.653316497802734,70972100
2004-02-19 00:00:00-05:00,31.923066609340434,31.948357732486507,31.03795447493742,31.172828674316406,100843800
2004-02-20 00:00:00-05:00,31.18969078598493,31.3077053176974,30.810356065727124,31.07167625427246,132347600
2004-02-23 00:00:00-05:00,31.18968108189626,31.214968983493986,30.439443321728234,30.726051330566406,125199800
2004-02-24 00:00:00-05:00,30.599615133138933,30.894654680209367,30.431021565620803,30.65019416809082,124521900
2004-02-25 00:00:00-05:00,30.70920350228944,30.911513224410584,30.624908320681474,30.835649490356445,74457100
2004-02-26 00:00:00-05:00,30.742929604079386,31.054825703223486,30.60805535453147,30.91152000427246,71327600
2004-02-27 00:00:00-05:00,30.987375393963845,31.13910926997555,30.57432456588553,30.827213287353516,99383900
2004-03-01 00:00:00-05:00,30.919917672400903,31.24867309551672,30.742896016208118,31.231813430786133,79700700
2004-03-02 00:00:00-05:00,31.172818082757054,31.341411578611574,30.860922205600946,30.86935043334961,91536000
2004-03-03 00:00:00-05:00,30.77662680733763,30.877784843963244,30.52373814708116,30.700759887695312,83938300
2004-03-04 00:00:00-05:00,30.717613627036297,31.046372359085662,30.675466061077096,30.987361907958984,65905600
2004-03-05 00:00:00-05:00,30.700755980567763,31.31612270360411,30.65018018434526,30.87778091430664,118107100
2004-03-08 00:00:00-05:00,30.928353695801928,31.03793993635777,30.11910887858893,30.152828216552734,112599500
2004-03-09 00:00:00-05:00,30.186559867976925,30.32986228929829,29.94209939150055,30.06011390686035,126140400
2004-03-10 00:00:00-05:00,30.135984599527774,30.346725750573423,29.613347445317903,29.663923263549805,134226100
2004-03-11 00:00:00-05:00,29.56277389308034,29.950536911147775,29.335173021869792,29.394180297851562,152132000
2004-03-12 00:00:00-05:00,29.655491522282727,30.00110684046333,29.63020361615993,29.93366813659668,118369600
2004-03-15 00:00:00-05:00,29.807229944331624,29.840949301416657,29.34360003920455,29.411035537719727,115813600
2004-03-16 00:00:00-05:00,29.59648690553162,29.71450143217594,29.191864293184807,29.461612701416016,123265100
2004-03-17 00:00:00-05:00,29.68076962892181,30.026384832993156,29.655481731148132,29.925230026245117,91684700
2004-03-18 00:00:00-05:00,29.81564739791549,29.89151431610474,29.478463595916164,29.790359497070312,111249700
2004-03-19 00:00:00-05:00,29.73979433635819,29.891528243433914,29.267736150482804,29.29302406311035,99976700
2004-03-22 00:00:00-05:00,29.107555745324788,29.12441541691091,28.686073602632437,28.92210578918457,133870400
2004-03-23 00:00:00-05:00,29.158146088163274,29.208725122571835,28.669225069178268,28.686084747314453,125945800
2004-03-24 00:00:00-05:00,28.787232104606037,29.191854582352946,28.669214401566283,29.014829635620117,118876800
2004-03-25 00:00:00-05:00,29.208715268055215,29.89151431610474,29.18342415155632,29.790359497070312,142122000
2004-03-26 00:00:00-05:00,29.756636821570925,29.992668993770916,29.672341684419514,29.68920135498047,78430800
2004-03-29 00:00:00-05:00,29.93366458796404,30.31299921310789,29.9168081296501,30.169696807861328,103864000
2004-03-30 00:00:00-05:00,30.068536372038295,30.296137129018486,29.94209365081847,30.270849227905273,95716500
2004-03-31 00:00:00-05:00,30.279269410792093,30.34670808337966,30.01795259364751,30.211833953857422,85993900
2004-04-01 00:00:00-05:00,30.186561595110526,30.557464838270445,30.161270472047548,30.481597900390625,93048600
2004-04-02 00:00:00-05:00,31.096951738130816,31.324552479341623,30.785055855280543,31.27397346496582,145964000
2004-04-05 00:00:00-04:00,31.198112901349845,31.611166897025484,31.16439676722353,31.569019317626953,67351600
2004-04-06 00:00:00-04:00,31.324562550574587,31.40042948870368,31.122249643678824,31.172828674316406,98611400
2004-04-07 00:00:00-04:00,31.181251817243204,31.282406635927014,30.903072046295595,31.139101028442383,91004900
2004-04-08 00:00:00-04:00,31.48471627329463,31.518435618073802,30.97051073585394,31.139101028442383,77176300
2004-04-12 00:00:00-04:00,31.206547893794276,31.392001123012847,31.17282854018098,31.332990646362305,55285700
2004-04-13 00:00:00-04:00,31.47628475106432,31.493144421689614,30.734475321818344,30.87778091430664,100624400
2004-04-14 00:00:00-04:00,30.692323562881473,31.147524960658888,30.65017599989903,31.029510498046875,113663200
2004-04-15 00:00:00-04:00,30.978956458213606,31.071683100892738,30.36359253893592,30.47317886352539,123565500
2004-04-16 00:00:00-04:00,30.515320695596017,30.616475552292638,30.169705320865567,30.42259407043457,110736600
2004-04-19 00:00:00-04:00,30.355128766752404,30.84404937456285,30.32984087864224,30.79347038269043,85838700
2004-04-20 00:00:00-04:00,30.860934100711457,31.012667983899842,30.04325742082458,30.076976776123047,119545100
2004-04-21 00:00:00-04:00,30.26242233851379,30.43944408544691,30.051681244835155,30.338289260864258,117850500
2004-04-22 00:00:00-04:00,30.34672190194285,31.198114629303884,30.329862226118802,31.12224769592285,137623300
2004-04-23 00:00:00-04:00,31.257123783394416,31.408854428098746,31.105389923035865,31.36670684814453,91855600
2004-04-26 00:00:00-04:00,31.34141388146371,31.43414047177958,30.894643817927655,31.139101028442383,74392200
2004-04-27 00:00:00-04:00,31.147530160994123,31.349839783348266,30.928357651848085,31.08009147644043,87548500
2004-04-28 00:00:00-04:00,30.945234233084356,30.95366568108769,30.363589731408315,30.515323638916016,111740700
2004-04-29 00:00:00-04:00,30.42259725356033,30.63333843619357,29.75665434468204,30.043262481689453,156917100
2004-04-30 00:00:00-04:00,30.0601211890582,30.17813573300755,29.267735525644607,29.30988311767578,150829200
2004-05-03 00:00:00-04:00,29.5037518799068,29.942093722286728,29.41102528806535,29.58804702758789,117007200
2004-05-04 00:00:00-04:00,29.68077345270703,30.135974965196972,29.529039615210383,29.714492797851562,126176000
2004-05-05 00:00:00-04:00,29.857800583096516,30.093832826078298,29.67235058261965,29.95052719116211,97528500
2004-05-06 00:00:00-04:00,29.697635375860667,29.874657127804113,29.377308004019678,29.722923278808594,102733300
2004-05-07 00:00:00-04:00,29.579624689123325,30.0432545249971,29.427890820560357,29.478469848632812,137686000
2004-05-10 00:00:00-04:00,29.22557258605957,29.419457217098323,29.014831497729794,29.22557258605957,156951400
2004-05-11 00:00:00-04:00,29.478473237274876,29.824088596363552,29.436322434541932,29.663923263549805,120493600
2004-05-12 00:00:00-04:00,29.60490877751296,29.748214397410504,28.888390324987206,29.722923278808594,197765400
2004-05-13 00:00:00-04:00,29.55433493832321,29.883090561139362,29.43631721352005,29.512184143066406,137841700
2004-05-14 00:00:00-04:00,29.67235883079966,29.765085464640958,29.200297429269053,29.29302406311035,133689900
2004-05-17 00:00:00-04:00,28.98111350754808,29.217142482320376,28.753512760880394,29.014829635620117,150652400
2004-05-18 00:00:00-04:00,29.217155830545003,29.41946876967447,29.16657679184887,29.27616310119629,96686400
2004-05-19 00:00:00-04:00,29.638622040934912,29.933658233608348,29.19185203041419,29.242427825927734,141646900
2004-05-20 00:00:00-04:00,29.318296834388136,29.52060967789029,29.132846878135847,29.377304077148438,94938500
2004-05-21 00:00:00-04:00,29.51218699259357,29.647061189737084,29.284589397633177,29.520618438720703,111329200
2004-05-24 00:00:00-04:00,29.756642626508484,29.89151680165406,29.503753950067274,29.722923278808594,99861800
2004-05-25 00:00:00-04:00,29.63019873981315,30.414155857145204,29.46160522354695,30.312997817993164,146321400
2004-05-26 00:00:00-04:00,30.22870512274135,30.50688171386719,30.186557544165208,30.506881713867188,93789700
2004-05-27 00:00:00-04:00,30.591176838164902,30.768198578779053,30.397295424779816,30.700759887695312,110183400
2004-05-28 00:00:00-04:00,30.667046104703225,30.81034851074219,30.523740483010233,30.810348510742188,56379500
2004-06-01 00:00:00-04:00,30.57431660348383,30.810345586631506,30.439442439448914,30.768198013305664,90592700
2004-06-02 00:00:00-04:00,30.81877759709186,30.903072745292757,30.490018801539293,30.700759887695312,103519800
2004-06-03 00:00:00-04:00,30.599605206821018,30.650184225365393,30.194982705427382,30.329856872558594,97301400
2004-06-04 00:00:00-04:00,30.633327665249737,30.869356677799434,30.49002203930591,30.506881713867188,91233200
2004-06-07 00:00:00-04:00,30.717604911286116,31.273960984786477,30.63330980328543,31.231813430786133,107532600
2004-06-08 00:00:00-04:00,31.105383181686882,31.34984037870276,31.063232395213618,31.27397346496582,72530900
2004-06-09 00:00:00-04:00,31.172833432443372,31.23184070269996,30.76821077254603,30.835649490356445,98215200
2004-06-10 00:00:00-04:00,30.928352222705495,31.054798126220707,30.81033776110618,31.054798126220703,57101300
2004-06-14 00:00:00-04:00,30.860923122992904,30.860923122992904,30.431009535001312,30.61646270751953,85129900
2004-06-15 00:00:00-04:00,30.818777659100792,31.18125258527077,30.818777659100792,31.012659072875977,91937700
2004-06-16 00:00:00-04:00,30.995801256809287,31.105387528778504,30.89464642957446,30.962081909179688,64743300
2004-06-17 00:00:00-04:00,30.894644791841525,30.903073020475155,30.557457764727832,30.675472259521484,77844200
2004-06-18 00:00:00-04:00,30.599596850810023,31.05479824644353,30.56587751432171,30.71761131286621,78641500
2004-06-21 00:00:00-04:00,30.78507493972794,30.87780158240707,30.397311902756606,30.47317886352539,65373100
2004-06-22 00:00:00-04:00,30.481597102161547,30.936798717519988,30.363582583139983,30.919939041137695,101524300
2004-06-23 00:00:00-04:00,30.827210334698872,31.349847404428065,30.77663130898795,31.29084014892578,94393900
2004-06-24 00:00:00-04:00,31.206525541516378,31.484701970440433,31.122227217863447,31.231813430786133,92343200
2004-06-25 00:00:00-04:00,31.189688954525703,31.518444620892993,31.17282927732038,31.46786880493164,81005400
2004-06-28 00:00:00-04:00,31.602733408913924,31.62802130921446,31.10538433719694,31.206539154052734,94033200
2004-06-29 00:00:00-04:00,31.27398040033269,31.687034403534067,31.257123940789505,31.5015811920166,68265900
2004-06-30 00:00:00-04:00,31.569019910181378,31.94835456319668,31.48472153414784,31.813480377197266,97809500
2004-07-01 00:00:00-04:00,31.746033231024214,31.746033231024214,30.995795570008607,31.22339630126953,122141800
2004-07-02 00:00:00-04:00,31.22339988461703,31.23182811311838,30.877784634294134,31.037946701049805,74056400
2004-07-06 00:00:00-04:00,30.852502650192434,30.852502650192434,30.20342274687924,30.372013092041016,130232600
2004-07-07 00:00:00-04:00,30.312994807632286,30.591174564193775,30.279275464596918,30.43100929260254,95623100
2004-07-08 00:00:00-04:00,30.186564361237675,30.456312783827585,29.967391758099094,30.09383773803711,108755400
2004-07-09 00:00:00-04:00,30.211841802577197,30.380435312192045,30.034820064525785,30.135974884033203,86014700
2004-07-12 00:00:00-04:00,29.984239306924966,30.08539412056225,29.70606276550905,30.0095272064209,81844500
2004-07-13 00:00:00-04:00,30.076976355785952,30.1865626511471,29.849375534184183,29.967390060424805,81222000
2004-07-14 00:00:00-04:00,29.672354710358302,30.051689425371425,29.545908733469005,29.663923263549805,119489200
2004-07-15 00:00:00-04:00,29.77350432810736,29.91680995776485,29.554334984439336,29.562763214111328,90405700
2004-07-16 00:00:00-04:00,29.866227295348228,29.883086968293068,29.183425011524378,29.22557258605957,120387100
2004-07-19 00:00:00-04:00,29.318294945647224,29.47846020766723,29.05697809187286,29.166561126708984,106387900
2004-07-20 00:00:00-04:00,29.28459319275672,30.001111855003334,29.259302066752245,29.86623764038086,117453700
2004-07-21 00:00:00-04:00,29.984239151474103,30.051677837318362,28.947393474020128,28.99797248840332,136086800
2004-07-22 00:00:00-04:00,29.065424555765894,29.59649325525717,28.871543046732175,29.394180297851562,132135800
2004-07-23 00:00:00-04:00,29.18343350254461,29.21715285824505,28.686084260754715,28.837818145751953,107107100
2004-07-26 00:00:00-04:00,28.86310624457896,29.006408667801043,28.407904637306917,28.71137237548828,112962200
2004-07-27 00:00:00-04:00,28.820954961523512,29.259296885336013,28.694512216512095,29.107563018798828,103474700
2004-07-28 00:00:00-04:00,29.006403242753922,29.191856429325,28.5006259174831,28.981115341186523,154299800
2004-07-29 00:00:00-04:00,29.259292997563325,29.436314746450496,29.08227124867615,29.318300247192383,98959800
2004-07-30 00:00:00-04:00,29.30144923502082,29.58805733893381,29.20872582651931,29.411035537719727,83007800
2004-08-02 00:00:00-04:00,29.175016284503144,29.52063177175958,29.04857026072271,29.47005271911621,81249000
2004-08-03 00:00:00-04:00,29.368878343494917,29.444745264294955,28.82095022486643,28.85466957092285,85746500
2004-08-04 00:00:00-04:00,28.78722742660666,29.04854425888172,28.669209742745085,28.863094329833984,86721000
2004-08-05 00:00:00-04:00,28.955831828899537,28.99798263012073,28.3236083984375,28.3236083984375,109722900
2004-08-06 00:00:00-04:00,28.155010757716123,28.16343898638277,27.531215719808188,27.58179473876953,148808600
2004-08-09 00:00:00-04:00,27.657649046066116,27.784091712324344,27.522774939332592,27.64921760559082,79281900
2004-08-10 00:00:00-04:00,27.784112820534517,28.222454804349734,27.7503934643207,27.994853973388672,105819800
2004-08-11 00:00:00-04:00,27.691383746149217,27.85154906615161,27.438495028253534,27.750391006469727,121217700
2004-08-12 00:00:00-04:00,27.55651134862618,27.699817001374303,27.28676293649943,27.371061325073242,113691800
2004-08-13 00:00:00-04:00,27.522788556598215,27.598655480150263,27.269896667655424,27.4132022857666,91416100
2004-08-16 00:00:00-04:00,27.48906298797329,27.977980550259005,27.4722033181492,27.7250919342041,77851300
2004-08-17 00:00:00-04:00,27.91898043088205,28.18872878552601,27.809397372570096,28.03699493408203,89573100
2004-08-18 00:00:00-04:00,27.868400560175907,28.584918919775323,27.826249773190646,28.534339904785156,106608500
2004-08-19 00:00:00-04:00,28.43319316509611,28.53434800814947,28.163444773184168,28.382614135742188,104690200
2004-08-20 00:00:00-04:00,28.298320529977353,28.778810080551043,28.24774149783367,28.66922378540039,91962400
2004-08-23 00:00:00-04:00,28.702948272265147,28.888401540963137,28.584933725150144,28.73666763305664,83390800
2004-08-24 00:00:00-04:00,28.87152618272399,28.92210519644577,28.500623062391405,28.72822380065918,86610500
2004-08-25 00:00:00-04:00,28.719810794880836,29.166581114788894,28.576508320818082,29.124433517456055,88394600
2004-08-26 00:00:00-04:00,29.04854828713298,29.124415200881007,28.922105574655294,28.99797248840332,57663400
2004-08-27 00:00:00-04:00,29.056978015656636,29.23399973206914,29.031686902131035,29.132844924926758,58597200
2004-08-30 00:00:00-04:00,29.006413116815676,29.023272795484406,28.61021870723773,28.643938064575195,62355700
2004-08-31 00:00:00-04:00,28.677654266357422,28.76194943477073,28.36575828444272,28.677654266357422,81262000
2004-09-01 00:00:00-04:00,28.601781570578986,29.056983105943246,28.492195301179315,28.888389587402344,96630600
2004-09-02 00:00:00-04:00,28.812522903042193,29.4025986149867,28.79566322948333,29.318300247192383,83054000
2004-09-03 00:00:00-04:00,29.03169153776673,29.225572955603205,28.70293595031993,28.7788028717041,90213700
2004-09-07 00:00:00-04:00,28.9979779345089,29.174999694616208,28.761945705378352,29.023265838623047,95556500
2004-09-08 00:00:00-04:00,28.922127739081226,29.234023860998178,28.812541398429758,28.9136962890625,101466100
2004-09-09 00:00:00-04:00,29.040125675099187,29.293014364612493,28.778805540398082,29.158140182495117,104397500
2004-09-10 00:00:00-04:00,29.17500321151315,29.663920972029974,29.0569886905489,29.60491371154785,108591600
2004-09-13 00:00:00-04:00,29.714497867179066,30.11069220108416,29.62177126003921,29.992677688598633,109350500
2004-09-14 00:00:00-04:00,29.8830962056307,30.110697037260334,29.807229261754156,30.03483009338379,76466300
2004-09-15 00:00:00-04:00,29.857795191235205,29.883086307920475,29.604906533958705,29.714492797851562,90128700
2004-09-16 00:00:00-04:00,29.722923328219597,29.984243449847185,29.61334027149376,29.773502349853516,67121000
2004-09-17 00:00:00-04:00,29.697644068189028,29.942104587084433,29.638636800270127,29.86623764038086,83903400
2004-09-20 00:00:00-04:00,29.748223104543055,30.15284574841049,29.655496479054804,29.86623764038086,110678100
2004-09-21 00:00:00-04:00,29.95895167852231,30.22026855075437,29.857793648316118,29.98423957824707,93688400
2004-09-22 00:00:00-04:00,29.874663544671133,29.891523222142418,29.394173991530874,29.461612701416016,101393400
2004-09-23 00:00:00-04:00,29.486900290410937,29.63020593953732,29.402605119622223,29.436321258544922,92503200
2004-09-24 00:00:00-04:00,29.495326507122897,29.6639168188079,29.293013631185193,29.335161209106445,103247400
2004-09-27 00:00:00-04:00,29.18341683285109,29.284574842170525,28.981107245518047,29.08226203918457,86017600
2004-09-28 00:00:00-04:00,29.124423359094592,29.242437876726253,28.85467497146382,29.14128303527832,87070300
2004-09-29 00:00:00-04:00,29.11599213192485,29.604909828310987,29.10756068687362,29.57119369506836,95096200
2004-09-30 00:00:00-04:00,29.520623626439022,29.73136479748814,29.41103731711006,29.62177848815918,74514600
2004-10-01 00:00:00-04:00,29.88308443871872,30.473160079223522,29.80721752471591,30.43100929260254,118252700
2004-10-04 00:00:00-04:00,30.650183614713463,30.869352926064938,30.557457023723085,30.608036041259766,108032600
2004-10-05 00:00:00-04:00,30.54060786685581,30.759780469325833,30.481600600572694,30.65019416809082,89754400
2004-10-06 00:00:00-04:00,30.608020667338455,30.928344637215925,30.43942724255172,30.894628524780273,87815500
2004-10-07 00:00:00-04:00,30.80191512654409,30.91149816612093,30.490016032092644,30.549026489257812,82374300
2004-10-08 00:00:00-04:00,30.414159927849397,30.54903411578347,29.925238986804448,29.992677688598633,115073000
2004-10-11 00:00:00-04:00,30.110686983069783,30.228701475104057,30.00952894790863,30.135974884033203,51181600
2004-10-12 00:00:00-04:00,29.866232182197404,30.21184749498324,29.6723507350887,30.08540153503418,97884100
2004-10-13 00:00:00-04:00,30.388868526252846,30.464735457243638,29.86623145479088,30.01796531677246,132442500
2004-10-14 00:00:00-04:00,30.085400644042185,30.161267574633918,29.78193613732949,29.88309097290039,99383700
2004-10-15 00:00:00-04:00,29.916815561943565,30.228711568700557,29.739790549128426,30.03483009338379,129183400
2004-10-18 00:00:00-04:00,29.933685262613327,30.557480767655587,29.840961815228226,30.464754104614258,108933400
2004-10-19 00:00:00-04:00,30.667053441882793,30.82721556030218,30.169704192874946,30.24557113647461,129973500
2004-10-20 00:00:00-04:00,30.20341833618211,30.540602192920385,30.051684475170905,30.38886833190918,106524200
2004-10-21 00:00:00-04:00,30.54902882755348,31.01265856734123,30.431011119843273,30.852493286132812,122627600
2004-10-22 00:00:00-04:00,30.860935516537328,30.9199427831894,30.127557191250972,30.178133010864258,114321100
2004-10-25 00:00:00-04:00,30.119125268511148,30.186563981136878,29.916815561943565,30.03483009338379,102863000
2004-10-26 00:00:00-04:00,30.051670642314214,30.211832659367865,29.849357848872927,30.19497299194336,98164500
2004-10-27 00:00:00-04:00,30.211844110517927,31.096956084044116,30.10225783854871,30.962081909179688,152423400
2004-10-28 00:00:00-04:00,30.919931105541487,31.290834243796233,30.82720451706439,31.155960083007812,111113900
2004-10-29 00:00:00-04:00,31.113818778604738,31.391998600075617,30.911505888839162,31.105390548706055,100779200
2004-11-01 00:00:00-05:00,31.172817289104863,31.341410780667037,31.021083468264248,31.22339630126953,72356000
2004-11-02 00:00:00-05:00,31.265556716159786,31.653319655113506,31.206549452217036,31.32456398010254,108930700
2004-11-03 00:00:00-05:00,31.830352893093618,31.94837067907287,31.316147010349706,31.535316467285156,140980100
2004-11-04 00:00:00-05:00,31.408852624468096,31.84719450525976,31.282409891866337,31.71232032775879,112513700
2004-11-05 00:00:00-05:00,32.04949371950375,32.167508172561334,31.70387858598398,31.99891471862793,117017900
2004-11-08 00:00:00-05:00,31.990521461741178,32.11696427866608,31.90622303480172,32.03266906738281,66486000
2004-11-09 00:00:00-05:00,31.97362614327404,32.15907926020601,31.872471359335055,31.965194702148438,85038700
2004-11-10 00:00:00-05:00,31.973641567404474,32.08322784533364,31.737612552468573,31.855627059936523,95122300
2004-11-11 00:00:00-05:00,31.956779870445324,32.35297416243437,31.91463229411018,32.27710723876953,99338800
2004-11-12 00:00:00-05:00,32.31925615806308,32.67329967277456,32.17595053378408,32.58900451660156,102418100
2004-11-15 00:00:00-05:00,32.57214974074497,32.75760297100068,32.454135218093,32.73231506347656,82696000
2004-11-16 00:00:00-05:00,32.58900603449717,32.60586570964785,32.30239798824394,32.529998779296875,97197500
2004-11-17 00:00:00-05:00,32.73230143626116,33.1453520935805,32.73230143626116,32.96833038330078,125242500
2004-11-18 00:00:00-05:00,32.858755079119376,33.17908248223986,32.78288814721333,33.12007522583008,94901100
2004-11-19 00:00:00-05:00,33.0779189925745,33.12006656246329,32.52999093705989,32.605857849121094,118448900
2004-11-22 00:00:00-05:00,32.546867081080855,32.934630065361574,32.43728077138236,32.91777038574219,79882600
2004-11-23 00:00:00-05:00,32.88404396034217,33.002061692318115,32.54686008737408,32.8671875,91925300
2004-11-24 00:00:00-05:00,32.95147666081917,33.204365323384444,32.93461698789431,33.15378952026367,74051700
2004-11-26 00:00:00-05:00,33.18750937575578,33.280235979424155,33.01891584323638,33.052635192871094,31248900
2004-11-29 00:00:00-05:00,33.263381718296195,33.41511560069327,32.850330872835606,33.044212341308594,94765400
2004-11-30 00:00:00-05:00,33.12848702341264,33.20435391768732,32.9261774491153,32.97675323486328,87663100
2004-12-01 00:00:00-05:00,33.103224616508044,33.68486910998332,33.103224616508044,33.65114974975586,102375000
2004-12-02 00:00:00-05:00,33.56683917988231,34.04732858810382,33.51626016272342,33.77758026123047,122005600
2004-12-03 00:00:00-05:00,34.013624639952205,34.21593758451313,33.78602699884702,33.82817459106445,114227700
2004-12-06 00:00:00-05:00,33.81974768577711,34.08106793767309,33.64272584529383,33.94619369506836,70415100
2004-12-07 00:00:00-05:00,34.013604450626765,34.140050367880214,33.322374058455274,33.364524841308594,121439800
2004-12-08 00:00:00-05:00,33.381397077644095,33.70172452798411,33.297101903391095,33.55842208862305,10121300
2004-12-09 00:00:00-05:00,33.288653830428856,33.87872612979513,33.07791280475438,33.760711669921875,134346000
2004-12-10 00:00:00-05:00,33.58370947410898,33.777590944391584,33.49941430117036,33.659576416015625,86177300
2004-12-13 00:00:00-05:00,33.91244609565995,34.005172663183785,33.701705066070474,33.954593658447266,74296400
2004-12-14 00:00:00-05:00,33.95459454758188,34.2159145887508,33.92930665237789,34.12318801879883,91985000
2004-12-15 00:00:00-05:00,34.13162785965808,34.29178992811573,33.84501985276021,33.99675369262695,95179300
2004-12-16 00:00:00-05:00,34.0051738071582,34.097900377801466,33.5668320649874,33.67641830444336,86101300
2004-12-17 00:00:00-05:00,33.73514425542803,33.87982239695669,33.55642706276221,33.59046936035156,97947000
2004-12-20 00:00:00-05:00,33.67557808000495,33.84578635294837,33.26708017281238,33.360694885253906,106397600
2004-12-21 00:00:00-05:00,33.52237855572286,33.79471039308847,33.42876387791876,33.76918029785156,83184700
2004-12-22 00:00:00-05:00,33.650056206038265,33.98196063391188,33.60750493900767,33.81175231933594,75298000
2004-12-23 00:00:00-05:00,33.709630280788545,33.96494114193472,33.650057854736225,33.837284088134766,45782000
2004-12-27 00:00:00-05:00,34.02450845924171,34.05855076800411,33.530907967999866,33.692604064941406,67157700
2004-12-28 00:00:00-05:00,33.76068477605814,34.04152894817814,33.70962456036592,34.01599884033203,62563100
2004-12-29 00:00:00-05:00,33.9734422087094,34.177692798072606,33.9564243021777,34.05854797363281,46594800
2004-12-30 00:00:00-05:00,34.10108227768037,34.14363351575894,33.98193751247981,34.03300094604492,41717600
2004-12-31 00:00:00-05:00,34.06706062067357,34.14365419418293,33.85430105497573,33.973445892333984,44112300
2005-01-03 00:00:00-05:00,34.118133039319076,34.28834138583846,33.505384290430996,33.61602020263672,100970900
2005-01-04 00:00:00-05:00,33.76066165901027,33.8202372806131,32.80750041012938,33.003238677978516,136623200
2005-01-05 00:00:00-05:00,32.9181522240279,33.15644184054073,32.73943501164327,32.799007415771484,127925500
2005-01-06 00:00:00-05:00,32.87560290506335,32.94368426530774,32.6288010754654,32.63731002807617,102934600
2005-01-07 00:00:00-05:00,32.816007310236444,33.07982685864586,32.51814223608169,32.8074951171875,123104000
2005-01-10 00:00:00-05:00,32.71390707339939,33.07985375726008,32.671355812905766,32.79050064086914,88764200
2005-01-11 00:00:00-05:00,32.654329427638835,32.76496528435897,32.39901865912915,32.56071472167969,106398800
2005-01-12 00:00:00-05:00,32.70540036686001,32.85007531176863,32.34796261195955,32.83305740356445,127754900
2005-01-13 00:00:00-05:00,32.83305241030653,33.06282984710464,32.34795769247494,32.39902114868164,101982400
2005-01-14 00:00:00-05:00,32.509671537105795,32.782003598962774,32.50115933404224,32.70541000366211,93460900
2005-01-18 00:00:00-05:00,32.57775802360172,33.01178954699408,32.52669778305304,32.95221710205078,91760400
2005-01-19 00:00:00-05:00,32.96071230362978,32.97773345886038,32.39051821244519,32.40753936767578,104981000
2005-01-20 00:00:00-05:00,32.041595691966975,32.17776170030117,31.760751473647485,31.78628158569336,120963900
2005-01-21 00:00:00-05:00,31.896897068169405,31.95646945578631,31.4798903548511,31.53095054626465,138569200
2005-01-24 00:00:00-05:00,31.59051603522585,31.65860060417797,31.02883132717459,31.088403701782227,137499000
2005-01-25 00:00:00-05:00,31.29266156807149,31.564993415429576,31.199046886832456,31.24159812927246,119171300
2005-01-26 00:00:00-05:00,31.454353382876207,31.735197389048036,31.33520862139165,31.616052627563477,107465800
2005-01-27 00:00:00-05:00,31.564983103043478,31.718170122942148,31.37775380173385,31.5734920501709,103654700
2005-01-28 00:00:00-05:00,31.675634500787385,31.71818575029049,31.165009767393375,31.420320510864258,111648600
2005-01-31 00:00:00-05:00,31.794784600436213,31.939459522164857,31.709678840784555,31.828826904296875,89139900
2005-02-01 00:00:00-05:00,31.90542387209659,32.04158985562831,31.803296949607958,31.930953979492188,76610300
2005-02-02 00:00:00-05:00,32.033072000821626,32.109665555940694,31.752231129686734,31.982011795043945,100160500
2005-02-03 00:00:00-05:00,31.811790913781145,31.83732100654176,31.488395670857873,31.616052627563477,90157900
2005-02-04 00:00:00-05:00,31.616049553136595,32.18624321235165,31.616049553136595,32.126670837402344,99302000
2005-02-07 00:00:00-05:00,32.16924871708671,32.262863454252134,31.930959019904634,32.05861282348633,71551400
2005-02-08 00:00:00-05:00,32.050094714994195,32.34795675140244,32.016052411846765,32.11817932128906,72821700
2005-02-09 00:00:00-05:00,32.143708622700316,32.16923872619697,31.53947236596016,31.58202362060547,93276600
2005-02-10 00:00:00-05:00,31.709664049836153,31.76072748180865,31.38627205336415,31.616052627563477,110373000
2005-02-11 00:00:00-05:00,31.513928508029416,32.211779240169975,31.428826027115317,32.08412551879883,108684100
2005-02-14 00:00:00-05:00,32.084123056854864,32.2883702939566,32.0756108615457,32.228797912597656,54908900
2005-02-15 00:00:00-05:00,32.254332736340224,32.74793295409314,32.18624815653902,32.441558837890625,131406500
2005-02-16 00:00:00-05:00,32.3649847363717,32.47562062173366,32.19477967760365,32.32243347167969,80273900
2005-02-17 00:00:00-05:00,32.3819917939035,32.45858533558516,31.854349199236463,31.888391494750977,115628300
2005-02-18 00:00:00-05:00,31.896917481981678,31.97351106457302,31.70968800310202,31.78628158569336,69158800
2005-02-22 00:00:00-05:00,31.513937362097646,31.95647752937922,31.309690051938436,31.394792556762695,121232000
2005-02-23 00:00:00-05:00,31.522453173139798,31.547983278222507,31.233100078542023,31.437347412109375,95010100
2005-02-24 00:00:00-05:00,31.360762469890755,31.862875235390657,31.2841688871381,31.837345123291016,99334600
2005-02-25 00:00:00-05:00,31.81178975972683,32.084121560798074,31.73519623777235,32.01603698730469,79988700
2005-02-28 00:00:00-05:00,31.87988743854119,31.999032256815,31.42032607109693,31.675640106201172,95731300
2005-03-01 00:00:00-05:00,31.803272182253895,32.08411613070581,31.769233147719305,32.02454376220703,78460600
2005-03-02 00:00:00-05:00,31.83734478003142,32.356478696818535,31.794793511506214,32.00755310058594,107270600
2005-03-03 00:00:00-05:00,32.09264843355605,32.109669586436006,31.505433268235993,31.743722915649414,89793800
2005-03-04 00:00:00-05:00,31.99903534803148,32.12669237791571,31.82883030345668,31.930953979492188,86622300
2005-03-07 00:00:00-05:00,31.999038111369384,32.58625660380345,31.964999047386794,32.39051818847656,93563900
2005-03-08 00:00:00-05:00,32.347945123482,32.51815333158273,32.04157424464254,32.06710433959961,89595200
2005-03-09 00:00:00-05:00,32.05859033001405,32.27986196196259,31.888385377993767,31.973487854003906,98063000
2005-03-10 00:00:00-05:00,32.007547548132095,32.05860776292329,31.556498336393247,31.930953979492188,97043600
2005-03-11 00:00:00-05:00,32.075611923048214,32.186247740569605,31.50541818361376,31.633071899414062,102857500
2005-03-14 00:00:00-05:00,31.69266275596008,31.794786426956,31.513942273651008,31.77776527404785,65576200
2005-03-15 00:00:00-05:00,31.84583390054927,31.896897338847786,31.479890621990744,31.522441864013672,93856300
2005-03-16 00:00:00-05:00,31.411821862111836,31.641602580535647,31.088426416205735,31.165019989013672,159578000
2005-03-17 00:00:00-05:00,31.15649564439245,31.39478519921785,31.0969232556861,31.24159812927246,100429600
2005-03-18 00:00:00-05:00,31.27564834183952,31.309690642992848,30.93523182321128,31.07139778137207,108899400
2005-03-21 00:00:00-05:00,31.148001262208663,31.275658308990046,30.850139148323514,31.130983352661133,92752500
2005-03-22 00:00:00-05:00,31.15649504714203,31.2756398222708,30.73097613799549,30.747997283935547,114016300
2005-03-23 00:00:00-05:00,30.713969546105268,31.054386133312164,30.696948392099603,30.858644485473633,97444900
2005-03-24 00:00:00-05:00,30.969276833666214,31.19054856406796,30.86715316772461,30.86715316772461,77566800
2005-03-28 00:00:00-05:00,30.986284419053995,31.15649261873654,30.901181942438416,30.926712036132812,59739000
2005-03-29 00:00:00-05:00,30.867141925215794,31.13096481646523,30.58629788810011,30.679912567138672,119554300
2005-03-30 00:00:00-05:00,30.833102272104078,31.301172460901554,30.82459332166859,31.258621215820312,114711000
2005-03-31 00:00:00-05:00,31.2586253618126,31.275646511393084,31.01182356257414,31.122459411621094,86578900
2005-04-01 00:00:00-05:00,31.33522755937394,31.386291022207516,30.74801234582735,30.807584762573242,143814300
2005-04-04 00:00:00-04:00,30.85012194267073,31.147983890433057,30.66289257753341,31.028839111328125,100090300
2005-04-05 00:00:00-04:00,31.05437071376207,31.20755453084571,30.99479508109699,31.113943099975586,66266600
2005-04-06 00:00:00-04:00,31.199051227045405,31.411810715294884,30.99480068988696,31.062885284423828,82168900
2005-04-07 00:00:00-04:00,31.08842190801672,31.445859611438834,31.071400755810636,31.437347412109375,88618000
2005-04-08 00:00:00-04:00,31.488403903151667,31.547976299468488,31.14798742723945,31.182029724121094,92332900
2005-04-11 00:00:00-04:00,31.275662035072,31.30119214888843,30.977799885700513,31.045881271362305,70976000
2005-04-12 00:00:00-04:00,31.011823412641196,31.2671374086617,30.56077431352232,31.199052810668945,144848500
2005-04-13 00:00:00-04:00,31.11394590935447,31.147984957084574,30.620342383071627,30.688426971435547,108995500
2005-04-14 00:00:00-04:00,30.68842177778853,30.722460819757934,30.2118394792525,30.254390716552734,158057900
2005-04-15 00:00:00-04:00,29.990582504313267,30.101215114082635,29.514000024509492,29.5650634765625,170013300
2005-04-18 00:00:00-04:00,29.53954319382696,29.786345118241346,29.479970763306795,29.573585510253906,110084000
2005-04-19 00:00:00-04:00,29.80335259688188,29.871433952032827,29.573571936149015,29.777822494506836,96922100
2005-04-20 00:00:00-04:00,29.96504135566607,30.033125940682147,29.437398807598278,29.53101348876953,140457400
2005-04-21 00:00:00-04:00,29.888455356216074,30.39056793472114,29.752289398305503,30.313974380493164,124505100
2005-04-22 00:00:00-04:00,30.17781351999767,30.18632571993444,29.63314959635476,29.862930297851562,114996800
2005-04-25 00:00:00-04:00,30.04165086766601,30.177816863663768,29.913997072548163,30.1097354888916,72170100
2005-04-26 00:00:00-04:00,30.033136613283684,30.3820621193563,29.820377079179583,29.828886032104492,104958800
2005-04-27 00:00:00-04:00,29.675681638720377,29.99907685137265,29.556536888388212,29.87141990661621,112539300
2005-04-28 00:00:00-04:00,29.718260485387454,29.9140021816154,29.548055396160688,29.573585510253906,98181900
2005-04-29 00:00:00-04:00,29.78634068998474,29.837404157033685,29.23316449287505,29.769319534301758,144435900
2005-05-02 00:00:00-04:00,29.871435193496232,30.007601155909704,29.692717976538415,29.888456344604492,67648800
2005-05-03 00:00:00-04:00,29.828887413440746,30.152282829261793,29.81186626034985,30.04164695739746,103428700
2005-05-04 00:00:00-04:00,30.033137155378427,30.492698536487005,29.990585897080134,30.4075927734375,90480600
2005-05-05 00:00:00-04:00,30.424621309138878,30.569296271751693,30.237391831448225,30.433130264282227,79341700
2005-05-06 00:00:00-04:00,30.6118432466704,30.65439450481352,30.399083709501888,30.51822853088379,77310200
2005-05-09 00:00:00-04:00,30.52673875975926,30.68843809249521,30.348021520217134,30.662904739379883,66298400
2005-05-10 00:00:00-04:00,30.518236344078524,30.60333888215249,30.313985707665793,30.44164276123047,77194700
2005-05-11 00:00:00-04:00,30.48418986309364,30.66290711649064,30.04164958340587,30.594825744628906,131952400
2005-05-12 00:00:00-04:00,30.66290507584494,30.80758325690924,30.348021853226967,30.50971794128418,116602200
2005-05-13 00:00:00-04:00,30.628856196689203,31.037354009081064,30.543750456741712,30.841615676879883,133273500
2005-05-16 00:00:00-04:00,30.841633867922983,31.096944745449107,30.748019121990815,31.045881271362305,79093200
2005-05-17 00:00:00-04:00,30.935226143643977,31.267133649273433,30.81608135793429,31.233091354370117,91665900
2005-05-18 00:00:00-04:00,31.318200491283427,31.794782981710753,31.24160693472283,31.65861701965332,128105900
2005-05-19 00:00:00-04:00,31.735211493638126,31.930949866850945,31.658617934863308,31.92243766784668,92619700
2005-05-20 00:00:00-04:00,31.871373589837606,32.07562089080245,31.786267842391993,32.05009078979492,66530100
2005-05-23 00:00:00-04:00,32.05008832476113,32.33093240005292,31.999024880221146,32.21178436279297,93068200
2005-05-24 00:00:00-04:00,32.135191004295024,32.33944153717928,32.08413080591302,32.31391143798828,100830000
2005-05-25 00:00:00-04:00,32.20327973626126,32.23732203719253,31.990520225119592,32.17774963378906,76470600
2005-05-26 00:00:00-04:00,32.32243477180705,32.56923666198277,32.32243477180705,32.50115203857422,84066800
2005-05-27 00:00:00-04:00,32.45859318005726,32.55220789212064,32.356469515284836,32.518165588378906,50076900
2005-05-31 00:00:00-04:00,32.50115085176394,32.54370536306713,32.27137012583102,32.40753936767578,75281500
2005-06-01 00:00:00-04:00,32.364974369801715,32.918150372974644,32.3564654181701,32.671348571777344,110875700
2005-06-02 00:00:00-04:00,32.6202860275553,32.901126861572266,32.59475268158858,32.901126861572266,75926500
2005-06-03 00:00:00-04:00,32.87558601550644,32.88409496374582,32.356452518725966,32.42453384399414,96998400
2005-06-06 00:00:00-04:00,32.441576275600426,32.50114869172159,32.30541028925873,32.433067321777344,52681400
2005-06-07 00:00:00-04:00,32.4671103718673,32.73944235077362,32.11818482099025,32.160736083984375,108953400
2005-06-08 00:00:00-04:00,32.23731806098247,32.29689045703817,31.964986180027246,32.0926399230957,79211900
2005-06-09 00:00:00-04:00,32.05009226421872,32.390508776756974,31.913926308493906,32.29689407348633,99383300
2005-06-10 00:00:00-04:00,32.254341459054224,32.254341459054224,31.811801310022265,31.95647621154785,85971700
2005-06-13 00:00:00-04:00,31.896909196033054,32.296898161932006,31.879888043606197,32.10966873168945,82331300
2005-06-14 00:00:00-04:00,32.07562325445387,32.20328026180317,31.913927192070304,31.982011795043945,62593600
2005-06-15 00:00:00-04:00,32.19476134114839,32.228800385643105,31.70115786178229,32.08412551879883,103952000
2005-06-16 00:00:00-04:00,32.11817137832842,32.33943980116068,32.05008678887116,32.254337310791016,90450100
2005-06-17 00:00:00-04:00,32.463026155142025,32.5482072894605,32.156368872472356,32.25858688354492,83915700
2005-06-20 00:00:00-04:00,32.13081518206722,32.437472464736885,32.01156029424056,32.25858688354492,67580000
2005-06-21 00:00:00-04:00,32.233041259168864,32.377849873637714,32.11378634149974,32.24155807495117,97845600
2005-06-22 00:00:00-04:00,32.369338350317534,32.45451951987914,32.054164123595584,32.20749282836914,75221100
2005-06-23 00:00:00-04:00,32.25860119844923,32.52266803114055,31.798618319777162,31.8497257232666,122163300
2005-06-24 00:00:00-04:00,31.841189241144953,31.866742927108056,31.483421390404388,31.491941452026367,142144100
2005-06-27 00:00:00-04:00,31.474923902430177,31.568625141091825,31.261967723454944,31.347148895263672,72780800
2005-06-28 00:00:00-04:00,31.474911497389826,31.73897497559499,31.43232092827146,31.64527702331543,73330300
2005-06-29 00:00:00-04:00,31.73047526116836,31.73899207980091,31.49196534601032,31.577146530151367,71513600
2005-06-30 00:00:00-04:00,31.636779509368566,31.696406998525017,31.304568284224203,31.330121994018555,87803700
2005-07-01 00:00:00-04:00,31.398249914499253,31.51750481822339,31.244921252724676,31.287511825561523,55254800
2005-07-05 00:00:00-04:00,31.17678504962632,31.679361790155028,31.17678504962632,31.611217498779297,79288700
2005-07-06 00:00:00-04:00,31.543070735567763,31.75602693172894,31.39826208191593,31.457889556884766,79101000
2005-07-07 00:00:00-04:00,31.159750913755904,31.594180106482657,31.1341939616283,31.568626403808594,119466300
2005-07-08 00:00:00-04:00,31.58566955745828,32.20750135841741,31.5090051847672,32.17342758178711,101320700
2005-07-11 00:00:00-04:00,32.258586277153384,32.50561611126611,32.19895883436093,32.47154235839844,96283700
2005-07-12 00:00:00-04:00,32.471541665114025,32.76116205940182,32.37784047145447,32.62487030029297,86059300
2005-07-13 00:00:00-04:00,32.64192206131935,32.73562329770736,32.514147057253275,32.7015495300293,72135400
2005-07-14 00:00:00-04:00,32.940080266845094,33.11896603572219,32.812308431310484,33.025264739990234,99135200
2005-07-15 00:00:00-04:00,33.07635307982919,33.22116171217035,32.92302438120138,33.12746047973633,67239200
2005-07-18 00:00:00-04:00,33.042275805066076,33.127456962168665,32.95709139851064,32.99116516113281,58644000
2005-07-19 00:00:00-04:00,33.14448063987808,33.39151044630154,33.084853203769185,33.374473571777344,77860900
2005-07-20 00:00:00-04:00,33.170057295798905,33.7067078418383,33.135986772609684,33.613006591796875,91433100
2005-07-21 00:00:00-04:00,33.69818152350385,33.808916379195566,33.40004097110726,33.621517181396484,127286000
2005-07-22 00:00:00-04:00,33.63002145312787,33.72372264180247,33.408548574902916,33.57891082763672,71666600
2005-07-25 00:00:00-04:00,33.613013640113834,33.75782557948544,33.39154057040104,33.451168060302734,51872700
2005-07-26 00:00:00-04:00,33.553357139616985,33.67261201631132,33.3829916374315,33.57891082763672,67324900
2005-07-27 00:00:00-04:00,33.60449100078146,33.868554624775456,33.41708849385364,33.8344841003418,78351100
2005-07-28 00:00:00-04:00,33.86003841269213,34.004847080127995,33.7663371575494,33.99633026123047,66163700
2005-07-29 00:00:00-04:00,33.9622365574567,34.00482712585987,33.66409932918245,33.7152099609375,74725700
2005-08-01 00:00:00-04:00,33.766336499197415,33.928185300180694,33.664118427150136,33.77485656738281,59748300
2005-08-02 00:00:00-04:00,33.817441867578545,34.19224357273205,33.774851281678686,34.141136169433594,79284100
2005-08-03 00:00:00-04:00,33.99632852303477,34.18373102373854,33.970774818194734,34.12410354614258,61916400
2005-08-04 00:00:00-04:00,33.97075569874868,34.021863079664456,33.706688982693215,33.7918701171875,72035500
2005-08-05 00:00:00-04:00,33.74077351015495,33.89410220076618,33.587444819543734,33.630035400390625,66029500
2005-08-08 00:00:00-04:00,33.66410689854398,33.74077123868846,33.340412656883636,33.38300323486328,63415400
2005-08-09 00:00:00-04:00,33.53634463731824,33.72374715086404,33.48523722413596,33.6044921875,62143600
2005-08-10 00:00:00-04:00,33.68965524413372,33.808910143315245,33.19559876903136,33.31485366821289,102317500
2005-08-11 00:00:00-04:00,33.33188621777666,33.68113405550243,33.30632927880521,33.587432861328125,92446700
2005-08-12 00:00:00-04:00,33.323386751547886,33.493752369032705,33.195614975524684,33.40005111694336,86367300
2005-08-15 00:00:00-04:00,33.340425304726736,33.757820925954924,33.289317891544464,33.6044921875,63061100
2005-08-16 00:00:00-04:00,33.476714698313636,33.50227165248283,32.99969487987261,33.059322357177734,94596000
2005-08-17 00:00:00-04:00,33.153020077138585,33.36597627984206,33.0422851913395,33.25524139404297,74470500
2005-08-18 00:00:00-04:00,33.110438354898285,33.30635772392672,33.02525715078319,33.08488464355469,72559400
2005-08-19 00:00:00-04:00,33.12747187757838,33.22117314225126,33.042290682123564,33.06784439086914,52024300
2005-08-22 00:00:00-04:00,33.11895842498259,33.374505286782515,32.880445204441955,33.08488464355469,88056300
2005-08-23 00:00:00-04:00,33.08486638361737,33.153010659408864,32.888947122719145,32.99116516113281,57482900
2005-08-24 00:00:00-04:00,32.92302493980704,33.37449097706386,32.761176172146484,32.795249938964844,95025700
2005-08-25 00:00:00-04:00,32.85486940125934,32.957087427356285,32.78672513367887,32.87190628051758,52328800
2005-08-26 00:00:00-04:00,32.82080453181516,32.880432000642045,32.59933154038007,32.76117706298828,63840700
2005-08-29 00:00:00-04:00,32.59080375582796,33.09338033796227,32.59080375582796,33.01671600341797,74940400
2005-08-30 00:00:00-04:00,32.84637259153696,32.931553790255535,32.64193316537618,32.89748001098633,87373600
2005-08-31 00:00:00-04:00,32.91450015842451,33.22967433271294,32.778208360127934,33.20412063598633,93426300
2005-09-01 00:00:00-04:00,33.22117796132061,33.348953022492225,33.0337754047902,33.15303039550781,74884400
2005-09-02 00:00:00-04:00,33.221184154040955,33.2467378712568,32.99971102277439,33.025264739990234,53244900
2005-09-06 00:00:00-04:00,33.17856547913822,33.57040397581526,33.13597490331726,33.51077651977539,78106600
2005-09-07 00:00:00-04:00,33.47671424819121,33.63004297332956,33.400049885622025,33.57041549682617,57440100
2005-09-08 00:00:00-04:00,33.46818081691949,33.706690604541336,33.45114393931048,33.56188201904297,73529700
2005-09-09 00:00:00-04:00,33.57040807633905,33.80891792963178,33.48522691429251,33.749290466308594,75342100
2005-09-12 00:00:00-04:00,33.75782493564239,33.9537442915048,33.71523433644698,33.8430061340332,51689900
2005-09-13 00:00:00-04:00,33.80041454203621,33.99633389214399,33.681159568010116,33.7578239440918,66145800
2005-09-14 00:00:00-04:00,33.774831999466976,33.800385686527484,33.348919884716835,33.374473571777344,98644000
2005-09-15 00:00:00-04:00,33.442622082511626,33.510769589293446,33.26373975138731,33.35744094848633,80421500
2005-09-16 00:00:00-04:00,33.43410706170147,33.61298940241785,33.31485216789055,33.56188201904297,71034100
2005-09-19 00:00:00-04:00,33.49375180853376,33.54486246776006,33.144503760788595,33.29783248901367,73387500
2005-09-20 00:00:00-04:00,33.35744495768547,33.681139154899654,33.05930770331212,33.16152572631836,115202800
2005-09-21 00:00:00-04:00,33.067833574605174,33.11042415840149,32.7696962385777,32.795249938964844,116404300
2005-09-22 00:00:00-04:00,32.74414700946837,32.99117700296868,32.57378463411342,32.914512634277344,118686100
2005-09-23 00:00:00-04:00,32.795253039944555,33.118947356419575,32.71858868208083,33.008209228515625,70154000
2005-09-26 00:00:00-04:00,33.19560161698973,33.24670900705088,32.837833639298786,33.01671600341797,69327600
2005-09-27 00:00:00-04:00,33.04228096569695,33.13598220281602,32.80376783954297,32.940059661865234,64089500
2005-09-28 00:00:00-04:00,33.01672216347237,33.17857092740296,32.84635983221329,32.948577880859375,72044500
2005-09-29 00:00:00-04:00,32.90598926139659,33.4000459005418,32.75266055455244,33.39152908325195,117634600
2005-09-30 00:00:00-04:00,33.36597661431561,33.63004347811839,33.3319060911264,33.613006591796875,79248500
2005-10-03 00:00:00-04:00,33.681136645475455,33.86001898477178,33.65557970453875,33.69817352294922,81685600
2005-10-04 00:00:00-04:00,33.74929492711461,33.97077117683405,33.468194455644216,33.47671127319336,85348600
2005-10-05 00:00:00-04:00,33.485222075329034,33.51077577035961,32.991162308387395,33.01671600341797,106152200
2005-10-06 00:00:00-04:00,32.99116606370765,33.101904170532876,32.30118697426994,32.58229064941406,162213700
2005-10-07 00:00:00-04:00,32.7100652651102,32.85487388438598,32.522662817150575,32.65895462036133,91119900
2005-10-10 00:00:00-04:00,32.59933459972437,32.76118013752127,32.42045217645617,32.480079650878906,64012000
2005-10-11 00:00:00-04:00,32.57377200878986,32.57377200878986,32.19896712959058,32.31822204589844,114736900
2005-10-12 00:00:00-04:00,32.13083103305149,32.4204515818445,31.883801072428767,31.934911727905273,146109500
2005-10-13 00:00:00-04:00,31.917859443669634,32.29266098797664,31.79860455454704,32.181922912597656,138569600
2005-10-14 00:00:00-04:00,32.267127195064795,32.428972751612754,32.06268779517693,32.42045593261719,131463200
2005-10-17 00:00:00-04:00,32.42896949902638,32.531187563990954,32.216013301502194,32.52267074584961,64080400
2005-10-18 00:00:00-04:00,32.48860582757852,32.52267960833644,32.292686462402344,32.292686462402344,88070400
2005-10-19 00:00:00-04:00,32.1308287946443,32.940059661865234,32.03712755752524,32.940059661865234,132879900
2005-10-20 00:00:00-04:00,32.97415481835058,33.09340983405513,32.45454089324746,32.633426666259766,132576900
2005-10-21 00:00:00-04:00,32.940036127098324,33.0081836142966,32.65041905485879,32.83781814575195,110032000
2005-10-24 00:00:00-04:00,32.99115622316399,33.374477825181785,32.769683325027025,33.35744094848633,110820900
2005-10-25 00:00:00-04:00,33.297834286374105,33.383015473562054,33.02525058802787,33.22968673706055,86665800
2005-10-26 00:00:00-04:00,33.20413101650339,33.451160993598236,33.01672851671367,33.059322357177734,89878100
2005-10-27 00:00:00-04:00,33.03375441791073,33.050791298540126,32.3948860168457,32.3948860168457,132231100
2005-10-28 00:00:00-04:00,32.5056377736187,32.70155710899415,32.30119836962244,32.641929626464844,95243900
2005-10-31 00:00:00-05:00,32.75267056021163,33.26376423952461,32.72711360162792,33.110435485839844,115279100
2005-11-01 00:00:00-05:00,33.03377397141284,33.22969334044128,32.974146478641345,33.08488464355469,73502300
2005-11-02 00:00:00-05:00,32.991168182271394,33.612999784531965,32.97413129940017,33.5192985534668,101409900
2005-11-03 00:00:00-05:00,33.85151115308296,34.14964846435268,33.80040050709973,34.021873474121094,137054000
2005-11-04 00:00:00-05:00,34.07298863243109,34.268907927133164,33.93669680787951,34.141136169433594,100944500
2005-11-07 00:00:00-05:00,34.25187537526996,34.32002292089218,34.03040235090539,34.18373107910156,65324500
2005-11-08 00:00:00-05:00,34.141141886239495,34.37113173850034,34.06447751900123,34.1922492980957,78859700
2005-11-09 00:00:00-05:00,34.17521577322223,34.35410148067997,34.09855139844156,34.20928955078125,72458800
2005-11-10 00:00:00-05:00,34.22631494656007,34.660744091468864,34.00483871625113,34.58407974243164,120763100
2005-11-11 00:00:00-05:00,34.72889843996912,34.856670213806886,34.65223407588493,34.67778778076172,80057200
2005-11-14 00:00:00-05:00,34.72889843996912,34.80556280405331,34.58408653027506,34.67778778076172,53652400
2005-11-15 00:00:00-05:00,34.69482404973482,34.8396359568518,34.39668666663186,34.51594161987305,79543500
2005-11-16 00:00:00-05:00,34.60962693759035,34.7373986503399,34.46481509713147,34.7288818359375,65895700
2005-11-17 00:00:00-05:00,34.84816106041417,35.197409184849604,34.797050389964646,35.18889236450195,94425500
2005-11-18 00:00:00-05:00,35.36775581566236,35.47849391735271,35.15479967750167,35.308128356933594,108820200
2005-11-21 00:00:00-05:00,35.2655312080638,35.41885985892555,35.1292394350147,35.39330291748047,69731400
2005-11-22 00:00:00-05:00,35.32516457827212,35.665892443294936,35.23146335931872,35.52108383178711,88814000
2005-11-23 00:00:00-05:00,35.546638562378206,35.79366846508826,35.52960168121342,35.606266021728516,64101200
2005-11-25 00:00:00-05:00,35.64033941493136,35.72552057042021,35.54663819422195,35.68292999267578,22930200
2005-11-28 00:00:00-05:00,35.77664240896382,35.77664240896382,35.350729999333296,35.384803771972656,74716200
2005-11-29 00:00:00-05:00,35.58072819153851,35.648872497133,35.21444320678711,35.21444320678711,77443000
2005-11-30 00:00:00-05:00,35.16332390715624,35.34220957051186,35.086659551276256,35.12925338745117,88044400
2005-12-01 00:00:00-05:00,35.359247645101256,35.819233838133876,35.35073082646904,35.785160064697266,91914100
2005-12-02 00:00:00-05:00,35.725534150614806,35.88738295680042,35.66590666921611,35.87034606933594,72929200
2005-12-05 00:00:00-05:00,35.827742227417815,35.827742227417815,35.461457406007135,35.606266021728516,61519900
2005-12-06 00:00:00-05:00,35.80218542847749,36.040698516314436,35.69145057462936,35.725521087646484,81509400
2005-12-07 00:00:00-05:00,35.776645559769,35.80219926677209,35.461471258732466,35.65739059448242,83885500
2005-12-08 00:00:00-05:00,35.742575886502344,35.77664966605337,35.15481781179222,35.40184783935547,112043200
2005-12-09 00:00:00-05:00,35.40182847557344,35.58071084619112,35.24849980091465,35.53812026977539,56526900
2005-12-12 00:00:00-05:00,35.66588592529297,35.725513372011264,35.504040462693624,35.66588592529297,44863600
2005-12-13 00:00:00-05:00,35.623308434522606,35.95551954518986,35.572197783091745,35.81071090698242,76611600
2005-12-14 00:00:00-05:00,35.73405788345795,35.861829678363044,35.52961846237369,35.69146728515625,73581600
2005-12-15 00:00:00-05:00,35.77664470981398,35.83627219104068,35.44443352884978,35.75109100341797,72607200
2005-12-16 00:00:00-05:00,35.743407342924165,35.81171603006217,35.47870344419401,35.50432205200195,63743000
2005-12-19 00:00:00-05:00,35.58117144757088,35.61532742299636,34.923686835742465,34.94076156616211,75341700
2005-12-20 00:00:00-05:00,34.96635437011719,35.1371308639131,34.795577876321275,34.96635437011719,70257700
2005-12-21 00:00:00-05:00,35.02615173613328,35.35916435549906,34.966380407390346,35.120079040527344,68935000
2005-12-22 00:00:00-05:00,35.10299059134427,35.40184714599399,35.09444997133019,35.350616455078125,59149500
2005-12-23 00:00:00-05:00,35.44454047418793,35.51285240513195,35.2652265413981,35.350616455078125,38000400
2005-12-27 00:00:00-05:00,35.4530823483055,35.58970295773416,34.98344920697526,35.04322052001953,55656300
2005-12-28 00:00:00-05:00,35.06029391875376,35.205451872224984,34.89805472688376,35.00052261352539,50302400
2005-12-29 00:00:00-05:00,35.03467431120063,35.111523595326524,34.71020245137287,34.76997375488281,47301700
2005-12-30 00:00:00-05:00,34.61625802847087,34.65041397277277,34.46255953640246,34.505252838134766,60026500
2006-01-03 00:00:00-05:00,34.71021269586884,35.42747180697432,34.29181019051869,35.273773193359375,109350400
2006-01-04 00:00:00-05:00,35.35914838983159,35.64093017578125,35.28229910796274,35.64093017578125,92769400
2006-01-05 00:00:00-05:00,35.64946638825685,35.86293624686917,35.61531042912891,35.79462432861328,77656900
2006-01-06 00:00:00-05:00,36.0849495111078,36.46065860986606,35.91417620144542,36.443580627441406,110053900
2006-01-09 00:00:00-05:00,36.44357192837613,36.64850115397131,36.306951358882245,36.58872985839844,80768800
2006-01-10 00:00:00-05:00,36.42649485602374,36.648502065488806,36.332567601418425,36.614349365234375,84369400
2006-01-11 00:00:00-05:00,36.71680811622105,36.98151185898597,36.60580290057243,36.896121978759766,100761400
2006-01-12 00:00:00-05:00,36.85343269980919,36.964437927604045,36.588728928080286,36.71681213378906,82429200
2006-01-13 00:00:00-05:00,36.665585400989485,36.75951266931729,36.4862714836138,36.69974136352539,64572100
2006-01-17 00:00:00-05:00,36.41796188896498,36.53750449750631,36.289878661361115,36.460655212402344,77962100
2006-01-18 00:00:00-05:00,35.88856441727636,36.255732965930974,35.88002705308815,36.04226303100586,121021900
2006-01-19 00:00:00-05:00,36.2215673392891,36.56312044704119,36.110565347967736,36.30695724487305,111094000
2006-01-20 00:00:00-05:00,36.25573166046983,36.28135026669744,35.137151326406325,35.222537994384766,188569400
2006-01-23 00:00:00-05:00,35.3164690359062,35.39331834816906,35.077383734329715,35.2310791015625,111381900
2006-01-24 00:00:00-05:00,35.31646838017807,35.60678763697037,35.273775042445386,35.3847770690918,77956900
2006-01-25 00:00:00-05:00,35.55555433748269,35.58116968913933,35.077383734329715,35.2310791015625,99826400
2006-01-26 00:00:00-05:00,35.435993969197625,35.59822987739559,35.2054461476797,35.47868728637695,112600600
2006-01-27 00:00:00-05:00,35.69217096661447,36.19596012213734,35.640940269054816,35.95687484741211,110830400
2006-01-30 00:00:00-05:00,36.016654894844045,36.13619756117821,35.92272758349767,36.02519226074219,53942600
2006-01-31 00:00:00-05:00,36.008103534679066,36.09349345466555,35.700709594604895,35.862945556640625,100988100
2006-02-01 00:00:00-05:00,35.64093353521971,36.00809874176613,35.606777571771495,35.991024017333984,89168700
2006-02-02 00:00:00-05:00,35.871476754144695,35.931251316506945,35.35915035145772,35.37622833251953,94047400
2006-02-03 00:00:00-05:00,35.1115381859964,35.205465489769914,34.82121890946603,34.94076156616211,121094200
2006-02-06 00:00:00-05:00,34.76997535832624,35.01759794544741,34.65897010784936,34.846824645996094,58162800
2006-02-07 00:00:00-05:00,34.787065424260966,34.949301418014954,34.53089887151158,34.693138122558594,87327000
2006-02-08 00:00:00-05:00,34.94075330849942,35.13714849213465,34.74436138215651,35.094451904296875,89907800
2006-02-09 00:00:00-05:00,35.188368523682804,35.324989094407144,34.69312017629131,34.76142883300781,78213400
2006-02-10 00:00:00-05:00,34.73582168059328,35.06029683402159,34.37719056211102,34.97490692138672,102575900
2006-02-13 00:00:00-05:00,34.75288793625026,34.787043889778765,34.4113349155472,34.57357406616211,70643100
2006-02-14 00:00:00-05:00,34.6418937169519,35.02614017294299,34.50527311674307,34.923675537109375,94340300
2006-02-15 00:00:00-05:00,34.82975631767214,35.23107759135936,34.7785223592621,35.14569091796875,92254300
2006-02-16 00:00:00-05:00,35.2737733029657,35.478702616893926,35.137152674582644,35.47016525268555,103859600
2006-02-17 00:00:00-05:00,35.40183960375942,35.40183960375942,35.179832390073486,35.18836975097656,81770200
2006-02-21 00:00:00-05:00,35.18837709102117,35.23961103900101,34.676050640391246,34.79559326171875,85101400
2006-02-22 00:00:00-05:00,34.82121718859155,35.470167660431926,34.73583051154078,35.2310791015625,91983900
2006-02-23 00:00:00-05:00,35.17130634053877,35.470166212603395,35.07738230253392,35.13715362548828,66517100
2006-02-24 00:00:00-05:00,35.171307776168376,35.25669771051208,35.01760915164265,35.2310791015625,57085400
2006-02-27 00:00:00-05:00,35.316454652267886,35.75193173953496,35.290839311043825,35.62385177612305,64945000
2006-02-28 00:00:00-05:00,35.52993234482046,35.623859626395834,34.983449896337184,35.094451904296875,117564600
2006-03-01 00:00:00-05:00,35.20546326653317,35.66655913377947,35.13715457728903,35.5726318359375,80962300
2006-03-02 00:00:00-05:00,35.47869347212336,35.726319315145105,35.359150860262346,35.598236083984375,69856500
2006-03-03 00:00:00-05:00,35.3932991027832,35.87146944592728,35.34206517003584,35.3932991027832,112066100
2006-03-06 00:00:00-05:00,35.47014181971317,35.54699107598979,34.97489033319928,35.08589553833008,99581000
2006-03-07 00:00:00-05:00,35.02613118391552,35.068824499781805,34.710196737755574,34.8809700012207,96441100
2006-03-08 00:00:00-05:00,34.80414017261345,35.0859220778688,34.58213285171262,34.898067474365234,103961900
2006-03-09 00:00:00-05:00,35.00907459229953,35.137157875432536,34.55651930453777,34.599212646484375,108556700
2006-03-10 00:00:00-05:00,34.56503464819044,34.82973841128239,34.317408862455174,34.63334655761719,124474900
2006-03-13 00:00:00-05:00,34.7870547165019,34.95782802271194,34.684586824025445,34.73582077026367,69169100
2006-03-14 00:00:00-05:00,34.70166525214582,35.367690275343456,34.70166525214582,35.32499694824219,118201000
2006-03-15 00:00:00-05:00,35.46161259559304,35.62385177612305,35.2822986924414,35.62385177612305,84375800
2006-03-16 00:00:00-05:00,35.73485875154012,35.794630060940314,35.29084424093641,35.32499694824219,101371200
2006-03-17 00:00:00-05:00,35.32413202080064,35.537751589562234,35.23013888901338,35.41812515258789,78219600
2006-03-20 00:00:00-05:00,35.52066432928523,35.6146574682075,35.37540457609713,35.50357437133789,60240100
2006-03-21 00:00:00-05:00,35.12761306762695,35.89664179277316,35.10197975466182,35.12761306762695,136566000
2006-03-22 00:00:00-05:00,34.93107847535548,35.272867885193484,34.9139885159271,35.21305465698242,112282800
2006-03-23 00:00:00-05:00,35.110511779785156,35.221594866095565,34.87980225879087,35.110511779785156,75158200
2006-03-24 00:00:00-05:00,35.23015714846142,35.46086679344762,35.05071739999803,35.28997039794922,81795500
2006-03-27 00:00:00-05:00,35.2728787430019,35.46940844755985,35.23870207320125,35.29851531982422,54400400
2006-03-28 00:00:00-05:00,35.36687898929608,35.6061320236177,35.025089405919225,35.15325927734375,100522800
2006-03-29 00:00:00-05:00,35.20451043963538,35.973539037504786,35.17887387133626,35.819732666015625,130669100
2006-03-30 00:00:00-05:00,35.89664054260681,36.144440091229406,35.70865748811451,35.93082046508789,115915600
2006-03-31 00:00:00-05:00,35.99918157612407,36.0504482020719,35.75138201878649,35.828285217285156,71074600
2006-04-03 00:00:00-04:00,36.01627287792959,36.20425594602696,35.80265323632758,35.871009826660156,80730700
2006-04-04 00:00:00-04:00,35.93082657618499,36.152992850521116,35.82829005087921,36.067543029785156,89952600
2006-04-05 00:00:00-04:00,36.14442759829462,36.46058362302661,36.06752442908136,36.40931701660156,91628200
2006-04-06 00:00:00-04:00,36.39224104945284,36.69130723380414,36.264067964972604,36.51186752319336,91712800
2006-04-07 00:00:00-04:00,36.640027074726156,36.785286807880446,36.144428141333485,36.16151809692383,116604300
2006-04-10 00:00:00-04:00,36.22989739259267,36.315343956895546,35.965007827929774,36.110267639160156,58981900
2006-04-11 00:00:00-04:00,36.22133855374581,36.255518471760375,35.64029298580374,35.819732666015625,91481900
2006-04-12 00:00:00-04:00,35.83682856841748,35.95645830130858,35.71720209510332,35.828285217285156,58751200
2006-04-13 00:00:00-04:00,35.802659568015066,36.17008567731586,35.70866638755519,35.97355270385742,63476900
2006-04-17 00:00:00-04:00,35.92228660091885,36.06754642045966,35.36687412244213,35.59758377075195,104072100
2006-04-18 00:00:00-04:00,35.69156191585655,36.366600610640354,35.69156191585655,36.281150817871094,124291700
2006-04-19 00:00:00-04:00,36.349514994706105,36.44350814819336,36.14443872713604,36.44350814819336,79050300
2006-04-20 00:00:00-04:00,36.43497609123177,36.588782538449635,36.21281303390484,36.31534957885742,81408000
2006-04-21 00:00:00-04:00,36.45205926663316,36.503329159345455,35.73429706654791,35.88810348510742,130181200
2006-04-24 00:00:00-04:00,35.845369003855104,35.94790549766318,35.64883936589948,35.853912353515625,78556400
2006-04-25 00:00:00-04:00,35.94790054780946,35.973533852837804,35.58902123910897,35.77700424194336,77660800
2006-04-26 00:00:00-04:00,35.76847839355469,35.93937478303361,35.63176193388706,35.76847839355469,82537000
2006-04-27 00:00:00-04:00,35.606125086787216,36.30680060429626,35.46086527555683,36.110267639160156,173950100
2006-04-28 00:00:00-04:00,35.88811806985244,36.07610449328352,35.70013164642136,35.759944915771484,88876600
2006-05-01 00:00:00-04:00,35.81974872553228,35.930831879094725,35.298519410214624,35.40959930419922,92875500
2006-05-02 00:00:00-04:00,35.56338759436548,35.65738073328775,35.37540457609713,35.50357437133789,85148100
2006-05-03 00:00:00-04:00,35.52066905078172,35.580482281759835,35.272869516971454,35.45231246948242,74971600
2006-05-04 00:00:00-04:00,35.486486062292705,35.879548594193025,35.486486062292705,35.74283218383789,88696800
2006-05-05 00:00:00-04:00,35.97357900400574,36.06757225318373,35.83686243963231,36.02484893798828,80392200
2006-05-08 00:00:00-04:00,35.95646919476739,36.12736234580358,35.94792258146883,36.05900573730469,45079100
2006-05-09 00:00:00-04:00,35.97354980539843,36.041909661889584,35.862469927966345,35.92228317260742,48528800
2006-05-10 00:00:00-04:00,35.82829115913797,35.8710144410388,35.503588349452194,35.60612487792969,92424200
2006-05-11 00:00:00-04:00,35.57194010000493,35.589030060785326,34.7174616184454,34.81145477294922,140989700
2006-05-12 00:00:00-04:00,34.65763570987034,34.708902313884636,34.33293309295249,34.34147644042969,153920800
2006-05-15 00:00:00-04:00,34.196222860571005,34.469655663028675,33.99969323752806,34.31584930419922,127896500
2006-05-16 00:00:00-04:00,34.32440702622341,34.40131023784062,33.98261750981835,34.05952072143555,132397500
2006-05-17 00:00:00-04:00,33.905715426283514,34.016798571110336,33.52119935540422,33.59810256958008,207897100
2006-05-18 00:00:00-04:00,33.74335850268194,33.888618287835335,33.32466258977605,33.36738586425781,139690900
2006-05-19 00:00:00-04:00,33.49557127926903,33.72628095790272,33.11105514821287,33.623741149902344,194306300
2006-05-22 00:00:00-04:00,33.33321078746087,33.52974374589115,32.99996463464172,33.299034118652344,169591800
2006-05-23 00:00:00-04:00,33.54681838445836,33.649358132734804,32.95722949996174,32.97431945800781,142243900
2006-05-24 00:00:00-04:00,32.92306970882018,33.35885575643836,32.66672670058618,33.196502685546875,234981600
2006-05-25 00:00:00-04:00,33.41864741955144,33.649356955739314,33.17084792591527,33.632266998291016,123510900
2006-05-26 00:00:00-04:00,33.70918631020001,33.82026945699017,33.52119994787476,33.74336624145508,91319600
2006-05-30 00:00:00-04:00,33.58100742726601,33.606644001090785,32.99141838252966,33.017051696777344,105606200
2006-05-31 00:00:00-04:00,33.07687092320123,33.375940435055426,32.93161110340339,33.17086410522461,137066200
2006-06-01 00:00:00-04:00,33.26484906907647,33.95697784423828,33.18794587183627,33.95697784423828,119357400
2006-06-02 00:00:00-04:00,34.14496534157248,34.17914526914017,33.58955618669533,33.87153244018555,128864100
2006-06-05 00:00:00-04:00,33.803168375627706,33.803168375627706,33.13667297363281,33.13667297363281,103190600
2006-06-06 00:00:00-04:00,33.196507691963006,33.28195754731329,32.76926819394763,33.111061096191406,127271000
2006-06-07 00:00:00-04:00,33.153765930264576,33.46992207004198,32.85469975203958,32.863243103027344,130754700
2006-06-08 00:00:00-04:00,32.70089046131379,32.94868999251072,32.03439831768563,32.811973571777344,280562200
2006-06-09 00:00:00-04:00,32.94867109705496,33.10247738962202,32.56415536563733,32.59833526611328,144146200
2006-06-12 00:00:00-04:00,32.64109436433605,32.69236101178566,31.94896528756167,31.95751190185547,145607500
2006-06-13 00:00:00-04:00,32.03440100035217,32.299287254193715,31.752421525463845,31.82932472229004,207099500
2006-06-14 00:00:00-04:00,31.923320238670968,32.22238643754351,31.78660379638965,32.154029846191406,201876800
2006-06-15 00:00:00-04:00,32.34199250560252,33.14520394921711,32.29926925552356,33.025577545166016,200700400
2006-06-16 00:00:00-04:00,32.96232879441203,33.07348672010971,32.663061219578175,32.78276824951172,120006100
2006-06-19 00:00:00-04:00,32.919572727812564,32.953775664121174,32.41509083346094,32.517696380615234,129450100
2006-06-20 00:00:00-04:00,32.56899297931626,32.90246337397402,32.44073362978447,32.56044387817383,102871700
2006-06-21 00:00:00-04:00,32.611752660893615,33.33855037583173,32.60320355774514,33.073482513427734,129548100
2006-06-22 00:00:00-04:00,32.996533396600014,33.07348838568587,32.4835023105424,32.654510498046875,143100500
2006-06-23 00:00:00-04:00,32.62883794778579,32.945206795731174,32.43217605518353,32.62028884887695,88050200
2006-06-26 00:00:00-04:00,32.637389444709555,32.82550225222447,32.55188540225922,32.70579528808594,65157700
2006-06-27 00:00:00-04:00,32.7229209147896,32.77422533521017,32.055979758184876,32.090179443359375,128227500
2006-06-28 00:00:00-04:00,32.16711612506254,32.35522896437512,31.961905083785815,32.3295783996582,91576300
2006-06-29 00:00:00-04:00,32.47493692163453,33.312889099121094,32.40653432641665,33.312889099121094,181997200
2006-06-30 00:00:00-04:00,33.44969238091528,33.466793842519024,33.073470010943666,33.15042495727539,82719200
2006-07-03 00:00:00-04:00,33.25304666513917,33.347103118896484,33.1846440471705,33.347103118896484,21598500
2006-07-05 00:00:00-04:00,33.03926319257789,33.07346611175304,32.56898447011423,32.62028884887695,93724000
2006-07-06 00:00:00-04:00,32.72289468956616,32.902455124473605,32.50057897435415,32.58608627319336,70615200
2006-07-07 00:00:00-04:00,32.40651907300952,32.63738057725525,32.124349938401444,32.22695541381836,108063300
2006-07-10 00:00:00-04:00,32.31246883218303,32.43217578653457,31.78233337466924,31.944795608520508,105109800
2006-07-11 00:00:00-04:00,31.87638818508513,32.26971520923589,31.705380122672295,32.184207916259766,136114200
2006-07-12 00:00:00-04:00,32.11581597931193,32.18421857457573,31.500176313083788,31.577131271362305,154458900
2006-07-13 00:00:00-04:00,31.329161134600895,31.671183854772856,31.046995162963867,31.046995162963867,177745500
2006-07-14 00:00:00-04:00,31.03845460216846,31.106860476919724,30.60237856682989,30.730634689331055,172448500
2006-07-17 00:00:00-04:00,30.739182160484194,30.995697626417567,30.670776296624034,30.807584762573242,134311000
2006-07-18 00:00:00-04:00,30.970053631714478,31.064110083600017,30.388616712578248,30.910200119018555,206964900
2006-07-19 00:00:00-04:00,30.8845307555157,31.49162120469514,30.858880194906067,31.312057495117188,192517600
2006-07-20 00:00:00-04:00,31.423241803159094,31.465993860740785,30.81615410488955,30.850357055664062,152292100
2006-07-21 00:00:00-04:00,30.67933108666382,30.747733694162253,30.457015273308315,30.525421142578125,119343000
2006-07-24 00:00:00-04:00,30.64511943117321,31.14960115727501,30.61091650627163,31.13249969482422,130269300
2006-07-25 00:00:00-04:00,31.200902891295325,31.414666261096066,30.98713952149458,31.312057495117188,108869600
2006-07-26 00:00:00-04:00,31.218016850971487,31.525836780771012,30.978602799692663,31.286422729492188,107170500
2006-07-27 00:00:00-04:00,31.4146887401817,31.67120431514077,30.995710800389634,31.081214904785156,99698700
2006-07-28 00:00:00-04:00,31.23510264743365,31.756685793232347,31.209452086745248,31.731035232543945,93556100
2006-07-31 00:00:00-04:00,31.70538448209793,31.91059548991731,31.542922233989916,31.722482681274414,78015300
2006-08-01 00:00:00-04:00,31.440328213303005,31.465978783206467,31.00424895431605,31.19236183166504,98552800
2006-08-02 00:00:00-04:00,31.303503359691188,31.74813148876157,31.303503359691188,31.542917251586914,87370600
2006-08-03 00:00:00-04:00,31.226586967932615,31.927731312487605,31.192384009229038,31.7396183013916,99205600
2006-08-04 00:00:00-04:00,32.0217787095556,32.17568871816888,31.312082196308506,31.59425163269043,123493800
2006-08-07 00:00:00-04:00,31.56003231420046,31.58568288174069,31.23511099101632,31.389020919799805,69634800
2006-08-08 00:00:00-04:00,31.474531147688523,31.55148611917026,31.00424895431605,31.19236183166504,124139900
2006-08-09 00:00:00-04:00,31.628428768482927,31.902045613425543,31.149597658948313,31.2351016998291,145342200
2006-08-10 00:00:00-04:00,31.149606220558358,31.53438103381915,31.0470006909458,31.457426071166992,102481300
2006-08-11 00:00:00-04:00,31.33771046301014,31.371910122300406,31.098293277357794,31.2351016998291,86903200
2006-08-14 00:00:00-04:00,31.500182103043834,31.867855497758793,31.380475093001085,31.44032859802246,109281100
2006-08-15 00:00:00-04:00,31.80800769163434,32.278286713247795,31.713951234957257,32.23553466796875,133712100
2006-08-16 00:00:00-04:00,32.47493398521767,33.01361864409732,32.3552270080823,32.996517181396484,135452100
2006-08-17 00:00:00-04:00,32.88538405689959,33.33001263647295,32.86828258132681,33.116249084472656,129492200
2006-08-18 00:00:00-04:00,33.03072541269924,33.20173680540759,32.73145466001687,33.16753387451172,97754500
2006-08-21 00:00:00-04:00,32.91956781920439,32.97087221601735,32.71435349372359,32.85116195678711,66668400
2006-08-22 00:00:00-04:00,32.79984958573882,33.184624275598935,32.66304116954077,32.859703063964844,102058600
2006-08-23 00:00:00-04:00,32.88538389949442,33.0649444994897,32.423653846558345,32.61176681518555,96056300
2006-08-24 00:00:00-04:00,32.70579528808594,32.791299330536276,32.42362607681357,32.70579528808594,78985300
2006-08-25 00:00:00-04:00,32.63742276407397,33.03929934975845,32.54336952606822,32.765682220458984,73572900
2006-08-28 00:00:00-04:00,32.74002050642037,33.16754753336729,32.69726845608015,33.01363754272461,80035000
2006-08-29 00:00:00-04:00,32.98799291033625,33.14189966694535,32.6459699224266,33.116249084472656,104842000
2006-08-30 00:00:00-04:00,33.10768256173984,33.372747139252006,33.0050737622791,33.2701416015625,75687200
2006-08-31 00:00:00-04:00,33.31291311306589,33.3727666501916,33.14190160908964,33.235958099365234,61207200
2006-09-01 00:00:00-04:00,33.415504455566406,33.52665910237473,33.26159450884719,33.415504455566406,69388500
2006-09-05 00:00:00-04:00,33.43259763332473,33.75751894550685,33.21883421300483,33.74041748046875,85582800
2006-09-06 00:00:00-04:00,33.43259951201364,33.509554478123995,33.01362501123478,33.06492614746094,97888600
2006-09-07 00:00:00-04:00,32.962327147372164,33.26159796902419,32.79986808083314,32.91102600097656,115877400
2006-09-08 00:00:00-04:00,32.95377513994229,33.193189166751246,32.885369268413164,33.10768508911133,96627000
2006-09-11 00:00:00-04:00,32.8426102485217,33.4753513785838,32.76565529029483,33.312889099121094,142377500
2006-09-12 00:00:00-04:00,33.30433908214093,34.03113335292222,33.30433908214093,33.92852783203125,124102400
2006-09-13 00:00:00-04:00,33.95418658688909,34.185051510908636,33.88578397705264,34.159400939941406,116054300
2006-09-14 00:00:00-04:00,34.07392365230933,34.3902961948671,33.996968609764785,34.193634033203125,98116000
2006-09-15 00:00:00-04:00,34.478489543184786,34.61537671862762,34.22182649718544,34.31593704223633,137825600
2006-09-18 00:00:00-04:00,34.32448196411133,34.56403690537076,34.17048352460413,34.32448196411133,117806700
2006-09-19 00:00:00-04:00,34.41005252028676,34.43571784947175,33.8111698180011,34.09349822998047,159060800
2006-09-20 00:00:00-04:00,34.39295788943611,34.68384372795424,34.38440059979307,34.5897331237793,116635500
2006-09-21 00:00:00-04:00,34.67528672982174,34.79506267663325,34.29029354754183,34.37584686279297,121886900
2006-09-22 00:00:00-04:00,34.35016985250946,34.358723875668936,33.96517353735949,34.11061477661133,100996400
2006-09-25 00:00:00-04:00,34.2560422200838,34.786479510329094,33.94804532134555,34.70948028564453,136473400
2006-09-26 00:00:00-04:00,34.66671354203217,34.906265303245036,34.564048967747794,34.88059997558594,113375600
2006-09-27 00:00:00-04:00,34.79503063447734,35.03458557114805,34.64958947975475,34.83781051635742,113003800
2006-09-28 00:00:00-04:00,34.88059662795274,34.98326119238398,34.58971097569118,34.93193054199219,85943600
2006-09-29 00:00:00-04:00,34.9918137830188,35.01747910477215,34.75225881328107,34.77792739868164,85438200
2006-10-02 00:00:00-04:00,34.73515640481005,34.82071293863994,34.29027548348684,34.34160614013672,97068800
2006-10-03 00:00:00-04:00,34.23894006103382,34.632490308441035,34.11916418257492,34.4870491027832,116261400
2006-10-04 00:00:00-04:00,34.4271502508576,35.34258361878903,34.34159374790095,35.33402633666992,149209500
2006-10-05 00:00:00-04:00,35.334036236404124,35.55647994276783,35.23137166773892,35.50514602661133,91799900
2006-10-06 00:00:00-04:00,35.385373541265565,35.55648334785922,35.282708962768616,35.42815017700195,85450400
2006-10-09 00:00:00-04:00,35.385371529731074,35.71047981741294,35.35114891762816,35.54792404174805,62786100
2006-10-10 00:00:00-04:00,35.59069966855354,35.71903282848628,35.34259389694359,35.607810974121094,98181800
2006-10-11 00:00:00-04:00,35.44526093512698,35.78748054301474,35.222817210905525,35.539371490478516,136561300
2006-10-12 00:00:00-04:00,35.7276034973198,36.146822519947385,35.676272820346576,36.10404586791992,95260200
2006-10-13 00:00:00-04:00,36.1297019397059,36.377811026938204,36.052702680345824,36.300811767578125,80470200
2006-10-16 00:00:00-04:00,36.300803177148005,36.46335568015258,36.27513785131774,36.335025787353516,62017400
2006-10-17 00:00:00-04:00,36.078390388687176,36.10405900015965,35.727616492634944,35.93294906616211,146149100
2006-10-18 00:00:00-04:00,36.12114505384614,36.19814430710294,35.6334842044358,35.76181411743164,120366100
2006-10-19 00:00:00-04:00,35.66770684580133,36.02703781535481,35.58215356258069,35.847373962402344,108198400
2006-10-20 00:00:00-04:00,35.967171705691726,36.00139434522134,35.624951837696635,35.93294906616211,105454300
2006-10-23 00:00:00-04:00,35.864481543321524,36.429144954394424,35.77892826120967,36.300811767578125,126960500
2006-10-24 00:00:00-04:00,36.17246445226592,36.317908891425574,35.86446753512522,36.05268859863281,103541700
2006-10-25 00:00:00-04:00,36.069813989497895,36.377811026938204,35.975703420985745,36.300811767578125,125399500
2006-10-26 00:00:00-04:00,36.42913134340784,36.72001369936542,36.12113442104417,36.63446044921875,130260700
2006-10-27 00:00:00-04:00,36.54892873755221,36.6344820381159,36.00137978118651,36.11259841918945,129375000
2006-10-30 00:00:00-05:00,36.069800209382436,36.48901896432852,35.984246959955364,36.34357452392578,103899900
2006-10-31 00:00:00-05:00,36.41203450343291,36.58314107168942,36.198148029463695,36.42914581298828,135811800
2006-11-01 00:00:00-05:00,36.55749755115019,36.59172019067981,35.77895045192937,35.93294906616211,148960600
2006-11-02 00:00:00-05:00,35.770368882140545,36.05269728175213,35.71048094090026,35.96714401245117,100216400
2006-11-03 00:00:00-05:00,36.018480479611455,36.0954797398642,35.599264823295385,35.87303924560547,119263300
2006-11-06 00:00:00-05:00,35.99281276512158,36.54036157350064,35.9842587428368,36.394920349121094,101283300
2006-11-07 00:00:00-05:00,36.39491161573263,36.865461056041475,36.33502368316501,36.64302062988281,139706500
2006-11-08 00:00:00-05:00,36.4376937341947,36.95957716547033,36.335029157702984,36.81413269042969,180245700
2006-11-09 00:00:00-05:00,37.01090224552068,37.08790148220014,36.50613019698819,36.64302062988281,124278000
2006-11-10 00:00:00-05:00,36.65158017234713,36.82268997559869,36.5061356973065,36.81413269042969,82419400
2006-11-13 00:00:00-05:00,36.83125129103705,37.25047022884144,36.78847464766485,37.190582275390625,89146200
2006-11-14 00:00:00-05:00,37.21622547127098,37.618332859810295,36.99378509986106,37.584110260009766,121962800
2006-11-15 00:00:00-05:00,37.63546026771676,37.98623390668667,37.575569060608984,37.73812484741211,116565900
2006-11-16 00:00:00-05:00,37.866450302175174,38.00333748021735,37.661121166935786,37.900672912597656,113513200
2006-11-17 00:00:00-05:00,37.69534377735827,37.900672912597656,37.601233230520315,37.900672912597656,95162500
2006-11-20 00:00:00-05:00,37.78090505012067,38.054679464251016,37.65257186565087,37.97768020629883,107184100
2006-11-21 00:00:00-05:00,38.003353616257364,38.08035289057759,37.857912355679794,38.029022216796875,68092200
2006-11-22 00:00:00-05:00,38.14022860628188,38.28566980771555,37.8664509816372,38.268558502197266,69852700
2006-11-24 00:00:00-05:00,37.98623637452971,38.37978667530303,37.96912506619413,38.20012283325195,51762900
2006-11-27 00:00:00-05:00,38.08034541998126,38.16590196557991,37.336021423339844,37.336021423339844,159506300
2006-11-28 00:00:00-05:00,37.22479519322133,37.50712686521129,37.079353978182716,37.44723892211914,118268400
2006-11-29 00:00:00-05:00,37.64401525324933,37.79801375855903,37.35312955029193,37.70390319824219,139515500
2006-11-30 00:00:00-05:00,37.686784305929876,37.88355940896848,37.464343878387666,37.67823028564453,123457100
2006-12-01 00:00:00-05:00,37.64401989409191,37.94345965597183,37.010914487140425,37.35313415527344,144559600
2006-12-04 00:00:00-05:00,37.46432813257838,38.05465319358763,37.46432813257838,37.866432189941406,89782400
2006-12-05 00:00:00-05:00,37.977676345978914,38.114563539129904,37.80656653862815,38.00334167480469,84697500
2006-12-06 00:00:00-05:00,37.88354348696799,37.986211269127494,37.70387976365816,37.866432189941406,78207500
2006-12-07 00:00:00-05:00,37.93490077776124,38.054676667183536,37.387351989746094,37.387351989746094,124936100
2006-12-08 00:00:00-05:00,37.26755940552596,37.8664385843567,37.19056018772675,37.55844497680664,133798700
2006-12-11 00:00:00-05:00,37.498560317518645,37.96055240081386,37.4301151119063,37.695335388183594,72931300
2006-12-12 00:00:00-05:00,37.68678681210533,37.75523203352998,37.26757125364664,37.472900390625,110985900
2006-12-13 00:00:00-05:00,37.729569178590815,37.7381264643935,37.31890757856547,37.541351318359375,79035500
2006-12-14 00:00:00-05:00,37.618358661970966,38.131684956478665,37.59269006269129,37.960575103759766,109104200
2006-12-15 00:00:00-05:00,38.272374665315326,38.3409000465508,37.9896988902012,38.0582275390625,99942300
2006-12-18 00:00:00-05:00,38.18670741056587,38.33232585092503,37.5185663245871,37.68132019042969,121588700
2006-12-19 00:00:00-05:00,37.39007870060511,37.74127975504003,37.158799479251634,37.56139373779297,136535200
2006-12-20 00:00:00-05:00,37.604209977370225,37.78409265147241,37.40719188559334,37.42432403564453,67213400
2006-12-21 00:00:00-05:00,37.467162809733566,37.50999155878303,37.01316892046183,37.158790588378906,102952300
2006-12-22 00:00:00-05:00,37.175943603023605,37.18450805058985,36.773345947265625,36.773345947265625,92858600
2006-12-26 00:00:00-05:00,36.77333460232128,36.93608519687715,36.73050584245131,36.927520751953125,50848600
2006-12-27 00:00:00-05:00,37.013185276674726,37.17593916965773,36.9189600265531,37.1159782409668,54129200
2006-12-28 00:00:00-05:00,37.00461337637226,37.15879952412745,36.87612383070131,36.93608474731445,69016000
2006-12-29 00:00:00-05:00,36.996037325052015,37.355806011264185,36.936076421954006,36.970340728759766,75152500
2007-01-03 00:00:00-05:00,37.22732659785822,37.741281536556876,36.42213477514288,37.03887939453125,167689500
2007-01-04 00:00:00-05:00,37.09025945323653,37.86975439636882,36.96177321482669,37.741268157958984,136853500
2007-01-05 00:00:00-05:00,37.64705452401178,37.64705452401178,37.24445699784557,37.56139373779297,138958800
2007-01-08 00:00:00-05:00,37.59566161358947,37.79267653911797,37.381514529194334,37.58709716796875,106401600
2007-01-09 00:00:00-05:00,37.69846155492221,37.93830857667958,37.372960250780054,37.77555465698242,121577500
2007-01-10 00:00:00-05:00,37.65561823163455,38.255230652928056,37.53569640090081,38.22096633911133,121070100
2007-01-11 00:00:00-05:00,38.29805030834078,38.75204418944082,38.246657117456124,38.614990234375,174029800
2007-01-12 00:00:00-05:00,38.56359278107423,38.84626512652009,38.520764033900484,38.81200408935547,104217300
2007-01-16 00:00:00-05:00,38.84628447679931,38.88911651293269,38.6578372418399,38.78632354736328,95690500
2007-01-17 00:00:00-05:00,38.62356557646184,38.79488388554575,38.400854061990245,38.46937942504883,127142600
2007-01-18 00:00:00-05:00,38.36661153402611,38.40944031871218,37.64707684136908,37.7584342956543,189029800
2007-01-19 00:00:00-05:00,37.66418758322128,37.929727857796436,37.61279111025917,37.83550262451172,127544300
2007-01-22 00:00:00-05:00,37.869750134104834,37.88688228415602,37.27013795280737,37.42432403564453,123441700
2007-01-23 00:00:00-05:00,37.39864545224689,37.67275344980492,37.26159145346787,37.33012008666992,133103600
2007-01-24 00:00:00-05:00,37.5699598123356,37.96398960888945,37.49286674191204,37.94685745239258,117615300
2007-01-25 00:00:00-05:00,37.99826214440925,38.09248739171929,37.3301242345751,37.45861053466797,158337600
2007-01-26 00:00:00-05:00,37.52712340092694,37.54425555392956,37.081697225730956,37.32154083251953,146284300
2007-01-29 00:00:00-05:00,37.22733393992375,37.61279940306392,37.175940723255515,37.3558235168457,104191500
2007-01-30 00:00:00-05:00,37.415791729760755,37.51001700215785,37.27873767926306,37.372962951660156,69605900
2007-01-31 00:00:00-05:00,37.33012096060836,37.85263709669378,37.115973878276165,37.749847412109375,157772500
2007-02-01 00:00:00-05:00,37.92114806025975,38.03250540611506,37.56137943042863,37.68986892700195,147365600
2007-02-02 00:00:00-05:00,37.79267050219317,37.90402788322569,37.63848436464804,37.826934814453125,98189200
2007-02-05 00:00:00-05:00,37.80979954363468,37.998249977915634,37.65561341879107,37.792667388916016,96347800
2007-02-06 00:00:00-05:00,37.86118995419105,37.88688654834824,37.38149950163891,37.741268157958984,121110200
2007-02-07 00:00:00-05:00,37.929737150805856,38.246677243620276,37.79268312361948,38.08392333984375,117823800
2007-02-08 00:00:00-05:00,38.032534383564695,38.20384948602467,37.88691262532237,38.07536315917969,89521900
2007-02-09 00:00:00-05:00,38.17814194455425,38.3066315022414,37.45860761028159,37.58709716796875,133472000
2007-02-12 00:00:00-05:00,37.57853274455439,37.59566490492086,37.33868903467466,37.44147872924805,126940000
2007-02-13 00:00:00-05:00,37.50142149548098,37.68987190062374,37.43289615482609,37.569950103759766,93648000
2007-02-14 00:00:00-05:00,37.72415850674295,38.2980712360592,37.72415850674295,38.2038459777832,133370000
2007-02-15 00:00:00-05:00,38.22954069629156,38.42655563354492,38.16101205674671,38.42655563354492,110452500
2007-02-16 00:00:00-05:00,38.255228799768545,38.400850492623036,38.178135731227854,38.298057556152344,72342200
2007-02-20 00:00:00-05:00,38.238123672378045,38.64928590601763,38.05824080784078,38.589324951171875,93629000
2007-02-21 00:00:00-05:00,38.47794546422623,38.72635685930841,38.400855652950824,38.709224700927734,95864000
2007-02-22 00:00:00-05:00,38.8548339208233,39.017584471674866,38.60642260560982,38.906227111816406,116344400
2007-02-23 00:00:00-05:00,38.90623810663501,38.94050242206279,38.59786907065983,38.76918411254883,113467100
2007-02-26 00:00:00-05:00,38.957628041811276,38.97476019665001,38.34088353811458,38.58073043823242,101623700
2007-02-27 00:00:00-05:00,38.00682636088428,38.10105160762457,36.88469764911467,36.99605178833008,317813200
2007-02-28 00:00:00-05:00,36.96179206215423,37.48430825965732,36.77334156191098,37.1159782409668,214978700
2007-03-01 00:00:00-05:00,36.44782227146961,37.29584591123942,36.1822820570676,36.944644927978516,231806500
2007-03-02 00:00:00-05:00,36.644838943163954,36.95321119099482,36.37929871568411,36.38786315917969,183359400
2007-03-05 00:00:00-05:00,36.10521697998047,36.66199770475209,36.028123862073414,36.10521697998047,171885400
2007-03-06 00:00:00-05:00,36.43068414256255,36.82471707943816,36.40498754993158,36.70479202270508,155551800
2007-03-07 00:00:00-05:00,36.71339415184687,36.816183886362694,36.533511299537494,36.559207916259766,119979300
2007-03-08 00:00:00-05:00,36.944648274280226,37.03887349474745,36.696236923525646,36.807594299316406,120900700
2007-03-09 00:00:00-05:00,37.11598266718211,37.12454711474835,36.533502203899644,36.773345947265625,128597600
2007-03-12 00:00:00-04:00,36.721932056039044,37.073133057083524,36.68767101438485,37.0131721496582,81310100
2007-03-13 00:00:00-04:00,36.83330321730153,37.03888588231615,36.28508713409667,36.29365158081055,171231800
2007-03-14 00:00:00-04:00,36.3450468581261,36.83330199525785,36.06237111156272,36.824737548828125,192586700
2007-03-15 00:00:00-04:00,36.747661498545234,36.88471557834456,36.59347525031761,36.73909378051758,111627400
2007-03-16 00:00:00-04:00,36.805070047218884,36.8907847971619,36.52221954661538,36.71078872680664,108328800
2007-03-19 00:00:00-04:00,36.90793267757225,37.19078321596091,36.81364807488142,37.087928771972656,95913200
2007-03-20 00:00:00-04:00,37.07934238266826,37.36219608944923,37.03648665216035,37.3536262512207,78755700
2007-03-21 00:00:00-04:00,37.40505362975262,38.0907551601039,37.1564858032244,38.073612213134766,173333500
2007-03-22 00:00:00-04:00,38.09073412609494,38.09930722968677,37.7907408940008,37.93645095825195,114856300
2007-03-23 00:00:00-04:00,37.93647992841889,38.03076452184341,37.773626802302395,37.81648254394531,68530300
2007-03-26 00:00:00-04:00,37.83360862744005,37.987891844318334,37.396475026072956,37.97074890136719,114237300
2007-03-27 00:00:00-04:00,37.91077943006669,37.91935254298524,37.67078458330041,37.70507049560547,76419200
2007-03-28 00:00:00-04:00,37.54221423886194,37.73935333109668,37.29364627790678,37.30221939086914,142795000
2007-03-29 00:00:00-04:00,37.55934039378282,37.585053181798706,36.942207323936586,37.34505844116211,124407000
2007-03-30 00:00:00-04:00,37.336487999422836,37.60219552378905,37.04506441777246,37.31077194213867,120418700
2007-04-02 00:00:00-04:00,37.43078168092396,37.50792333890467,37.11364520686286,37.362213134765625,89617700
2007-04-03 00:00:00-04:00,37.55935298829078,37.97934719492158,37.53364019165281,37.85077667236328,105814500
2007-04-04 00:00:00-04:00,37.87647256460828,38.03932892312336,37.825046994283724,38.005043029785156,85147200
2007-04-05 00:00:00-04:00,37.96219385890847,38.21076172404596,37.91076501001279,38.19361877441406,54220200
2007-04-09 00:00:00-04:00,38.32218652574798,38.35647242548918,38.03933602709145,38.099334716796875,63050200
2007-04-10 00:00:00-04:00,38.090758529943976,38.296470642089844,38.0650457420569,38.296470642089844,76364500
2007-04-11 00:00:00-04:00,38.26217705209078,38.27931999712975,37.77361456236862,37.893611907958984,114012300
2007-04-12 00:00:00-04:00,37.833623371510924,38.245044353626426,37.670770254532904,38.19361877441406,113801300
2007-04-13 00:00:00-04:00,38.20220682479115,38.330777373476295,37.962211954909414,38.27077865600586,94572000
2007-04-16 00:00:00-04:00,38.42504572672636,38.6993263960089,38.42504572672636,38.62218475341797,72803200
2007-04-17 00:00:00-04:00,38.699315904082354,38.74217163397331,38.53645955294108,38.7078857421875,81852300
2007-04-18 00:00:00-04:00,38.51076571141706,38.76790348692497,38.42505420947583,38.5793342590332,82002500
2007-04-19 00:00:00-04:00,38.40789437604266,38.78502939640254,38.33075275032328,38.699317932128906,95413000
2007-04-20 00:00:00-04:00,39.01646298505538,39.14503021017199,38.74218231451974,38.91360855102539,122377400
2007-04-23 00:00:00-04:00,38.965040627433595,39.08503803208226,38.862186176261034,38.97361373901367,85303300
2007-04-24 00:00:00-04:00,39.110728113659235,39.28215426484807,38.853590521716924,39.17072677612305,108143700
2007-04-25 00:00:00-04:00,39.299333434807686,39.702184804532465,39.1707661444617,39.6936149597168,106818100
2007-04-26 00:00:00-04:00,39.78787589280384,39.98501818883099,39.71073752003254,39.8993034362793,99308300
2007-04-27 00:00:00-04:00,39.74503184403071,40.02788570613935,39.67646329150054,39.91645812988281,96536500
2007-04-30 00:00:00-04:00,39.84789208450212,39.88217472808198,39.35932599469447,39.393611907958984,93290500
2007-05-01 00:00:00-04:00,39.40216152161375,39.54787166155921,39.13645075681104,39.35930252075195,135044400
2007-05-02 00:00:00-04:00,39.505029405837064,39.92502356189378,39.47074350132553,39.787879943847656,91971600
2007-05-03 00:00:00-04:00,39.865014324087646,40.045013655105315,39.79644579725305,39.93358612060547,98003600
2007-05-04 00:00:00-04:00,40.08787382180588,40.19072825826226,39.78787708342303,39.96787643432617,93591800
2007-05-07 00:00:00-04:00,39.993589226019374,40.09644366247575,39.91644758125619,39.96787643432617,47487900
2007-05-08 00:00:00-04:00,39.830737037980064,40.087874770045154,39.685023585676866,40.0535888671875,95138900
2007-05-09 00:00:00-04:00,39.84786253399551,40.259283379012885,39.8221464832754,40.139286041259766,116021000
2007-05-10 00:00:00-04:00,40.002165096075856,40.09644970607355,39.48788956659541,39.59074401855469,171196300
2007-05-11 00:00:00-04:00,39.63359658298646,40.09644317626953,39.58216773054011,40.09644317626953,104767900
2007-05-14 00:00:00-04:00,40.08786194167423,40.18214650951928,39.590726318375786,39.82215118408203,118899200
2007-05-15 00:00:00-04:00,39.787895458215075,40.0278936136937,39.41933328489719,39.513614654541016,179438500
2007-05-16 00:00:00-04:00,39.59930997655708,39.90787654637621,39.350742098682396,39.8993034362793,144420500
2007-05-17 00:00:00-04:00,39.847883303592496,39.916451845327046,39.67645704473021,39.71074295043945,109869100
2007-05-18 00:00:00-04:00,39.839302786323785,40.036441802978516,39.7535913076681,40.036441802978516,104961700
2007-05-21 00:00:00-04:00,40.06215745759343,40.49072138590893,40.00215549952063,40.2935791015625,112831400
2007-05-22 00:00:00-04:00,40.31929576055277,40.52500461818229,40.17358232252213,40.32786560058594,98029100
2007-05-23 00:00:00-04:00,40.44784922276112,40.60213244835292,40.113569990539645,40.139286041259766,119220600
2007-05-24 00:00:00-04:00,40.1650116651892,40.31929494011356,39.402168400109424,39.56502151489258,206268600
2007-05-25 00:00:00-04:00,39.65073841139077,39.90787941786441,39.58216987409919,39.813594818115234,87143200
2007-05-29 00:00:00-04:00,39.856432067545484,40.16499851637886,39.77929045533714,40.12214279174805,99702400
2007-05-30 00:00:00-04:00,39.839300749258356,40.45643382701064,39.72787321695683,40.44786071777344,132036500
2007-05-31 00:00:00-04:00,40.55928720028542,40.73071341407774,40.46500261921549,40.63642883300781,109457700
2007-06-01 00:00:00-04:00,40.78215582973122,40.94500898869901,40.602156447027255,40.66215515136719,125089800
2007-06-04 00:00:00-04:00,40.51642805197871,40.83356439549139,40.490715266464456,40.78213882446289,64782700
2007-06-05 00:00:00-04:00,40.67071130442981,40.78213882446289,40.28500317330206,40.78213882446289,151160400
2007-06-06 00:00:00-04:00,40.602161914927244,40.61073502794987,40.250739483745456,40.34502410888672,183166500
2007-06-07 00:00:00-04:00,40.20786958635294,40.46500730195669,39.702163995469405,39.71930694580078,221373300
2007-06-08 00:00:00-04:00,39.70217618138877,40.22502488308336,39.56503580632826,40.207881927490234,177587800
2007-06-11 00:00:00-04:00,40.18215470891898,40.44786225104772,40.07929701227243,40.1307258605957,97100400
2007-06-12 00:00:00-04:00,39.9164407841409,40.3192918903812,39.813586365198944,39.89072799682617,153967700
2007-06-13 00:00:00-04:00,40.0621580536742,40.362151500085304,39.89073182586071,40.32786560058594,147985300
2007-06-14 00:00:00-04:00,40.3707118697472,40.70499440692328,40.36214203172438,40.59356689453125,101531900
2007-06-15 00:00:00-04:00,40.968441009521484,41.062799336041095,40.87408595524235,40.968441009521484,100378400
2007-06-18 00:00:00-04:00,41.04563477569628,41.06279112911097,40.89123086720389,40.977012634277344,75713200
2007-06-19 00:00:00-04:00,40.85692959839874,41.054222793739534,40.75399145733709,40.968441009521484,109621300
2007-06-20 00:00:00-04:00,41.02848336878038,41.10568205393701,40.52238237523383,40.582427978515625,161889500
2007-06-21 00:00:00-04:00,40.56527648270451,40.99417557022161,40.385139651285016,40.95128631591797,143181300
2007-06-22 00:00:00-04:00,40.86550899947124,40.92555461650416,40.436609865098546,40.56528091430664,153328700
2007-06-25 00:00:00-04:00,40.57386322558573,40.814049000105285,40.162120390719444,40.39372634887695,136602600
2007-06-26 00:00:00-04:00,40.58243191094168,40.591008452710156,40.093487224131316,40.162109375,128211900
2007-06-27 00:00:00-04:00,40.11921916450965,40.79688047646167,40.059173556842026,40.77972412109375,141196200
2007-06-28 00:00:00-04:00,40.762577056884766,41.045648804376526,40.71968779480916,40.762577056884766,116546300
2007-06-29 00:00:00-04:00,40.985576805006986,41.07135854619065,40.49663233309605,40.831172943115234,124794700
2007-07-02 00:00:00-04:00,40.92554379825284,41.2171952634208,40.899810904109735,41.20003890991211,80863100
2007-07-03 00:00:00-04:00,41.2515184735344,41.44881168075756,41.20862921496252,41.44023513793945,34803300
2007-07-05 00:00:00-04:00,41.46596049582428,41.83481394247981,41.42307124505411,41.740455627441406,73588500
2007-07-06 00:00:00-04:00,41.78335820078025,41.954918530802765,41.603221326765116,41.91202926635742,65804300
2007-07-09 00:00:00-04:00,41.9463239531701,42.01494609233227,41.791920049755554,41.937744140625,66768800
2007-07-10 00:00:00-04:00,41.7061355012198,41.946321152852015,41.54315506838038,41.58604431152344,104383100
2007-07-11 00:00:00-04:00,41.4916883373388,41.86912155151367,41.44879909179339,41.86912155151367,99637600
2007-07-12 00:00:00-04:00,42.00635798438874,42.60681380760424,41.963465477954365,42.51245880126953,107667100
2007-07-13 00:00:00-04:00,42.57251706447468,42.86416852501175,42.52104800476586,42.80412292480469,74232200
2007-07-16 00:00:00-04:00,42.79552408648184,42.958507733648986,42.68400947614195,42.76121139526367,77799500
2007-07-17 00:00:00-04:00,42.85558668602093,43.147238132768436,42.82127398117072,43.08719253540039,124833700
2007-07-18 00:00:00-04:00,42.84701510057097,43.035728454589844,42.58109651559163,43.035728454589844,144915900
2007-07-19 00:00:00-04:00,43.241600149784794,43.45604966516207,43.15582165252985,43.164398193359375,116563800
2007-07-20 00:00:00-04:00,43.138669472739565,43.19871508107603,42.66688114770717,42.932796478271484,163721300
2007-07-23 00:00:00-04:00,43.07861454521768,43.1558164924121,42.821272539743255,42.94994354248047,107464100
2007-07-24 00:00:00-04:00,42.63256995542358,42.975687262107336,42.07499983273198,42.315185546875,175496200
2007-07-25 00:00:00-04:00,42.52963280683639,42.60683149709644,42.08357738708399,42.37522888183594,170258700
2007-07-26 00:00:00-04:00,42.08358285789557,42.435280005618964,41.21720480251609,42.014957427978516,318522000
2007-07-27 00:00:00-04:00,41.937741911811415,42.135035050746986,41.16572570800781,41.16572570800781,246387600
2007-07-30 00:00:00-04:00,41.36303498315162,41.80051067541414,41.13142904998647,41.6461067199707,166517200
2007-07-31 00:00:00-04:00,42.00637629246781,42.02353264807124,40.685366361166494,40.77114486694336,260224500
2007-08-01 00:00:00-04:00,40.65106016612279,41.11427202494502,40.29936300047794,41.088539123535156,301153900
2007-08-02 00:00:00-04:00,41.114268138595605,41.543167240168906,40.99417691371356,41.465965270996094,177369900
2007-08-03 00:00:00-04:00,41.38876627521103,41.44023534910396,40.44518949285898,40.67679214477539,166048400
2007-08-06 00:00:00-04:00,40.71967956524263,41.191467897206394,40.34224628187939,41.14857864379883,190869100
2007-08-07 00:00:00-04:00,41.07138162418812,41.70615050442947,40.72826101113178,41.44023513793945,167109700
2007-08-08 00:00:00-04:00,41.61177679258672,42.08356827922604,41.51742176749832,41.89485168457031,164831200
2007-08-09 00:00:00-04:00,41.33729897494899,42.00638387530217,40.9083998241609,40.92555618286133,242418200
2007-08-10 00:00:00-04:00,40.48808330751537,41.02849719135796,39.99913850335719,40.556705474853516,247006400
2007-08-13 00:00:00-04:00,40.89979833606216,41.07135854619065,40.72823812593368,40.831172943115234,116935100
2007-08-14 00:00:00-04:00,40.91697159736389,40.95128430802055,40.08490636126111,40.136375427246094,153529800
2007-08-15 00:00:00-04:00,40.04200611763014,40.3937031247204,39.295722863021865,39.3729248046875,214854100
2007-08-16 00:00:00-04:00,39.0555338980698,39.381497987570846,38.07764490180568,38.98691177368164,362468700
2007-08-17 00:00:00-04:00,39.724647521972656,39.964830041607954,39.107031588920286,39.724647521972656,223246600
2007-08-20 00:00:00-04:00,39.8790397105547,40.07633290365218,39.52734257986086,39.91334915161133,144715100
2007-08-21 00:00:00-04:00,39.87044844597013,40.42801842408098,39.793246499343084,40.33366012573242,115027200
2007-08-22 00:00:00-04:00,40.642473683682816,40.91696880572771,40.548115371934884,40.88265609741211,115814100
2007-08-23 00:00:00-04:00,40.99417421754761,41.04564001211763,40.513806077372514,40.77114486694336,118663400
2007-08-24 00:00:00-04:00,40.642458010182594,41.37158478338636,40.59098896755789,41.34585189819336,88189200
2007-08-27 00:00:00-04:00,41.22577307297782,41.345864269463085,41.037056465792595,41.07136917114258,72490400
2007-08-28 00:00:00-04:00,40.83119821257708,40.91698000684906,40.067758240881176,40.0934944152832,106024800
2007-08-29 00:00:00-04:00,40.359404624908656,41.27724843643254,40.359404624908656,41.24293899536133,113201000
2007-08-30 00:00:00-04:00,41.02849826902501,41.8090946674161,40.95987282764325,41.4573974609375,138930000
2007-08-31 00:00:00-04:00,41.912009092459826,42.083569339903654,41.697559601214934,41.92058563232422,94687200
2007-09-04 00:00:00-04:00,41.97203873370717,42.88988194556316,41.95488238826035,42.615386962890625,98480900
2007-09-05 00:00:00-04:00,42.512483885048624,42.5896858610479,41.9206009783073,42.186519622802734,114049300
2007-09-06 00:00:00-04:00,42.22939310927307,42.340907760118306,41.8691195373355,42.152191162109375,99222600
2007-09-07 00:00:00-04:00,41.62893219805343,41.688977790944826,41.131411103776195,41.3715934753418,152438000
2007-09-10 00:00:00-04:00,41.70612537985017,41.81764000275101,41.01131130172955,41.34585189819336,125199400
2007-09-11 00:00:00-04:00,41.611769127030726,42.02351494356385,41.543147005767786,41.9720458984375,103064500
2007-09-12 00:00:00-04:00,41.894861905010735,42.34949387878419,41.84339283784684,41.98064041137695,93993400
2007-09-13 00:00:00-04:00,42.28087795705081,42.332343759556494,41.98064659605776,42.186519622802734,80807500
2007-09-14 00:00:00-04:00,41.86055205967561,42.298030979921336,41.80050644666,42.220829010009766,99801200
2007-09-17 00:00:00-04:00,42.032101993482115,42.117880484572936,41.680404944426236,41.86912155151367,84882300
2007-09-18 00:00:00-04:00,42.109300899333036,42.95852229757753,41.88627487528064,42.92420959472656,151452100
2007-09-19 00:00:00-04:00,43.13866658104379,43.39600535269863,42.87274799606445,43.035728454589844,127025800
2007-09-20 00:00:00-04:00,42.94137032115347,43.11292730840818,42.82127584893948,42.91563415527344,109970600
2007-09-21 00:00:00-04:00,43.152518852241414,43.35849890804986,42.920792517185134,43.2211799621582,86829500
2007-09-24 00:00:00-04:00,43.33274455999739,43.73611704685154,43.1954256396753,43.4185676574707,107226800
2007-09-25 00:00:00-04:00,43.27266825499197,43.830528259277344,43.22117570157224,43.830528259277344,101102200
2007-09-26 00:00:00-04:00,44.079420273585924,44.20815493232187,43.87344023609013,44.04508972167969,96124600
2007-09-27 00:00:00-04:00,44.302553894977095,44.328303440984804,44.079411897869974,44.268226623535156,73423200
2007-09-28 00:00:00-04:00,44.23391766066548,44.3540713541899,43.924949149349786,44.122344970703125,75546000
2007-10-01 00:00:00-04:00,44.15665525845291,44.766007723797465,44.09657843927478,44.62868881225586,100404100
2007-10-02 00:00:00-04:00,44.66303669663701,44.68020197648584,44.38839876694046,44.63728713989258,71046000
2007-10-03 00:00:00-04:00,44.49138095974476,44.68877673953031,44.199577790943955,44.32831573486328,106785000
2007-10-04 00:00:00-04:00,44.414132027430156,44.482793126693906,44.06225207855696,44.431297302246094,84129300
2007-10-05 00:00:00-04:00,44.77458338409923,45.40110432185828,44.6801793037491,45.33244323730469,115674700
2007-10-08 00:00:00-04:00,45.31528946961747,45.624257880659975,45.23804736685685,45.61567687988281,63022400
2007-10-09 00:00:00-04:00,45.718661020388495,45.87314521158768,45.51268100747583,45.81306838989258,93965600
2007-10-10 00:00:00-04:00,45.821652279537076,45.976136480478544,45.667168078595616,45.92464065551758,91777500
2007-10-11 00:00:00-04:00,46.164949938207265,46.293684586091366,44.86899954149435,45.195133209228516,239786700
2007-10-12 00:00:00-04:00,45.40110404430024,45.95037962160817,45.31527768913295,45.941795349121094,131676000
2007-10-15 00:00:00-04:00,46.01046489141921,46.09628798842279,45.229462922498,45.58992385864258,121578700
2007-10-16 00:00:00-04:00,45.30671600087605,45.727253861641884,45.21230860692476,45.37537384033203,193676600
2007-10-17 00:00:00-04:00,46.01904593896361,46.05337648737693,45.21229769489827,45.95896911621094,183985200
2007-10-18 00:00:00-04:00,45.77017614744962,46.25079092372837,45.58994233240247,46.1563835144043,144491200
2007-10-19 00:00:00-04:00,46.14779895095531,46.14779895095531,44.963420834880914,45.00633239746094,245111500
2007-10-22 00:00:00-04:00,44.76601410914127,45.58992769591245,44.6458604536465,45.54701614379883,207052100
2007-10-23 00:00:00-04:00,46.010457896032186,46.52540294764447,45.77873164062442,46.499656677246094,162360600
2007-10-24 00:00:00-04:00,46.12203509911819,46.29368128405381,45.14363416570311,46.14778137207031,298293400
2007-10-25 00:00:00-04:00,46.25075969896512,46.32800177499699,45.27236225185502,45.52983474731445,233833100
2007-10-26 00:00:00-04:00,46.41384076400112,46.51682913544662,45.86456181042878,46.28510284423828,146690300
2007-10-29 00:00:00-04:00,46.508234737751955,46.62839163121491,46.20785068894602,46.473907470703125,101896600
2007-10-30 00:00:00-04:00,46.29369097530209,46.82580473660825,46.25936369549348,46.568328857421875,114616600
2007-10-31 00:00:00-04:00,46.748576031870506,47.26352139001005,46.3795306580915,47.229190826416016,148431900
2007-11-01 00:00:00-04:00,46.92878288746686,47.0060249795858,46.31943042405139,46.345176696777344,181974200
2007-11-02 00:00:00-04:00,46.70563507080078,46.81720770311427,46.001875280406615,46.70563507080078,217882900
2007-11-05 00:00:00-05:00,46.22502770363699,46.68848030291979,45.99330140399559,46.40525817871094,150588900
2007-11-06 00:00:00-05:00,46.62840310870044,46.93736823183457,46.15636623875652,46.92878723144531,131884700
2007-11-07 00:00:00-05:00,46.53401325555128,46.842981768958644,45.75301096841272,45.78733825683594,197908200
2007-11-08 00:00:00-05:00,45.60707726981586,45.77014569522417,43.598786547267494,44.39695358276367,380626400
2007-11-09 00:00:00-05:00,43.53871479801455,43.87342941166571,42.91219711303711,42.91219711303711,309414900
2007-11-12 00:00:00-05:00,42.84352878877877,43.11816981593375,41.75356204729927,41.82221984863281,283216000
2007-11-13 00:00:00-05:00,42.388678301600486,43.59022142846006,42.35434774964641,43.54730987548828,255625900
2007-11-14 00:00:00-05:00,44.10516134643877,44.14807289428749,42.82637954126441,42.989444732666016,263284100
2007-11-15 00:00:00-05:00,42.912212804672336,43.37566548870888,42.37151800662971,42.757728576660156,251548800
2007-11-16 00:00:00-05:00,43.04951561187654,43.332737681676235,42.345755847692836,43.152503967285156,263623700
2007-11-19 00:00:00-05:00,43.0495270945056,43.29841868757585,42.4058439721153,42.65473556518555,198651100
2007-11-20 00:00:00-05:00,42.87785895663156,43.58161860241749,41.993868900716606,42.82636642456055,300763600
2007-11-21 00:00:00-05:00,42.44016094478866,43.058094318282556,41.92521264727969,42.32000732421875,212225400
2007-11-23 00:00:00-05:00,42.59465660545126,42.88645973729899,42.37151130077515,42.77488708496094,46463300
2007-11-26 00:00:00-05:00,42.88645968845301,43.22975537180307,41.9681387427308,42.03679656982422,150352100
2007-11-27 00:00:00-05:00,42.39725034471593,42.95510692028756,42.1397745532852,42.877864837646484,211369300
2007-11-28 00:00:00-05:00,43.45290493060557,44.37122596623861,43.42715537822564,44.182411193847656,216868100
2007-11-29 00:00:00-05:00,44.01075541860102,44.534284831753396,43.942097594582094,44.371219635009766,172087300
2007-11-30 00:00:00-05:00,44.80892439080181,44.84325494109598,43.72753824806753,44.03650665283203,171417400
2007-12-03 00:00:00-05:00,43.847691873285356,44.225318104465295,43.615965569853984,43.66746139526367,108625700
2007-12-04 00:00:00-05:00,43.332732257958604,43.718939360886736,43.23832491317515,43.487213134765625,113374100
2007-12-05 00:00:00-05:00,43.94209299027921,44.62868752823305,43.907762444896264,44.268226623535156,137614200
2007-12-06 00:00:00-05:00,44.311129439337826,44.94622803410766,44.293964170027785,44.903316497802734,99724500
2007-12-07 00:00:00-05:00,44.8775880878563,45.092149128696384,44.69735759929664,44.91191864013672,88992300
2007-12-10 00:00:00-05:00,45.02348291568077,45.22087865798373,44.90332927027387,45.09214401245117,75657900
2007-12-11 00:00:00-05:00,45.16080646709934,45.349621228642015,43.95068234090835,44.04508972167969,167064300
2007-12-12 00:00:00-05:00,44.84326386183517,44.9977480949492,43.67605111117006,44.43988800048828,162975200
2007-12-13 00:00:00-05:00,44.05368498984037,44.31115764550395,43.75329749661416,44.1995849609375,153476200
2007-12-14 00:00:00-05:00,43.84767446269331,44.28537734608184,43.70177131893703,43.744686126708984,128396700
2007-12-17 00:00:00-05:00,43.581632759654454,43.761866502271594,42.663311868087526,42.680477142333984,134377000
2007-12-18 00:00:00-05:00,43.11818986226665,43.14393614049404,42.20844983557761,42.81780242919922,154251700
2007-12-19 00:00:00-05:00,42.81781562321334,43.08387258466666,42.577508221863766,42.809234619140625,137970900
2007-12-20 00:00:00-05:00,43.444305569106156,43.736108627862585,43.083844700375636,43.68461608886719,167341700
2007-12-21 00:00:00-05:00,44.40027752778375,44.589289044772684,44.22844917391683,44.546329498291016,107573500
2007-12-24 00:00:00-05:00,44.68380769736209,45.01887458347509,44.632261466694274,44.881412506103516,34499800
2007-12-26 00:00:00-05:00,44.786901700653004,45.21647105402912,44.67521275111607,45.10478210449219,58492100
2007-12-27 00:00:00-05:00,44.958720924735516,45.10477290195507,44.42605267553226,44.563514709472656,65778900
2007-12-28 00:00:00-05:00,44.70957275573929,44.812668468293595,44.185497694445026,44.52056121826172,67545400
2007-12-31 00:00:00-05:00,44.30577838289561,44.40028415549713,43.99648795523745,44.00508117675781,70135600
2008-01-02 00:00:00-05:00,44.04804489061764,44.21987329915007,43.06862722254334,43.30918502807617,152344100
2008-01-03 00:00:00-05:00,43.30917899155409,43.60987620655834,43.085804385744346,43.48959732055664,114103700
2008-01-04 00:00:00-05:00,42.79370287447158,42.81088604297779,41.419078890163036,41.58231735229492,212617600
2008-01-07 00:00:00-05:00,41.582301685141104,41.754126750755354,40.74893635202916,41.38469696044922,235083600
2008-01-08 00:00:00-05:00,41.47061466688497,41.891590685183616,40.31077575683594,40.31077575683594,261669800
2008-01-09 00:00:00-05:00,40.47402542737731,41.204292024895665,39.91558395114273,41.169925689697266,254011800
2008-01-10 00:00:00-05:00,40.74895311868428,41.59090874056865,40.628674212322856,41.230072021484375,249958500
2008-01-11 00:00:00-05:00,41.006696206934336,41.04106254690418,40.12178425551551,40.422481536865234,211685200
2008-01-14 00:00:00-05:00,40.97230795519367,41.247231973215406,40.64583773213837,41.126953125,168048500
2008-01-15 00:00:00-05:00,40.6974019962451,40.82627412072038,39.821080070934244,39.9929084777832,241094900
2008-01-16 00:00:00-05:00,39.68360283021576,40.30218354745207,39.0564321707303,39.563323974609375,265625900
2008-01-17 00:00:00-05:00,39.72656382014841,40.01867102755219,38.83305903546,39.01347732543945,254098800
2008-01-18 00:00:00-05:00,39.211107144300456,39.64067668493014,38.644075481763494,38.96195602416992,273063300
2008-01-22 00:00:00-05:00,36.7969166979298,38.463644804612926,36.711000850768116,37.95675277709961,325732000
2008-01-23 00:00:00-05:00,36.5477749526647,37.9309893089038,35.748775396294974,37.810707092285156,390129000
2008-01-24 00:00:00-05:00,37.96532358798606,38.60108742712916,37.85363795899897,38.58390426635742,250249100
2008-01-25 00:00:00-05:00,39.4086887299779,39.4086887299779,37.75055088287702,37.79351043701172,199299100
2008-01-28 00:00:00-05:00,37.819282910111696,38.18011956181305,37.43266987089325,38.08561706542969,163711200
2008-01-29 00:00:00-05:00,38.2832223992192,38.38631812757272,37.83646987321514,38.15435028076172,138520000
2008-01-30 00:00:00-05:00,38.01687653233779,38.93615441454732,37.95673710283646,38.119972229003906,220824400
2008-01-31 00:00:00-05:00,37.69039501544981,39.16811388970854,37.647438757388144,38.772911071777344,246824100
2008-02-01 00:00:00-05:00,39.09078351906868,39.417256914468844,38.55811881514865,39.16810607910156,161920300
2008-02-04 00:00:00-05:00,39.15954444425865,39.18531755711423,38.60969291029122,38.6182861328125,100209900
2008-02-05 00:00:00-05:00,37.94814683545933,38.31757666105474,37.492804468850125,37.518577575683594,188990400
2008-02-06 00:00:00-05:00,37.733353459691315,37.94813803979617,36.745346357620555,36.77971267700195,178285000
2008-02-07 00:00:00-05:00,36.36732212573719,37.62166313002567,36.21267698522467,37.03744888305664,286254800
2008-02-08 00:00:00-05:00,37.11478542516883,37.604494128691854,36.89140757040366,37.458438873291016,173781300
2008-02-11 00:00:00-05:00,37.6044913220586,37.99110429002522,37.40688986673192,37.86223220825195,119562300
2008-02-12 00:00:00-05:00,38.09420191482639,38.386309141240076,37.38111537371082,37.6474494934082,145412400
2008-02-13 00:00:00-05:00,38.13716166193739,38.55814101501814,37.939560178606804,38.472225189208984,148685900
2008-02-14 00:00:00-05:00,38.532364832836095,38.532364832836095,37.70759256481844,37.77632522583008,170868900
2008-02-15 00:00:00-05:00,37.57012689590595,37.78491152481739,37.32956916027822,37.6474494934082,100053300
2008-02-19 00:00:00-05:00,38.14575912616497,38.23167168417657,37.17493148933462,37.57872772216797,110507600
2008-02-20 00:00:00-05:00,37.166349822487355,37.879436729634286,37.14916992742685,37.75056457519531,137338800
2008-02-21 00:00:00-05:00,38.11136653221587,38.205872247323946,37.23504527942067,37.38969039916992,127857000
2008-02-22 00:00:00-05:00,37.5185864954612,37.53576966321981,36.599308323177524,37.52717971801758,157364700
2008-02-25 00:00:00-05:00,37.4841997478413,37.8622193675655,37.23504888883232,37.71616744995117,121444300
2008-02-26 00:00:00-05:00,37.50139562305189,38.21447885076528,37.260834622232004,37.86223220825195,148375900
2008-02-27 00:00:00-05:00,37.60449044001478,38.197294792090105,37.51857462839676,38.05124282836914,125682600
2008-02-28 00:00:00-05:00,37.90519332885742,38.25744001646391,37.75914134301372,37.90519332885742,129196700
2008-02-29 00:00:00-05:00,37.501403045629566,37.6044987650418,36.81408950993779,36.90000534057617,188724500
2008-03-03 00:00:00-05:00,36.87424673926586,36.93438948839993,36.29003519589533,36.659461975097656,132963800
2008-03-04 00:00:00-05:00,36.42748700938299,36.977335325737464,36.101013342539595,36.86564636230469,183851000
2008-03-05 00:00:00-05:00,36.93439200299604,37.406917860865875,36.72819717331987,37.046077728271484,183208300
2008-03-06 00:00:00-05:00,37.020294577430256,37.17493983846617,36.169745641732696,36.22988510131836,152752200
2008-03-07 00:00:00-05:00,36.01507934796181,36.633660030855594,35.5511471131443,36.143951416015625,242552400
2008-03-10 00:00:00-04:00,36.09241695039001,36.204105904017176,35.37074027919497,35.448062896728516,146801900
2008-03-11 00:00:00-04:00,35.96352516555611,36.81407013852293,35.6628248325798,36.79689025878906,196755300
2008-03-12 00:00:00-04:00,36.94295281332813,37.320972545989505,36.599296127379205,36.69380187988281,155566100
2008-03-13 00:00:00-04:00,36.281414520800986,37.226468734560406,35.92057796312493,36.977317810058594,208967900
2008-03-14 00:00:00-04:00,37.22648989645483,37.2694461857373,35.86045892220149,36.29861831665039,309589800
2008-03-17 00:00:00-04:00,35.47384973246082,36.09242757751019,35.26765493254093,35.6370849609375,193130600
2008-03-18 00:00:00-04:00,36.29001733469944,37.23506852096271,36.17832839464345,37.226478576660156,216300400
2008-03-19 00:00:00-04:00,37.38112087335747,37.4584434822357,36.28142446029265,36.30719757080078,216157200
2008-03-20 00:00:00-04:00,36.4129563089518,37.05781388193146,36.19800378462525,37.049217224121094,128397000
2008-03-24 00:00:00-04:00,37.21258542459605,38.48510416182341,37.21258542459605,38.33034133911133,125018000
2008-03-25 00:00:00-04:00,38.43351185534832,38.75164067173191,38.07238991033529,38.5452880859375,118107500
2008-03-26 00:00:00-04:00,38.40771710699794,38.56248319349335,38.07239167956301,38.43351364135742,124824600
2008-03-27 00:00:00-04:00,38.209947616235404,38.27013404186635,37.5822868347168,37.5822868347168,143868600
2008-03-28 00:00:00-04:00,37.84886030964915,38.12399941965786,37.25559221867728,37.39316177368164,111822300
2008-03-31 00:00:00-04:00,37.53069493070658,37.84882360314251,37.35873233374449,37.59088134765625,113644800
2008-04-01 00:00:00-04:00,38.19274754047509,39.215923242651336,38.18415088613275,39.198726654052734,137494400
2008-04-02 00:00:00-04:00,39.29332178295644,39.56846074946107,38.83762020475205,39.112762451171875,132486800
2008-04-03 00:00:00-04:00,38.94078438490156,39.4738655118025,38.81181161036903,39.198726654052734,140033800
2008-04-04 00:00:00-04:00,39.35350228729663,39.85219035885154,39.03537352027464,39.430885314941406,139261000
2008-04-07 00:00:00-04:00,39.6716576639873,39.90380690263517,39.25035233748764,39.34492874145508,102297100
2008-04-08 00:00:00-04:00,39.043968200683594,39.310510455729045,38.84621231335873,39.043968200683594,97435200
2008-04-09 00:00:00-04:00,39.09557948339962,39.112776084789814,38.373338624593245,38.60548782348633,127182300
2008-04-10 00:00:00-04:00,38.631276912710526,39.41370415190758,38.631276912710526,39.15576171875,112773800
2008-04-11 00:00:00-04:00,38.70864081408171,38.777423898256124,37.934810617654776,38.07238006591797,120135400
2008-04-14 00:00:00-04:00,38.01219789155754,38.24434697646735,37.788648743078504,37.90042495727539,89274600
2008-04-15 00:00:00-04:00,38.038005542363706,38.132581911350975,37.55651063881936,37.952022552490234,124232300
2008-04-16 00:00:00-04:00,38.424911401114734,39.104162153380265,38.390521490554775,39.00958251953125,134027900
2008-04-17 00:00:00-04:00,39.052564948373856,39.095558068257425,38.67424976476612,38.9235954284668,124953100
2008-04-18 00:00:00-04:00,39.95537532356759,40.35088717176642,39.740422804340156,40.16172790527344,133022500
2008-04-21 00:00:00-04:00,40.08434316536419,40.47985827668648,39.97257022165018,40.445465087890625,83303200
2008-04-22 00:00:00-04:00,40.19612324600278,40.2133198420508,39.491079207610504,39.84360122680664,104689600
2008-04-23 00:00:00-04:00,40.135930738332256,40.46265945407038,39.78340877237514,40.28209686279297,131086200
2008-04-24 00:00:00-04:00,40.29928990059915,41.09031672997501,39.88658153393483,40.64321517944336,166509000
2008-04-25 00:00:00-04:00,40.686228145328634,40.712021407932724,40.04137034089517,40.540061950683594,121945400
2008-04-28 00:00:00-04:00,40.634621140441965,40.94415328033835,40.52284819652439,40.617427825927734,71244000
2008-04-29 00:00:00-04:00,40.540029172078945,41.064510340486265,40.46264616691823,40.92694091796875,91270600
2008-04-30 00:00:00-04:00,41.012956639983685,41.32248890804578,40.43688196777559,40.59164810180664,132152700
2008-05-01 00:00:00-04:00,40.60884232675758,41.88996118794564,40.600245666444025,41.872764587402344,143596900
2008-05-02 00:00:00-04:00,42.26827071590472,42.29406397319526,41.563226590693766,41.932945251464844,124990000
2008-05-05 00:00:00-04:00,41.93293773552169,42.1564869117747,41.61480892626793,41.812564849853516,75624700
2008-05-06 00:00:00-04:00,41.69218423818397,42.24246205921769,41.39124879986491,42.070499420166016,139582600
2008-05-07 00:00:00-04:00,42.07910202870592,42.328447726607784,41.15910555153764,41.305274963378906,140008300
2008-05-08 00:00:00-04:00,41.47724525826985,41.87275716086932,41.32247916074561,41.61481475830078,128058700
2008-05-09 00:00:00-04:00,41.30527658085585,41.66639523616654,41.1849036957523,41.45144271850586,97062000
2008-05-12 00:00:00-04:00,41.51162913942369,42.2940561721042,41.442846039363985,42.20807647705078,89606500
2008-05-13 00:00:00-04:00,42.22527129310764,42.41443055015408,41.924335813268755,42.31985092163086,85448100
2008-05-14 00:00:00-04:00,42.48320398376727,42.93030549332097,42.1650752619381,42.22526168823242,143598200
2008-05-15 00:00:00-04:00,42.23387345815697,43.00770390161499,42.11350056248914,42.96471405029297,157248900
2008-05-16 00:00:00-04:00,43.05069715445172,43.08509035019297,42.51761574012502,42.999107360839844,146563200
2008-05-19 00:00:00-04:00,43.0334972868464,43.39461925485973,42.4230328684435,42.6895751953125,140048700
2008-05-20 00:00:00-04:00,42.5348052298678,42.5348052298678,42.0361138147046,42.36284255981445,137163700
2008-05-21 00:00:00-04:00,42.41442277599962,42.64656855629655,41.28807065717755,41.42564010620117,192806700
2008-05-22 00:00:00-04:00,41.528806589528045,41.86413183753171,41.36544393227113,41.57179641723633,153198200
2008-05-23 00:00:00-04:00,41.42566304901694,41.57182923459336,41.11613079730663,41.4428596496582,121698400
2008-05-27 00:00:00-04:00,41.52882561570136,42.22527295133755,41.52022895818664,42.173683166503906,106984300
2008-05-28 00:00:00-04:00,42.37144297406285,42.44022936014893,41.915744645946525,42.34564971923828,121363000
2008-05-29 00:00:00-04:00,42.37142374872417,42.96469457982575,42.34563050560286,42.72394561767578,143993000
2008-05-30 00:00:00-04:00,42.88733439455429,43.1968665963942,42.775558148353056,42.999107360839844,94153600
2008-06-02 00:00:00-04:00,42.921688351922384,42.921688351922384,42.09627202513455,42.47459030151367,144359900
2008-06-03 00:00:00-04:00,42.637985484250216,42.90452781161075,41.846958440424196,42.24247360229492,167606900
2008-06-04 00:00:00-04:00,42.11349458601238,43.07648089460954,42.07910139786946,42.78414535522461,174870800
2008-06-05 00:00:00-04:00,42.89591970510065,43.514983945002484,42.732556988422026,43.46339416503906,126653700
2008-06-06 00:00:00-04:00,43.085079058691505,43.17105874559588,42.14788603980869,42.1564826965332,189136000
2008-06-09 00:00:00-04:00,42.24247745861418,42.29406397319526,41.22790112625389,41.932945251464844,208897300
2008-06-10 00:00:00-04:00,41.5030270045213,42.07909810116544,41.40844738449562,41.73517608642578,162798500
2008-06-11 00:00:00-04:00,41.649202687786136,41.71798907448007,40.71200948853159,40.72920608520508,170366900
2008-06-12 00:00:00-04:00,41.02152427607446,41.36544950389214,40.41106011261643,40.772178649902344,189913200
2008-06-13 00:00:00-04:00,41.02153010599361,41.67498747573278,40.80657762803735,41.58900451660156,167855000
2008-06-16 00:00:00-04:00,41.374068992361984,42.147899542060344,41.33107913513782,41.958740234375,136343900
2008-06-17 00:00:00-04:00,42.08769803748488,42.18227765751056,41.67498965184847,41.73517608642578,122932000
2008-06-18 00:00:00-04:00,41.49443854744736,41.65780458356424,41.124723181298705,41.2880859375,169338100
2008-06-19 00:00:00-04:00,41.21070452808829,42.139297869620584,40.93556551727015,41.932945251464844,221304200
2008-06-20 00:00:00-04:00,41.58360468346231,41.60080999007861,40.619943402813796,40.800628662109375,197434200
2008-06-23 00:00:00-04:00,40.96411140433683,41.07596559817604,40.42205230733458,40.48228073120117,131488800
2008-06-24 00:00:00-04:00,40.29300739382868,40.757626362986265,39.93163343759043,40.27579879760742,178293800
2008-06-25 00:00:00-04:00,40.44785313623443,41.29966006933335,40.38762472787615,40.929683685302734,179023400
2008-06-26 00:00:00-04:00,40.17252198276915,40.18112791657535,39.2690925830395,39.2776985168457,190028300
2008-06-27 00:00:00-04:00,39.23467541221881,39.492800911171905,38.69261974170226,39.2776985168457,181351800
2008-06-30 00:00:00-04:00,39.15723971463427,39.43257380810815,38.84749501360523,38.86470031738281,132912400
2008-07-01 00:00:00-04:00,38.55497613624548,39.45840604669567,38.443121908946644,39.41538619995117,245494300
2008-07-02 00:00:00-04:00,39.53582734512453,39.69070135751495,38.4086894287726,38.46891784667969,199576400
2008-07-03 00:00:00-04:00,38.70122752835144,38.7872704668197,38.09894008788357,38.40008544921875,123118300
2008-07-07 00:00:00-04:00,38.75287266335186,39.114243338954296,38.064545222534726,38.632415771484375,181011300
2008-07-08 00:00:00-04:00,38.67542489109472,39.587457266318545,38.520550849603275,39.553043365478516,206151200
2008-07-09 00:00:00-04:00,39.544440747411045,39.60466918168985,38.48613689653608,38.50334548950195,168500300
2008-07-10 00:00:00-04:00,38.563570459284456,39.07981507306798,38.184991294656754,38.95935821533203,238811500
2008-07-11 00:00:00-04:00,38.554957606639476,38.950745257998655,37.728961847982596,38.3398551940918,265514700
2008-07-14 00:00:00-04:00,38.83889621574371,38.873313394027,37.918258030983665,38.05592346191406,177389800
2008-07-15 00:00:00-04:00,37.86665505399486,38.658234219916785,37.25576454170816,38.064552307128906,283891100
2008-07-16 00:00:00-04:00,38.167781258979424,39.045399694965155,37.789198826473964,39.010982513427734,186047800
2008-07-17 00:00:00-04:00,39.24330800814452,39.42399335440865,38.70124868714782,39.26911926269531,197555100
2008-07-18 00:00:00-04:00,38.83891710690155,38.86472836339631,38.365692138671875,38.365692138671875,160661000
2008-07-21 00:00:00-04:00,38.718439299799435,38.881915973027816,38.27963176523759,38.52914810180664,128107800
2008-07-22 00:00:00-04:00,37.883840780143316,38.554962626571054,37.737572696023626,38.52914810180664,152524500
2008-07-23 00:00:00-04:00,38.58938679520102,39.48421397384195,38.477535859523634,39.036800384521484,169259100
2008-07-24 00:00:00-04:00,39.21746160329224,39.243272834708634,38.41728060737066,38.45169448852539,145561000
2008-07-25 00:00:00-04:00,38.70123641743298,39.131441361978304,38.511945191528,38.95075607299805,111616700
2008-07-28 00:00:00-04:00,38.94216612152401,39.16587462255197,38.03873602356858,38.21942138671875,124028500
2008-07-29 00:00:00-04:00,38.38288372028368,39.18306513891176,38.34846653874626,39.010982513427734,142290900
2008-07-30 00:00:00-04:00,39.122837889247776,39.4239800312517,38.615195934010316,39.20887756347656,165679900
2008-07-31 00:00:00-04:00,38.82168405612736,39.70790826329983,38.735644400535065,39.11422348022461,180473100
2008-08-01 00:00:00-04:00,39.157252087761634,39.19166927059648,38.20219988061889,38.615196228027344,180350400
2008-08-04 00:00:00-04:00,38.60658740655002,38.64960724077754,38.11615407550974,38.22800827026367,116298000
2008-08-05 00:00:00-04:00,38.62378516527299,39.553029078570454,38.58076534310967,39.518611907958984,151657400
2008-08-06 00:00:00-04:00,39.53583546606371,40.27578850343116,39.217484722848624,40.120914459228516,133463700
2008-08-07 00:00:00-04:00,39.879995938426156,40.31020087101847,39.64768816316509,39.81116485595703,152805800
2008-08-08 00:00:00-04:00,39.785358546431354,40.81784788699017,39.707921517669085,40.714599609375,143121500
2008-08-11 00:00:00-04:00,40.697386735293854,41.54058802523285,40.55972128555286,41.084571838378906,157290100
2008-08-12 00:00:00-04:00,41.0759714989551,41.437342094067425,40.878074326732545,41.127593994140625,140549300
2008-08-13 00:00:00-04:00,41.058762089434985,41.40292408523561,40.654368380110824,41.04155349731445,169652100
2008-08-14 00:00:00-04:00,40.90389540626238,41.69547109308995,40.86087555931809,41.51478576660156,158069200
2008-08-15 00:00:00-04:00,41.58359968490075,41.79009616150155,41.265245753320826,41.43732833862305,123115900
2008-08-18 00:00:00-04:00,41.557781278146514,41.56638721181827,40.66295454400042,40.95549392700195,151399100
2008-08-19 00:00:00-04:00,40.74902531370719,40.94691925475331,40.224174595965444,40.447879791259766,155410600
2008-08-20 00:00:00-04:00,40.73180704620257,40.92109828495891,40.21556239058061,40.51670455932617,155466700
2008-08-21 00:00:00-04:00,40.21555692213415,40.508096395795135,39.90580885799862,40.32740783691406,118916200
2008-08-22 00:00:00-04:00,40.54250495866122,41.02433558192435,40.508091064444464,40.86085891723633,96515500
2008-08-25 00:00:00-04:00,40.57692308285475,40.61994291328247,39.897198602607595,40.000450134277344,128076500
2008-08-26 00:00:00-04:00,40.026255202494305,40.24135760365848,39.682090047750755,39.94881820678711,107225500
2008-08-27 00:00:00-04:00,39.96603743818792,40.51669920669137,39.82837199606206,40.20695114135742,108489900
2008-08-28 00:00:00-04:00,40.370440268669206,40.68018842945454,40.293006510676925,40.53392028808594,112808600
2008-08-29 00:00:00-04:00,40.103700627740686,40.54250817418117,39.510015775129446,39.682098388671875,133184300
2008-09-02 00:00:00-04:00,40.327414170887174,40.50810275814787,39.01098797375144,39.191673278808594,162277500
2008-09-03 00:00:00-04:00,39.105626417720856,39.26910309959629,38.53775607590787,38.82168960571289,161682900
2008-09-04 00:00:00-04:00,38.59797527213595,38.640995095796924,37.56548309326172,37.56548309326172,219004700
2008-09-05 00:00:00-04:00,37.238536209541415,37.66874112243243,36.834145823321904,37.38480758666992,247977500
2008-09-08 00:00:00-04:00,37.875231302676106,38.04731388055594,36.722282297744044,37.31596374511719,311065100
2008-09-09 00:00:00-04:00,37.298773490850294,37.67735600469352,36.43836346077574,36.52440643310547,214180600
2008-09-10 00:00:00-04:00,36.87717204472923,37.152502974086325,36.52440408635274,36.82554626464844,160658100
2008-09-11 00:00:00-04:00,36.30927619815791,37.59128432593465,36.28346168507024,37.51384735107422,203398200
2008-09-12 00:00:00-04:00,37.19550926918631,37.60850551280211,36.911575787663985,37.367591857910156,172094300
2008-09-15 00:00:00-04:00,36.48139331470933,37.24715785751952,36.1630391816949,36.20606231689453,616772300
2008-09-16 00:00:00-04:00,35.689797428978814,36.859955259798255,35.64677759624045,36.4899787902832,349506500
2008-09-17 00:00:00-04:00,36.02536048964145,36.498585263694295,34.579871639376016,34.59708023071289,340088000
2008-09-18 00:00:00-04:00,35.362837378005175,36.11139618063311,33.9861831700731,35.76723098754883,423934000
2008-09-19 00:00:00-04:00,37.685526473764746,37.73718704762749,36.24767170320033,36.936466217041016,263394000
2008-09-22 00:00:00-04:00,36.79869529021996,36.88479293257272,35.128373439494375,35.1972541809082,164698200
2008-09-23 00:00:00-04:00,35.47277567850463,35.94631934836658,34.81842167863921,34.93035125732422,184011200
2008-09-24 00:00:00-04:00,35.136999209766245,35.52444203953129,34.8873113490257,35.17143630981445,159270800
2008-09-25 00:00:00-04:00,35.49862281544413,36.17880580927202,35.32642413183475,35.7310905456543,148586800
2008-09-26 00:00:00-04:00,34.706487317989534,35.722455172903636,34.62899813297357,35.369449615478516,182678600
2008-09-29 00:00:00-04:00,34.66344335360539,34.76676448082457,32.0115968255314,32.56262969970703,307954400
2008-09-30 00:00:00-04:00,32.47654827840684,33.836910955963035,32.37322709954182,33.50112533569336,195436700
2008-10-01 00:00:00-04:00,33.440846118275466,33.55277571912443,32.74344315294587,33.148109436035156,174033300
2008-10-02 00:00:00-04:00,32.93286919107242,32.93286919107242,31.546674694386024,31.64138412475586,192124000
2008-10-03 00:00:00-04:00,32.08046345869441,32.87257541112881,31.081715890434616,31.150596618652344,272116100
2008-10-06 00:00:00-04:00,30.358504578926954,30.590972262520832,28.335179484396026,30.014110565185547,394046600
2008-10-07 00:00:00-04:00,30.255185479824448,30.306846057783893,27.7841453113761,28.1113224029541,329365700
2008-10-08 00:00:00-04:00,27.508622594231078,29.376968736148264,27.413913198204828,27.8874568939209,452066500
2008-10-09 00:00:00-04:00,28.54181543586733,28.99813901486075,26.664855618804257,27.13840103149414,352433900
2008-10-10 00:00:00-04:00,26.277414277825507,27.96495383072041,25.29588459535035,26.966205596923828,472339100
2008-10-13 00:00:00-04:00,28.292130613086066,30.349896092123473,27.896076019718205,30.246578216552734,276998700
2008-10-14 00:00:00-04:00,31.12478097839963,31.12478097839963,28.576248805693123,28.9378662109375,341595900
2008-10-15 00:00:00-04:00,28.610689101795955,28.714006952533175,26.294627848313034,26.34628677368164,312088500
2008-10-16 00:00:00-04:00,26.527101085512605,27.784147322654025,25.1839571632888,27.775535583496094,494783500
2008-10-17 00:00:00-04:00,27.267547985314174,28.97230909701252,27.043690432420295,27.80997085571289,326571300
2008-10-20 00:00:00-04:00,28.206033555162946,28.636528594850162,27.293386173052617,28.584871292114258,232783400
2008-10-21 00:00:00-04:00,28.11993425776828,28.63652696217343,27.103965759277344,27.103965759277344,239932400
2008-10-22 00:00:00-04:00,27.009250901529427,27.207278162521035,25.58000631460427,26.35489845275879,289993600
2008-10-23 00:00:00-04:00,26.25159454345703,26.768189061610588,24.882619809344025,26.25159454345703,377966900
2008-10-24 00:00:00-04:00,24.305746281146845,26.04494640195262,24.185208211735286,25.407814025878906,322129500
2008-10-27 00:00:00-04:00,25.115074128852065,26.001894270443135,24.67596910586277,24.701799392700195,239302300
2008-10-28 00:00:00-04:00,25.55417362290036,27.448349908206733,24.839552263759746,27.43113136291504,327239500
2008-10-29 00:00:00-04:00,27.474181127237,28.481540781625394,26.90592805802805,27.362253189086914,341316000
2008-10-30 00:00:00-04:00,28.12853238445026,28.46432113187374,27.53445066408277,28.27490234375,255292100
2008-10-31 00:00:00-04:00,27.87024366520986,28.78289419143456,27.629167531059032,28.31795883178711,224261000
2008-11-03 00:00:00-05:00,28.249078161632884,28.66235289551388,27.990778579093586,28.257686614990234,128455500
2008-11-04 00:00:00-05:00,28.80872088125519,29.282264663052047,28.39544612890071,29.058408737182617,182487600
2008-11-05 00:00:00-05:00,28.8689855858008,28.9292546062142,27.482793189669604,27.543062210083008,183893900
2008-11-06 00:00:00-05:00,27.112562563038402,27.439739533765,26.174083758797014,26.31184196472168,220677200
2008-11-07 00:00:00-05:00,26.62181087028306,27.103964810548007,26.337684235922342,26.854278564453125,176946200
2008-11-10 00:00:00-05:00,27.525841507243292,27.525841507243292,26.174087872763238,26.49265480041504,142584500
2008-11-11 00:00:00-05:00,26.242965924565077,26.484043634173002,25.588613548950036,25.915790557861328,162869800
2008-11-12 00:00:00-05:00,25.52834989200302,25.657498046970098,24.66736000261197,24.719018936157227,184946400
2008-11-13 00:00:00-05:00,24.63291827369285,26.286018726536625,23.48780192536201,26.22574806213379,317943900
2008-11-14 00:00:00-05:00,25.64027360400132,26.19130648105355,24.856773116114855,24.951480865478516,259407000
2008-11-17 00:00:00-05:00,24.529596914710492,25.16672911015923,24.33156967332931,24.426279067993164,202835200
2008-11-18 00:00:00-05:00,24.589864985283977,24.753453485528176,23.582506986445487,24.400447845458984,252661800
2008-11-19 00:00:00-05:00,24.45210778172399,24.77928479579202,23.065915445700963,23.126184463500977,244180600
2008-11-20 00:00:00-05:00,22.842058059252047,23.63416867415304,21.929407765813185,22.00689697265625,342472400
2008-11-21 00:00:00-05:00,22.394349365301483,22.971212712140073,21.56779813836187,22.962602615356445,282746800
2008-11-24 00:00:00-05:00,23.43614358279851,24.658749259327035,23.22950621183412,24.366012573242188,225058200
2008-11-25 00:00:00-05:00,24.63291961932563,24.658748263272965,23.694440571057612,24.25408363342285,202968700
2008-11-26 00:00:00-05:00,24.004394037373373,25.278660143583124,23.944125016296034,25.270050048828125,164912000
2008-11-28 00:00:00-05:00,24.985924084335828,25.132292414232786,24.822335564519772,25.072023391723633,41238200
2008-12-01 00:00:00-05:00,24.53821046788048,24.546820563355194,23.15201629839898,23.18645668029785,149161500
2008-12-02 00:00:00-05:00,23.50501862392386,24.013002688475414,23.10896414225048,23.96134376525879,181743000
2008-12-03 00:00:00-05:00,23.358651013239147,24.71901474196959,23.306992088459097,24.64152717590332,230944900
2008-12-04 00:00:00-05:00,24.25408105386638,24.77928532104085,23.522239446051362,23.944124221801758,188868700
2008-12-05 00:00:00-05:00,23.677217993006607,25.028971630217768,23.20367429002952,24.917043685913086,212283700
2008-12-08 00:00:00-05:00,25.476688120019777,26.225748320698415,25.347539979441496,25.89857292175293,185782500
2008-12-09 00:00:00-05:00,25.55417983304751,26.544317863967066,25.459470420993405,25.838306427001953,178148300
2008-12-10 00:00:00-05:00,25.91579917592094,26.225754457395272,25.502524372483105,25.75221061706543,162335100
2008-12-11 00:00:00-05:00,25.666108112313992,26.062164314909555,24.917047829073688,25.04619598388672,167161400
2008-12-12 00:00:00-05:00,24.701804040441157,25.709162425729648,24.51238518574245,25.554183959960938,158600100
2008-12-15 00:00:00-05:00,25.597226402705726,25.62305668794373,24.74484669634424,25.106462478637695,107887000
2008-12-16 00:00:00-05:00,25.33031433695659,26.397941253976434,25.054797925107255,26.31184196472168,169300100
2008-12-17 00:00:00-05:00,26.044941245892236,26.3462880019722,25.67471537204037,25.993282318115234,159813500
2008-12-18 00:00:00-05:00,25.993285845347657,26.17409293820614,25.278664285663684,25.53696060180664,142656400
2008-12-19 00:00:00-05:00,25.80683746460846,26.186223436910044,25.574032324019402,25.74648094177246,118308900
2008-12-22 00:00:00-05:00,25.746480896575832,25.798214823974174,24.78077159911939,25.186023712158203,95379600
2008-12-23 00:00:00-05:00,25.28949537617152,25.53954572841808,24.910109372062827,25.056690216064453,68764800
2008-12-24 00:00:00-05:00,25.177408878627517,25.186029831461905,24.987715024424954,25.125673294067383,27194700
2008-12-26 00:00:00-05:00,25.177406439689726,25.20327258487184,24.979090007271406,25.117048263549805,20937000
2008-12-29 00:00:00-05:00,25.186030838648808,25.211898631963326,24.539350807117145,24.910114288330078,52688300
2008-12-30 00:00:00-05:00,24.979086986424534,25.513676398296838,24.953220844370545,25.427452087402344,77089500
2008-12-31 00:00:00-05:00,25.40158524988119,25.936174681728318,25.39296429860237,25.64301300048828,89189700
2009-01-02 00:00:00-05:00,25.651633029696303,26.841523182747522,25.599899104239775,26.755300521850586,107891500
2009-01-05 00:00:00-05:00,26.582860864276867,27.01398089233494,26.375923448160083,26.746686935424805,91751900
2009-01-06 00:00:00-05:00,26.944994116928324,27.272644521769724,26.8242810695539,27.013973236083984,136791700
2009-01-07 00:00:00-05:00,26.49663073767586,26.643211580957242,26.03102206434162,26.24658203125,133879800
2009-01-08 00:00:00-05:00,26.194845123112422,26.5569859148878,25.936173833812273,26.522497177124023,131926600
2009-01-09 00:00:00-05:00,26.53111980474968,26.548364995948365,25.798215624725,25.92755126953125,117137900
2009-01-12 00:00:00-05:00,25.962045059241103,25.996533801572898,25.17740684723477,25.453323364257812,102726200
2009-01-13 00:00:00-05:00,25.44470510572182,25.84995735361887,25.160165943455286,25.461950302124023,186266700
2009-01-14 00:00:00-05:00,25.16878777645054,25.246389513308674,24.547973881585452,24.685932159423828,136294000
2009-01-15 00:00:00-05:00,24.634189328365643,25.298114328788895,24.203069454520694,25.091176986694336,192567200
2009-01-16 00:00:00-05:00,25.436073155572156,25.522297461289075,24.746281999020496,25.367094039916992,175478100
2009-01-20 00:00:00-05:00,25.263624374327605,25.37571646438372,24.10822296142578,24.10822296142578,135105800
2009-01-21 00:00:00-05:00,24.513478610147192,25.16878107776659,24.228939532261716,25.13429069519043,149179600
2009-01-22 00:00:00-05:00,24.59108392456775,25.20327350354374,24.366901338795753,24.79802131652832,200602700
2009-01-23 00:00:00-05:00,24.392768358906796,25.30674222234014,24.263431053999234,24.918733596801758,170164100
2009-01-26 00:00:00-05:00,24.95321738767699,25.513672863965084,24.789391384130965,25.09979820251465,140398700
2009-01-27 00:00:00-05:00,25.10842536032001,25.496432309228084,25.10842536032001,25.280872344970703,110591300
2009-01-28 00:00:00-05:00,25.703374958950157,26.427656719243686,25.703374958950157,26.16898536682129,139722800
2009-01-29 00:00:00-05:00,25.8499481487974,26.212088921327897,25.418828259813086,25.50505256652832,130731800
2009-01-30 00:00:00-05:00,25.694747523897412,25.806839628212092,24.953222352411565,25.056690216064453,140334200
2009-02-02 00:00:00-05:00,24.81526619732346,25.530925285548612,24.780775810135655,25.358476638793945,126796100
2009-02-03 00:00:00-05:00,25.410208704173545,26.237959845224246,25.030824340592698,25.75510597229004,120541100
2009-02-04 00:00:00-05:00,25.815464347954407,26.617347757894294,25.68612868545266,25.789596557617188,175780900
2009-02-05 00:00:00-05:00,25.418829647492952,26.531119811199382,25.401584456290074,26.358671188354492,217578900
2009-02-06 00:00:00-05:00,26.453516020953103,27.169174953832705,26.367291716292176,27.0484619140625,164513200
2009-02-09 00:00:00-05:00,27.06570987814173,27.307137641690105,26.893262885257535,27.16055679321289,98856900
2009-02-10 00:00:00-05:00,26.988107935051612,27.31576001465888,25.953421052430944,26.160358428955078,232795200
2009-02-11 00:00:00-05:00,26.19484987098586,26.32418718367055,25.6343942128571,26.039648056030273,169117200
2009-02-12 00:00:00-05:00,25.73785910637841,26.393161570760252,25.55678788793208,26.358671188354492,201151400
2009-02-13 00:00:00-05:00,26.281072153242356,26.539745113894718,26.117247753880523,26.237960815429688,145066700
2009-02-17 00:00:00-05:00,25.42745390535792,25.582657347146007,25.056690493217936,25.19464874267578,157783300
2009-02-18 00:00:00-05:00,25.35847392232672,25.582656481255878,24.892865257313854,25.21189308166504,161271900
2009-02-19 00:00:00-05:00,25.36709727073296,25.530923308001206,24.763528698434392,24.82388687133789,155322400
2009-02-20 00:00:00-05:00,24.54796322315947,25.134286471694367,24.47898411419017,24.892860412597656,210752400
2009-02-23 00:00:00-05:00,25.030823882025434,25.04806742944171,23.90991107036619,24.022003173828125,169473500
2009-02-24 00:00:00-05:00,24.15134051797781,24.98771265391493,24.108227534934368,24.815265655517578,181337300
2009-02-25 00:00:00-05:00,24.668677225273967,25.151530974905143,24.263423532101548,24.651432037353516,220224700
2009-02-26 00:00:00-05:00,24.815270242685223,24.96185112294451,23.884051016506362,23.961652755737305,211218500
2009-02-27 00:00:00-05:00,23.71159711587832,24.125471870835188,23.61675020114534,23.737464904785156,204492600
2009-03-02 00:00:00-05:00,23.38394627769384,23.720219304746234,22.823489039817108,22.970069885253906,188180400
2009-03-03 00:00:00-05:00,23.1597648375995,23.41843615643424,22.7803788113287,22.95282745361328,158758800
2009-03-04 00:00:00-05:00,23.289093640056667,23.892660421161505,23.21149193833593,23.56501007080078,164911000
2009-03-05 00:00:00-05:00,23.306343941424927,23.48741352210467,22.780377102054604,22.85797882080078,199626900
2009-03-06 00:00:00-05:00,22.978688918581092,23.116647146473404,22.16818309626989,22.676904678344727,218421600
2009-03-09 00:00:00-04:00,22.49583792779272,23.116650030767666,22.09920673967028,22.194053649902344,181098800
2009-03-10 00:00:00-04:00,22.63379129474357,23.61674399041739,22.556189593022832,23.56501007080078,175068200
2009-03-11 00:00:00-04:00,23.806443392551873,24.134093820296364,23.50465910842887,23.927156448364258,173094900
2009-03-12 00:00:00-04:00,23.90990924340931,24.79801682887223,23.659860556763263,24.720415115356445,184395100
2009-03-13 00:00:00-04:00,24.711794040427307,24.86699747700791,24.41863235901772,24.780773162841797,156783500
2009-03-16 00:00:00-04:00,24.944598329909326,24.987709663200746,24.30654105856305,24.366897583007812,190269800
2009-03-17 00:00:00-04:00,24.487612121249427,25.28949546813965,24.401387804830424,25.28949546813965,169773800
2009-03-18 00:00:00-04:00,25.186023470913913,26.039642310065584,25.073933021859187,25.608522415161133,208033900
2009-03-19 00:00:00-04:00,25.962049201189252,25.97929275281008,25.401591836405455,25.591285705566406,146753400
2009-03-20 00:00:00-04:00,25.642232818664727,25.93587926239043,25.029029369480543,25.201763153076172,149410800
2009-03-23 00:00:00-04:00,25.82360722114457,26.72182044839708,25.219042146473956,26.687273025512695,179499000
2009-03-24 00:00:00-04:00,26.46271845399775,26.669998039462413,26.177708818069874,26.194982528686523,118757600
2009-03-25 00:00:00-04:00,26.419535696451224,26.816821154834333,25.61632627710693,26.315895080566406,190555200
2009-03-26 00:00:00-04:00,26.600900488921603,27.170919667447677,26.272708277498975,27.127737045288086,182459500
2009-03-27 00:00:00-04:00,26.773643263667868,26.929103391349408,26.523179358556057,26.618183135986328,156108100
2009-03-30 00:00:00-04:00,26.169073497154393,26.186347208783868,25.58178212755856,25.961793899536133,162919700
2009-03-31 00:00:00-04:00,26.160433324164238,26.730452521269385,26.14315961581281,26.186342239379883,150243800
2009-04-01 00:00:00-04:00,25.858158114984185,26.67000289400012,25.728608556401817,26.575000762939453,137950000
2009-04-02 00:00:00-04:00,27.050009819073708,27.870492903876748,26.972279773258194,27.430023193359375,212272400
2009-04-03 00:00:00-04:00,27.715033094426367,27.98277065376649,27.49047980948544,27.939584732055664,134577300
2009-04-06 00:00:00-04:00,27.628662161072743,27.922310242200147,27.335015727256724,27.8704891204834,160413700
2009-04-07 00:00:00-04:00,27.568210200105582,27.568210200105582,26.955006674478106,27.136377334594727,147531200
2009-04-08 00:00:00-04:00,27.40411440983714,27.76685574542332,27.196834823296264,27.5941219329834,126126000
2009-04-09 00:00:00-04:00,28.11231718319346,28.509602604692038,28.008678224242335,28.449146270751953,131871500
2009-04-13 00:00:00-04:00,28.36277746341282,28.56142014924794,28.09503995052756,28.405960083007812,119310500
2009-04-14 00:00:00-04:00,28.2332412048826,28.397339858388086,27.87050305536938,28.060510635375977,124069000
2009-04-15 00:00:00-04:00,27.861854950332503,28.00867983737401,27.507753780762425,27.982770919799805,124808200
2009-04-16 00:00:00-04:00,28.37141199184021,28.872339592121154,28.077765573136144,28.70824432373047,171168000
2009-04-17 00:00:00-04:00,28.64778180642858,28.932792990439665,28.440503940440774,28.76869773864746,129835400
2009-04-20 00:00:00-04:00,28.250502213305275,28.345505960574616,27.689121525676423,27.844581604003906,123080500
2009-04-21 00:00:00-04:00,27.74094890098944,28.276424152650538,27.706404767514595,28.233238220214844,145490200
2009-04-22 00:00:00-04:00,28.069137197869352,28.958711876322337,27.974133437136818,28.31960105895996,165040500
2009-04-23 00:00:00-04:00,28.50097210835353,28.621884796218882,28.060503989040654,28.595975875854492,181666600
2009-04-24 00:00:00-04:00,28.794619214036004,29.30418219100776,28.561429042070248,29.096900939941406,141170000
2009-04-27 00:00:00-04:00,28.863718705249088,29.416467761886018,28.80326234344303,29.13145637512207,120749100
2009-04-28 00:00:00-04:00,28.95007667221023,29.286905791489744,28.811890282387264,28.915529251098633,108968000
2009-04-29 00:00:00-04:00,29.148715610823086,29.71009959969554,29.105532987361276,29.31281089782715,141413600
2009-04-30 00:00:00-04:00,29.701464330016094,30.141935703273543,29.399182638269487,29.606460571289062,144120400
2009-05-01 00:00:00-04:00,29.597833100619088,29.831023307191423,29.373278104086822,29.6841983795166,100112000
2009-05-04 00:00:00-04:00,29.95192519032602,30.306027977225355,29.813738817258546,30.271480560302734,119317400
2009-05-05 00:00:00-04:00,30.21966603295922,30.280122371870995,29.90874583591388,30.245574951171875,113569500
2009-05-06 00:00:00-04:00,30.478766375104296,30.52194900547457,29.761922191388397,30.25421142578125,178840500
2009-05-07 00:00:00-04:00,30.46149215277619,30.46149215277619,29.260997257664293,29.546005249023438,216484700
2009-05-08 00:00:00-04:00,29.77056134839572,30.00375151106739,29.260998391733246,29.56328010559082,183507300
2009-05-11 00:00:00-04:00,29.183257698310182,29.98646686759376,29.088253967268972,29.666908264160156,142775900
2009-05-12 00:00:00-04:00,29.72737259709427,29.779193726526188,28.9500754233551,29.30417823791504,147842200
2009-05-13 00:00:00-04:00,29.04508237298067,29.06235608469024,28.466424561892772,28.518245697021484,175548300
2009-05-14 00:00:00-04:00,28.58732953991056,29.10553086758015,28.570059127482043,28.837793350219727,140021700
2009-05-15 00:00:00-04:00,28.79461720395611,29.209176382525772,28.699613441125326,28.820526123046875,121326400
2009-05-18 00:00:00-04:00,29.019169607206816,29.606462615688553,28.83780057963487,29.571918487548828,114333400
2009-05-19 00:00:00-04:00,29.502811388689057,30.003738926837073,29.321442436444652,29.710092544555664,129086400
2009-05-20 00:00:00-04:00,29.822377006714735,30.262848379972183,29.520095314968128,29.606460571289062,131873700
2009-05-21 00:00:00-04:00,29.381912388422414,29.589190345853357,28.7687104303056,29.06235694885254,139253200
2009-05-22 00:00:00-04:00,29.17462794083102,29.33872654166561,28.777342487083825,28.967350006103516,83510600
2009-05-26 00:00:00-04:00,28.716895289907114,30.08148918886227,28.656438931814105,30.04694175720215,144857200
2009-05-27 00:00:00-04:00,29.960559955915897,30.39239277721858,29.736008338472605,29.83964729309082,121348800
2009-05-28 00:00:00-04:00,30.0210191253907,30.288756685973425,29.546003635976355,30.185117721557617,118931300
2009-05-29 00:00:00-04:00,30.202398490626383,30.660140377189233,30.021026142227328,30.556501388549805,111535700
2009-06-01 00:00:00-04:00,30.884673291597945,31.5237871380021,30.755125458215,31.428783416748047,119126200
2009-06-02 00:00:00-04:00,31.25606270100964,31.774264134325396,31.186971153341588,31.47197914123535,126858600
2009-06-03 00:00:00-04:00,31.376972198486328,31.41151631787838,31.03150464758392,31.376972198486328,93329800
2009-06-04 00:00:00-04:00,31.446056499335054,31.77425026774587,31.385600186025428,31.731067657470703,89280600
2009-06-05 00:00:00-04:00,31.9210793473913,32.02472159009793,31.454699139079715,31.7656192779541,121958800
2009-06-08 00:00:00-04:00,31.566971496488847,31.912438993877146,31.195595089914207,31.670610427856445,89194100
2009-06-09 00:00:00-04:00,31.817452733785267,32.102460775158946,31.67062781367686,31.912456512451172,109187800
2009-06-10 00:00:00-04:00,32.09382121895772,32.10245642738328,31.34243289023741,31.800174713134766,133404700
2009-06-11 00:00:00-04:00,31.756992081759776,32.154277561807426,31.73971837028506,31.800174713134766,147909800
2009-06-12 00:00:00-04:00,31.670628879243854,31.713814812544296,31.26470812213772,31.653358459472656,109452500
2009-06-15 00:00:00-04:00,31.351060421920458,31.37697263009936,30.72922343421413,31.005596160888672,112152900
2009-06-16 00:00:00-04:00,31.12650565340228,31.25605350263891,30.677399194545913,30.70330810546875,110550300
2009-06-17 00:00:00-04:00,30.832862501407426,31.273330506666007,30.616946101950262,30.996957778930664,153421800
2009-06-18 00:00:00-04:00,30.945148589437917,31.143791337031555,30.720593626332956,30.93651008605957,126266700
2009-06-19 00:00:00-04:00,31.173455026109984,31.441521990682485,31.052393590069734,31.26857566833496,122044700
2009-06-22 00:00:00-04:00,30.983205571136338,31.035087139561636,30.28277470931521,30.334659576416016,137714900
2009-06-23 00:00:00-04:00,30.42113709708501,30.49031363494723,30.066598681516187,30.265485763549805,114903100
2009-06-24 00:00:00-04:00,30.52489340711919,31.017788033256544,30.507598453733223,30.775665283203125,103314600
2009-06-25 00:00:00-04:00,30.57677666823948,31.44150450026582,30.50759685831342,31.38097381591797,112538200
2009-06-26 00:00:00-04:00,31.233973266277363,31.562570817596526,31.173442572439022,31.45015525817871,87677300
2009-06-29 00:00:00-04:00,31.536610664174994,31.778733290815246,31.233954082201294,31.519315719604492,93817600
2009-06-30 00:00:00-04:00,31.60580150983995,31.76145278305059,31.225322452366658,31.458799362182617,97843000
2009-07-01 00:00:00-04:00,31.614455355719,31.85657812856451,31.467449887437525,31.476099014282227,85976000
2009-07-02 00:00:00-04:00,31.208048744372327,31.216694577136273,30.69785884569399,30.784330368041992,113309800
2009-07-06 00:00:00-04:00,30.594081032703095,30.732437396444354,30.300073347418436,30.62002182006836,107632500
2009-07-07 00:00:00-04:00,30.628671682997346,30.68920569261429,29.841769142093202,29.85906410217285,149773000
2009-07-08 00:00:00-04:00,30.040657374946818,30.153069659372065,29.66017487788873,30.014713287353516,152776400
2009-07-09 00:00:00-04:00,30.127127689080552,30.274129885415068,29.96283053458739,30.06659698486328,97851500
2009-07-10 00:00:00-04:00,29.980118504229566,30.38654172424674,29.885001194077667,30.196300506591797,108482000
2009-07-13 00:00:00-04:00,30.222239969552422,30.784311110558576,29.81581681166984,30.775665283203125,127140300
2009-07-14 00:00:00-04:00,30.74107894013607,30.948615106151557,30.61137172271741,30.888084411621094,115631700
2009-07-15 00:00:00-04:00,31.406913464016004,31.934397950339903,31.25126219596388,31.925748825073242,160869700
2009-07-16 00:00:00-04:00,31.778744192695303,32.37540514103533,31.752803416277114,32.30622863769531,120142500
2009-07-17 00:00:00-04:00,32.29758023263049,32.48782139373412,32.14192897330471,32.47917556762695,104906500
2009-07-20 00:00:00-04:00,32.65211763313631,32.85965373975152,32.522410452841996,32.79047393798828,97168800
2009-07-21 00:00:00-04:00,32.920183988580256,33.01530456542969,32.548350805627614,33.01530456542969,130587600
2009-07-22 00:00:00-04:00,33.041258405206136,33.45632747847016,32.97208187566668,33.292030334472656,113808600
2009-07-23 00:00:00-04:00,33.257420152955646,34.14809175572558,33.196889489493216,34.02702713012695,160239300
2009-07-24 00:00:00-04:00,33.66386127976797,34.0443404119721,33.534150760390716,33.76762771606445,109312300
2009-07-27 00:00:00-04:00,34.00973548228662,34.07891196966922,33.611958309810085,34.02702713012695,94718600
2009-07-28 00:00:00-04:00,33.88005060071585,34.23458902512655,33.66386855415624,33.7935791015625,111564300
2009-07-29 00:00:00-04:00,34.001088078734554,34.09620864003431,33.724375517866484,34.01838302612305,126538200
2009-07-30 00:00:00-04:00,34.37294411723933,34.74477748730733,34.16540790888756,34.21729278564453,108969900
2009-07-31 00:00:00-04:00,34.21728419000137,34.459406956691915,34.07892785208174,34.11351776123047,78208300
2009-08-03 00:00:00-04:00,34.47669755695161,34.64099795531975,34.27781055247824,34.62370300292969,111722800
2009-08-04 00:00:00-04:00,34.459402604561554,34.753410197842825,34.3902260936762,34.62370300292969,100690800
2009-08-05 00:00:00-04:00,34.70152134502945,34.71016717006967,34.12215210710889,34.355628967285156,118093000
2009-08-06 00:00:00-04:00,34.43344981002191,34.52857036563821,33.93190956041836,34.05297088623047,116937500
2009-08-07 00:00:00-04:00,34.51994581054591,34.64965635118585,34.234587239284565,34.48535919189453,107442100
2009-08-10 00:00:00-04:00,34.36430126467084,34.45941859895271,34.018408653672815,34.24323654174805,87163200
2009-08-11 00:00:00-04:00,34.13079879081526,34.15673956275561,33.76761149028057,33.94920349121094,91922700
2009-08-12 00:00:00-04:00,33.9232782643094,34.77936041604649,33.89733748048192,34.47670364379883,147240000
2009-08-13 00:00:00-04:00,34.68424900055338,34.7274847512803,34.27782568663241,34.666954040527344,110107000
2009-08-14 00:00:00-04:00,34.476701710090595,34.55452735588347,33.966512098487335,34.269168853759766,124480200
2009-08-17 00:00:00-04:00,33.689780385662054,33.733016098074884,33.257416664186906,33.27471160888672,131797200
2009-08-18 00:00:00-04:00,33.482275885806224,33.81951934520268,33.387155259068514,33.75033950805664,84496200
2009-08-19 00:00:00-04:00,33.35255936793039,34.07028520575188,33.32661858298403,33.98381042480469,88036300
2009-08-20 00:00:00-04:00,33.96651888787484,34.45076781389952,33.89734235482899,34.381587982177734,81473500
2009-08-21 00:00:00-04:00,34.5804869490355,34.90043550362853,34.364304869155426,34.83990478515625,114660200
2009-08-24 00:00:00-04:00,34.900429923380926,35.08202204976291,34.67559874899503,34.8053092956543,109904900
2009-08-25 00:00:00-04:00,34.88312446452852,35.24630860797859,34.80529881969276,34.90906524658203,92900400
2009-08-26 00:00:00-04:00,34.83123486376566,35.10794749694688,34.65829194203348,34.84852981567383,96407500
2009-08-27 00:00:00-04:00,34.839899817404884,34.995551156618674,34.30376596070127,34.935020446777344,121957800
2009-08-28 00:00:00-04:00,35.36737036587959,35.52302164269177,34.72747030579896,34.9695930480957,114300900
2009-08-31 00:00:00-04:00,34.71016037563321,34.76204521174076,34.4075070783563,34.61503982543945,96415300
2009-09-01 00:00:00-04:00,34.49400694000635,35.09931733219225,33.8627557577204,33.966522216796875,162958900
2009-09-02 00:00:00-04:00,33.78493093354568,34.13082353735141,33.75899014279697,33.940582275390625,92757200
2009-09-03 00:00:00-04:00,34.104866955350744,34.21728250521136,33.74168282319739,34.16539764404297,76783100
2009-09-04 00:00:00-04:00,34.22594186841958,34.91772373086839,34.17405699173238,34.900428771972656,74866600
2009-09-08 00:00:00-04:00,35.177119062681946,35.26359050328802,34.986877934939756,35.22900390625,71024400
2009-09-09 00:00:00-04:00,35.254960737008126,35.70461969005809,35.09930943408023,35.531673431396484,99280800
2009-09-10 00:00:00-04:00,35.54896335407774,35.912147477039234,35.45384276034734,35.86891174316406,99289100
2009-09-11 00:00:00-04:00,35.89485810534103,35.98997871386252,35.64408949040095,35.903507232666016,93868400
2009-09-14 00:00:00-04:00,35.67003674300271,36.06781090651513,35.635446824781766,36.0418701171875,90435600
2009-09-15 00:00:00-04:00,36.01592145754013,36.27533919015609,35.94674163621564,36.15427780151367,91594600
2009-09-16 00:00:00-04:00,36.318563386026874,36.73363228602626,36.18020708602708,36.68174743652344,96888500
2009-09-17 00:00:00-04:00,36.58665090647624,36.88930445350617,36.50017610827036,36.67312240600586,102169600
2009-09-18 00:00:00-04:00,36.82113183584268,36.890375311242494,36.53549383241473,36.73457336425781,87444200
2009-09-21 00:00:00-04:00,36.52682229258343,36.95960453941057,36.492198920389306,36.84708023071289,71351400
2009-09-22 00:00:00-04:00,37.05481862254446,37.072130309323875,36.73455736992525,36.91632843017578,75638400
2009-09-23 00:00:00-04:00,37.07212908780234,37.3664178477557,36.68262440276622,36.74321365356445,143924100
2009-09-24 00:00:00-04:00,36.89037815864017,36.95096744249214,36.15464925365571,36.4143180847168,111016400
2009-09-25 00:00:00-04:00,36.145967853045796,36.43160568964021,35.99016929892702,36.09403610229492,109216000
2009-09-28 00:00:00-04:00,36.293120884409575,36.92498259295042,36.25849751087858,36.70859146118164,84478500
2009-09-29 00:00:00-04:00,36.70859595365933,36.89036373414225,36.37968046859473,36.54413986206055,106686400
2009-09-30 00:00:00-04:00,36.69129268386947,36.87306050606039,36.00749567444519,36.57011413574219,173102700
2009-10-01 00:00:00-04:00,36.44026745165763,36.46623663429459,35.4881477355957,35.4881477355957,140119100
2009-10-02 00:00:00-04:00,35.24581375552712,35.70456222570783,35.24581375552712,35.38430404663086,145286400
2009-10-05 00:00:00-04:00,35.566066442271,35.83439278441557,35.34102099218121,35.6699333190918,97054200
2009-10-06 00:00:00-04:00,35.86901344697688,36.47490962484467,35.85170175025283,36.301795959472656,124628000
2009-10-07 00:00:00-04:00,36.25849578357127,36.42295514907556,36.15462896979299,36.405643463134766,93787600
2009-10-08 00:00:00-04:00,36.622055501506495,36.89037853217693,36.47490773789865,36.561466217041016,107850400
2009-10-09 00:00:00-04:00,36.48354572411963,36.82976954991187,36.40564478548972,36.76918029785156,62828000
2009-10-12 00:00:00-04:00,36.91632697510116,37.10674891843587,36.59606573510519,36.84708023071289,53221900
2009-10-13 00:00:00-04:00,36.81247396600552,37.00289929970117,36.67398371473633,36.85575485229492,70939300
2009-10-14 00:00:00-04:00,37.314491441656216,37.40104658324613,37.08944279053524,37.35776901245117,91004900
2009-10-15 00:00:00-04:00,37.158693010138656,37.323149115240895,37.10675793922186,37.271217346191406,85772800
2009-10-16 00:00:00-04:00,37.13273215541501,37.21063312140861,36.76919321348899,37.02886199951172,111859300
2009-10-19 00:00:00-04:00,37.05482288313226,37.45298181923946,36.86439760853012,37.40104675292969,83512000
2009-10-20 00:00:00-04:00,37.617443623477705,37.617443623477705,37.16734955269581,37.40970993041992,89847900
2009-10-21 00:00:00-04:00,37.40105099759456,37.929046008465114,37.27121826988587,37.34046173095703,110397400
2009-10-22 00:00:00-04:00,37.27121488684356,37.64340794918646,37.03751203593984,37.487606048583984,85871800
2009-10-23 00:00:00-04:00,37.85116301742467,37.85116301742467,37.23661256304745,37.331825256347656,117020400
2009-10-26 00:00:00-04:00,37.39240397368518,37.87711819973627,37.037522500240044,37.210636138916016,107068600
2009-10-27 00:00:00-04:00,37.1586935690674,37.314495482294014,36.509520031245636,36.64801025390625,121438200
2009-10-28 00:00:00-04:00,36.51816893908664,36.63069326054249,35.74781698068932,35.82571792602539,143553600
2009-10-29 00:00:00-04:00,36.03347386604814,36.51818817964189,35.95557287966791,36.43163299560547,85207600
2009-10-30 00:00:00-04:00,36.405672095775486,36.48357309284405,35.418925032283994,35.453548431396484,162796500
2009-11-02 00:00:00-05:00,35.488149350634295,35.98152091892059,35.176545559744646,35.60067367553711,142456600
2009-11-03 00:00:00-05:00,35.410260842784794,35.765142328888814,35.34967156236714,35.71320724487305,95107000
2009-11-04 00:00:00-05:00,35.946921739027495,36.24121403942667,35.73053043878896,35.77381134033203,107970600
2009-11-05 00:00:00-05:00,36.18927841115513,36.69996195775427,36.1633092126034,36.656681060791016,135204800
2009-11-06 00:00:00-05:00,36.457595164212115,36.91634683794954,36.42297507525714,36.87306594848633,96312300
2009-11-09 00:00:00-05:00,37.15868745939987,37.669370690593986,37.1154098910343,37.66071319580078,101620800
2009-11-10 00:00:00-05:00,37.61744543295594,37.885771709752454,37.56551365812723,37.75593566894531,72846500
2009-11-11 00:00:00-05:00,38.04157240857013,38.20602852665907,37.747280253870024,37.998294830322266,84676200
2009-11-12 00:00:00-05:00,38.02424786692023,38.223327301077255,37.69533244002901,37.781890869140625,92426100
2009-11-13 00:00:00-05:00,37.89441875965045,38.20602255733815,37.76458604519194,38.09349822998047,87959500
2009-11-16 00:00:00-05:00,38.257971533108794,38.64747642182477,38.188724752062285,38.48301696777344,87776100
2009-11-17 00:00:00-05:00,38.37915300410567,38.60419845581055,38.301252020463885,38.60419845581055,81884000
2009-11-18 00:00:00-05:00,38.4829918466914,38.5089610235657,38.12811058015949,38.387779235839844,100240800
2009-11-19 00:00:00-05:00,38.12811219944659,38.15408137742379,37.52221644254953,37.79054260253906,114558000
2009-11-20 00:00:00-05:00,37.59147016610794,37.69533699171727,37.46163415769613,37.60012435913086,70912100
2009-11-23 00:00:00-05:00,37.989636794582225,38.431076671303344,37.9636709083754,38.20602798461914,91621500
2009-11-24 00:00:00-05:00,38.188700499333336,38.214669676667505,37.851130910784605,38.07617950439453,60670000
2009-11-25 00:00:00-05:00,38.2060267952257,38.2752735587782,38.0935024553866,38.24065017700195,37630100
2009-11-27 00:00:00-05:00,37.19331083483905,37.937696897447445,37.13272157875389,37.66071319580078,61230000
2009-11-30 00:00:00-05:00,37.57415874165439,37.75592651321193,37.3144900248769,37.70399475097656,84819400
2009-12-01 00:00:00-05:00,37.98963139804025,38.34451276721412,37.98097720448984,38.09349822998047,81817800
2009-12-02 00:00:00-05:00,38.22333628683256,38.50897421725056,38.067534379671336,38.14543533325195,81653600
2009-12-03 00:00:00-05:00,38.28393529627072,38.51763821650515,37.98098890070836,37.98964309692383,72460400
2009-12-04 00:00:00-05:00,38.474339475705676,38.71669645889009,37.790542785302485,38.18870162963867,125062600
2009-12-07 00:00:00-05:00,38.16273315547721,38.33584668962408,37.929030379658855,38.00693130493164,67471900
2009-12-08 00:00:00-05:00,37.790566089986804,38.084858308994676,37.53089726189005,37.77325439453125,86621400
2009-12-09 00:00:00-05:00,37.73862449519827,38.18871859381441,37.49626740435409,38.15409851074219,78820500
2009-12-10 00:00:00-05:00,38.31853943259009,38.552242235405856,38.292573555121585,38.344505310058594,76722400
2009-12-11 00:00:00-05:00,38.55224614325883,38.595523710715305,38.04156292279218,38.197364807128906,66643700
2009-12-14 00:00:00-05:00,38.4570386204815,38.604183029746316,38.24930164649136,38.56090545654297,47965500
2009-12-15 00:00:00-05:00,38.43971792993165,38.664763239013645,38.23198100458439,38.344505310058594,61171100
2009-12-16 00:00:00-05:00,38.491662686591155,38.690742168372445,38.3358607787854,38.39645004272461,61629700
2009-12-17 00:00:00-05:00,38.22334261873815,38.26662019970383,37.877115367277156,37.92905044555664,90440900
2009-12-18 00:00:00-05:00,38.2871276580067,38.56457034841867,38.14840631280072,38.5472297668457,96442600
2009-12-21 00:00:00-05:00,38.746620129532,39.128106099035826,38.72927955752038,38.980712890625,82357400
2009-12-22 00:00:00-05:00,39.11079211049863,39.266854057302076,39.041429775306796,39.2148323059082,51569100
2009-12-23 00:00:00-05:00,39.292866146239376,39.50961849846152,39.19749458208109,39.50094985961914,73932200
2009-12-24 00:00:00-05:00,39.54427417986793,39.86506652832031,39.535602239236724,39.86506652832031,31770400
2009-12-28 00:00:00-05:00,39.96044236067905,40.14251344514604,39.83038969613027,40.07315444946289,49381400
2009-12-29 00:00:00-05:00,40.08184216907084,40.0991827530927,39.87376177556497,39.90843963623047,32410200
2009-12-30 00:00:00-05:00,39.865069910210764,40.10783135045806,39.84772933485358,40.02980041503906,57612700
2009-12-31 00:00:00-05:00,40.107833982966625,40.12517455946196,39.6656608581543,39.6656608581543,50079200
2010-01-04 00:00:00-05:00,40.16853150242773,40.30725282030277,40.11650976795818,40.246559143066406,62822800
2010-01-05 00:00:00-05:00,40.22054992952018,40.31592145569248,40.02113824178588,40.246559143066406,62935600
2010-01-06 00:00:00-05:00,40.22921982094223,40.35926918941906,39.94310525701472,40.0037956237793,96033000
2010-01-07 00:00:00-05:00,40.06448156575341,40.116503291824934,39.813048184139234,40.02980041503906,77094100
2010-01-08 00:00:00-05:00,39.943092940307196,40.359256744384766,39.82171224420656,40.359256744384766,88886600
2010-01-11 00:00:00-05:00,40.41129036832778,40.437299580191905,39.986454499411444,40.19453811645508,104673400
2010-01-12 00:00:00-05:00,39.95178631928591,40.003804755600314,39.474928603885935,39.691680908203125,90673900
2010-01-13 00:00:00-05:00,39.81305316122645,40.307251352244926,39.54428247803226,40.18586730957031,100661000
2010-01-14 00:00:00-05:00,40.10784223508502,40.33326646852826,40.07316438233623,40.22055435180664,75209000
2010-01-15 00:00:00-05:00,40.28991312480182,40.35927213157028,39.57896594169495,39.75236511230469,126849300
2010-01-19 00:00:00-05:00,39.847738556375006,40.437305025449504,39.83906992037861,40.39395523071289,84388200
2010-01-20 00:00:00-05:00,40.10783633405058,40.40261953699764,39.38822055788324,39.813053131103516,145680000
2010-01-21 00:00:00-05:00,39.92577343734315,40.18587553872637,39.27551653019627,39.440250396728516,204939600
2010-01-22 00:00:00-05:00,39.310183964250044,39.431564682014525,38.18307304695293,38.287113189697266,171098700
2010-01-25 00:00:00-05:00,38.52121546128986,38.66860542413,38.25244144346822,38.41717529296875,154218700
2010-01-26 00:00:00-05:00,38.37380090782005,38.92001727646836,38.19172988739577,38.45183181762695,140816500
2010-01-27 00:00:00-05:00,38.3824882997294,38.88535179298697,38.1570641106944,38.75530242919922,161632700
2010-01-28 00:00:00-05:00,38.495218796174676,38.521228019890096,37.558847053878964,37.75825881958008,221439800
2010-01-29 00:00:00-05:00,38.07036479042767,38.1657363089384,36.96059433657953,37.09931564331055,212099600
2010-02-01 00:00:00-05:00,37.19469254453502,37.524153628589374,37.17735196526206,37.506813049316406,136827100
2010-02-02 00:00:00-05:00,37.56749759936882,37.95764896236036,37.30739228087245,37.844940185546875,110727700
2010-02-03 00:00:00-05:00,37.66286958245285,38.12238659918889,37.64552900565368,38.05302429199219,93581600
2010-02-04 00:00:00-05:00,37.77557479835196,37.853605726049004,36.9519157409668,36.9519157409668,151652500
2010-02-05 00:00:00-05:00,37.047289676940494,37.2987230501962,36.518413721946224,37.264041900634766,213618600
2010-02-08 00:00:00-05:00,37.20335721178866,37.43745004593567,36.96926437764166,36.99527359008789,94354400
2010-02-09 00:00:00-05:00,37.43744512004929,37.72355634144326,37.07329965683015,37.37675476074219,118956000
2010-02-10 00:00:00-05:00,37.376759888023884,37.55016235584975,37.06463610741272,37.298728942871094,94102900
2010-02-11 00:00:00-05:00,37.30740408084987,37.96633291196806,37.07331120458769,37.86228942871094,93050800
2010-02-12 00:00:00-05:00,37.52416261063869,38.044370191216196,37.42012241747443,37.94032669067383,93938500
2010-02-16 00:00:00-05:00,38.21775057529447,38.45184004744165,38.01833563514862,38.42583084106445,83861400
2010-02-17 00:00:00-05:00,38.59922454034985,38.642574310302734,38.373800444794156,38.642574310302734,82691700
2010-02-18 00:00:00-05:00,38.616589986498994,38.9547230402814,38.53855902736632,38.88536071777344,65752600
2010-02-19 00:00:00-05:00,38.78131240436352,39.058755021427736,38.68594088461453,38.86801528930664,80416500
2010-02-22 00:00:00-05:00,39.024086698703755,39.04142728139402,38.63393516399565,38.78999710083008,72055000
2010-02-23 00:00:00-05:00,38.76396742693338,38.78997994315184,38.105042113050544,38.287113189697266,95814400
2010-02-24 00:00:00-05:00,38.48653734620512,38.833342344536966,38.42584696760368,38.67728042602539,86591000
2010-02-25 00:00:00-05:00,38.269786174495074,38.75531252496205,38.00101543489283,38.668609619140625,97961300
2010-02-26 00:00:00-05:00,38.65992970527651,38.89402252164378,38.49519919333364,38.80731964111328,66222400
2010-03-01 00:00:00-05:00,38.98073295371623,39.44025008009441,38.9720643169367,39.370887756347656,77290100
2010-03-02 00:00:00-05:00,39.509592923692054,39.752354342679,39.40555278803711,39.492252349853516,76368500
2010-03-03 00:00:00-05:00,39.587635750823246,39.72635707584964,39.38822405280889,39.535614013671875,65735500
2010-03-04 00:00:00-05:00,39.56162070655907,39.717682587640304,39.362209037927876,39.6656608581543,54470900
2010-03-05 00:00:00-05:00,39.96044889973466,40.35060364984858,39.87374931409921,40.26390075683594,68136300
2010-03-08 00:00:00-05:00,40.28124001996602,40.43730191491505,40.26389944192979,40.3419303894043,58712400
2010-03-09 00:00:00-05:00,40.25523609342631,40.79278085363841,40.229226876644645,40.567359924316406,98002800
2010-03-10 00:00:00-05:00,40.593345470081694,40.992168662598374,40.576004899879806,40.89679718017578,102578900
2010-03-11 00:00:00-05:00,40.80146058350454,41.05289077758789,40.732098249013866,41.05289077758789,67510300
2010-03-12 00:00:00-05:00,41.182927055192295,41.20893626655078,40.83612213598731,41.061546325683594,64068300
2010-03-15 00:00:00-04:00,40.97485680622569,41.07890030034728,40.6714048834825,40.95751953125,60150500
2010-03-16 00:00:00-04:00,41.08756813817747,41.27831123297684,40.948846789426426,41.217620849609375,74950600
2010-03-17 00:00:00-04:00,41.27829621648358,41.52972960318231,41.208933913652224,41.33031463623047,75643500
2010-03-18 00:00:00-04:00,41.3650154866834,41.512408796704044,41.26964392856032,41.469058990478516,77829400
2010-03-19 00:00:00-04:00,41.591428626587295,41.61746891862405,41.07066913856543,41.21821975708008,86337100
2010-03-22 00:00:00-04:00,41.05329699725655,41.756325062420814,41.00990093886772,41.59141540527344,71902800
2010-03-23 00:00:00-04:00,41.65216904131206,41.92122655873937,41.46122243340366,41.877830505371094,59182600
2010-03-24 00:00:00-04:00,41.80839938850917,41.80839938850917,41.582737896289935,41.6782112121582,62995700
2010-03-25 00:00:00-04:00,42.025389143556175,42.1816176267663,41.57406609306865,41.617462158203125,76294800
2010-03-26 00:00:00-04:00,41.79104583377375,41.94727430241983,41.43519283539263,41.66085433959961,78067900
2010-03-29 00:00:00-04:00,41.86915864597704,42.00802802328927,41.747645043785106,41.860477447509766,57993300
2010-03-30 00:00:00-04:00,41.99067361293841,42.138220894240234,41.712934827387635,41.999351501464844,49437300
2010-03-31 00:00:00-04:00,41.86916856881779,42.05143404894127,41.72161795806933,41.79973220825195,59947400
2010-04-01 00:00:00-04:00,41.97331979875865,42.268417709347666,41.4785973179047,41.79973220825195,83728600
2010-04-05 00:00:00-04:00,41.89520210148429,42.285773320261605,41.78236968030247,42.19029998779297,56220300
2010-04-06 00:00:00-04:00,42.09484108166817,42.44201635309698,41.99936771647981,42.311824798583984,54097100
2010-04-07 00:00:00-04:00,42.251045287163386,42.415951625110274,41.98198444123301,42.20764923095703,77211500
2010-04-08 00:00:00-04:00,42.08615505791985,42.37257178723483,41.86917138292954,42.303138732910156,68314300
2010-04-09 00:00:00-04:00,42.31181941535464,42.572199180344384,42.20766817154041,42.554840087890625,54227300
2010-04-12 00:00:00-04:00,42.572190929221236,42.70238244193723,42.47671759468386,42.58955001831055,44280600
2010-04-13 00:00:00-04:00,42.546157889546144,42.8325746087642,42.40728847488418,42.80653762817383,59376000
2010-04-14 00:00:00-04:00,43.03219826863763,43.32729284875836,42.96276191267439,43.3186149597168,69004800
2010-04-15 00:00:00-04:00,43.283906180465394,43.56164504281162,43.283906180465394,43.50957107543945,72254200
2010-04-16 00:00:00-04:00,43.35332661155047,43.50087387939996,42.70237577146986,42.988792419433594,127388000
2010-04-19 00:00:00-04:00,42.83255800689545,43.101618842037475,42.441990205791726,42.96274948120117,98251700
2010-04-20 00:00:00-04:00,43.19710380911281,43.29257714125502,42.902005923813064,43.179744720458984,69543700
2010-04-21 00:00:00-04:00,43.474844907879266,43.56163704483666,43.15371002804756,43.422767639160156,74748700
2010-04-22 00:00:00-04:00,43.00614714197931,43.70917516985674,42.75444538140392,43.66577911376953,110477200
2010-04-23 00:00:00-04:00,43.65709872570771,43.891441406013165,43.474833300216886,43.848045349121094,77205200
2010-04-26 00:00:00-04:00,43.89145577881938,43.96089214131002,43.65711302177546,43.752586364746094,67361000
2010-04-27 00:00:00-04:00,43.578992814952485,43.76993947480349,42.711058267858874,42.823890686035156,112608000
2010-04-28 00:00:00-04:00,43.049546703155826,43.07558698765383,42.51142827986583,42.84992218017578,130082100
2010-04-29 00:00:00-04:00,43.09295885242116,43.683154708816055,43.05824067006662,43.59635925292969,84180200
2010-04-30 00:00:00-04:00,43.578989065988544,43.64842541301826,42.70237670563553,42.73709487915039,110897000
2010-05-03 00:00:00-04:00,42.91934476040222,43.544255102529455,42.90198567993951,43.33595275878906,74169700
2010-05-04 00:00:00-04:00,42.806541908602085,42.806541908602085,41.730304665080816,42.034080505371094,141136500
2010-05-05 00:00:00-04:00,41.591424231846595,42.09482788652946,41.34840360456948,41.81708908081055,128560200
2010-05-06 00:00:00-04:00,41.53066332090465,41.93859358380722,37.00872549897393,40.419708251953125,274356800
2010-05-07 00:00:00-04:00,40.115938686627814,40.619339038165194,38.432143426222204,39.41291046142578,288200400
2010-05-10 00:00:00-04:00,41.16613337089458,41.48726820705427,41.06198215852796,41.46123123168945,136041600
2010-05-11 00:00:00-04:00,41.04462313719995,41.99934975905905,40.96650890007276,41.4178352355957,113016100
2010-05-12 00:00:00-04:00,41.643508350642534,42.23370423762039,41.57407529324364,42.1989860534668,85462400
2010-05-13 00:00:00-04:00,42.016718603587414,42.34653471592756,41.42652274399268,41.53067398071289,102844300
2010-05-14 00:00:00-04:00,41.218206941281906,41.244243914315014,40.254799208172365,40.73216247558594,147386100
2010-05-17 00:00:00-04:00,40.810265591681656,41.02724913695161,39.9857274574746,40.862342834472656,120969600
2010-05-18 00:00:00-04:00,41.20952535276021,41.29632078022706,40.115929453934044,40.298194885253906,153072100
2010-05-19 00:00:00-04:00,40.150650299033906,40.47178846217089,39.53441757124268,39.97706604003906,159000300
2010-05-20 00:00:00-04:00,39.19590969310607,39.30006087364895,38.40608967626766,38.492881774902344,189289800
2010-05-21 00:00:00-04:00,37.89402684625285,39.61253706318587,37.74647954436688,38.918190002441406,190631100
2010-05-24 00:00:00-04:00,38.900805509209135,39.34345374762654,38.74457710869779,38.76193618774414,113038000
2010-05-25 00:00:00-04:00,37.911368050582446,38.84873531262374,37.52079697852092,38.796661376953125,155643000
2010-05-26 00:00:00-04:00,39.06574170447097,39.55178635719138,38.29328030545535,38.36271667480469,140203200
2010-05-27 00:00:00-04:00,39.230642120964355,39.82951576546596,39.135168791208834,39.812156677246094,110671600
2010-05-28 00:00:00-04:00,39.88159125881855,39.916309433716314,39.230640378568765,39.57781219482422,128535300
2010-06-01 00:00:00-04:00,39.43026717800575,40.1419732496678,39.1698874731624,39.21328353881836,104242700
2010-06-02 00:00:00-04:00,39.43893968645181,40.168004747097555,39.16988212954555,40.1419677734375,97249300
2010-06-03 00:00:00-04:00,40.25481472137261,40.59330874487834,39.99443495797654,40.52387237548828,98928400
2010-06-04 00:00:00-04:00,39.66460286895288,40.176684299025816,39.00497086873673,39.135162353515625,112849900
2010-06-07 00:00:00-04:00,39.33478469503522,39.45629497496328,38.38005822910892,38.42345428466797,88436600
2010-06-08 00:00:00-04:00,38.49289236229135,38.60572477027582,37.8332636228818,38.35402297973633,133030100
2010-06-09 00:00:00-04:00,38.62309380481669,38.97894689620002,37.92006551217288,38.03289794921875,101949200
2010-06-10 00:00:00-04:00,38.501576569349666,39.161205360298325,38.39742535202251,39.1178092956543,76892300
2010-06-11 00:00:00-04:00,38.718547798287645,39.525726923499654,38.718547798287645,39.49100875854492,74346800
2010-06-14 00:00:00-04:00,39.85555825593224,40.13330039496528,39.41291303326669,39.48234939575195,68085000
2010-06-15 00:00:00-04:00,39.690646165714945,40.59329888304311,39.44762555370641,40.541221618652344,76332600
2010-06-16 00:00:00-04:00,40.42839219535274,40.91443341556099,40.35895584337585,40.70613098144531,78399700
2010-06-17 00:00:00-04:00,40.93179612137687,40.9491552109054,40.48046972635837,40.83632278442383,77111900
2010-06-18 00:00:00-04:00,40.913702297288225,41.1658810712781,40.74848343700943,40.87022399902344,75921400
2010-06-21 00:00:00-04:00,41.391979327863424,41.46154727415248,40.28761637657383,40.52239990234375,95488100
2010-06-22 00:00:00-04:00,40.69634764678998,40.99200501079099,40.1311225772366,40.20938491821289,94493400
2010-06-23 00:00:00-04:00,40.25284042533698,40.40936501849857,39.73109067573736,40.04413986206055,92397600
2010-06-24 00:00:00-04:00,39.87021450845333,39.99195841194079,39.304989883867066,39.4354248046875,114145900
2010-06-25 00:00:00-04:00,39.652367727456316,39.78306242935033,39.16444793095457,39.443260192871094,88740300
2010-06-28 00:00:00-04:00,39.44327734636982,39.68723735071653,39.04248496102714,39.303871154785156,71350000
2010-06-29 00:00:00-04:00,38.70266817206763,38.737520540911625,37.526428975073834,37.78781509399414,136384200
2010-06-30 00:00:00-04:00,37.665835569169474,38.04920165984198,37.151774755649264,37.212764739990234,101313200
2010-07-01 00:00:00-04:00,37.326037679994876,37.43059147637994,36.39375829660698,37.10821533203125,158695000
2010-07-02 00:00:00-04:00,37.169221226912676,37.308627456308,36.67258632696015,37.00367736816406,78565300
2010-07-06 00:00:00-04:00,37.552572812206456,37.78782135532618,36.81197813193373,37.11692810058594,88591900
2010-07-07 00:00:00-04:00,37.23890169455727,38.34543604847132,37.204049329032784,38.30187225341797,72448400
2010-07-08 00:00:00-04:00,38.60684397620566,38.66783398326284,38.057930588984945,38.51100158691406,78264600
2010-07-09 00:00:00-04:00,38.49356411569719,38.885644991674305,38.406436509349,38.876930236816406,47851200
2010-07-12 00:00:00-04:00,38.842074841998425,39.234152330207905,38.73751774301828,38.99019241333008,60927500
2010-07-13 00:00:00-04:00,39.33000114287015,39.64366584397796,39.03376262779112,39.495548248291016,93310500
2010-07-14 00:00:00-04:00,39.5739472215343,39.91375274437024,39.417118249684435,39.69593048095703,87687100
2010-07-15 00:00:00-04:00,39.617516365457554,39.852764820855946,39.19929799709513,39.73078155517578,95992500
2010-07-16 00:00:00-04:00,39.59137410506551,39.756921155372176,38.598105098041636,38.632957458496094,98831900
2010-07-19 00:00:00-04:00,38.74625077441282,39.042489380526824,38.423871219369886,38.964073181152344,81800800
2010-07-20 00:00:00-04:00,38.33672821174386,39.43455123901367,38.21474824468108,39.43455123901367,89061200
2010-07-21 00:00:00-04:00,39.85277604629154,39.87019890830639,38.82465435475113,38.89435577392578,83577000
2010-07-22 00:00:00-04:00,39.44325788607335,40.06187234829009,39.41712027670491,39.878902435302734,82890300
2010-07-23 00:00:00-04:00,39.60880862174726,40.16643321156557,39.53910720987233,40.13158416748047,81056100
2010-07-26 00:00:00-04:00,40.183853305208864,40.48009173911514,40.000883387600226,40.46266555786133,64850900
2010-07-27 00:00:00-04:00,40.636932359445446,40.706637098719575,40.26227769510925,40.445247650146484,67655600
2010-07-28 00:00:00-04:00,40.40168754883578,40.584660844329626,39.97475761466231,40.12287521362305,51988200
2010-07-29 00:00:00-04:00,40.358112731597856,40.436528887209555,39.42583361693896,39.82662582397461,85669500
2010-07-30 00:00:00-04:00,39.49554647877532,40.15772489967585,39.269009394255804,39.91376495361328,98958100
2010-08-02 00:00:00-04:00,40.41911073443826,40.76762778943205,40.26227839206155,40.66307067871094,68706800
2010-08-03 00:00:00-04:00,40.636944380926266,40.689222950847245,40.29714198570461,40.488826751708984,60856600
2010-08-04 00:00:00-04:00,40.671796865647195,40.94189782537589,40.51496447918613,40.89833068847656,43820600
2010-08-05 00:00:00-04:00,40.69794070768134,40.88091074527607,40.53239686276798,40.80249786376953,39150200
2010-08-06 00:00:00-04:00,40.35811194837152,40.81989412039847,40.12286348610188,40.741477966308594,71339200
2010-08-09 00:00:00-04:00,40.95060469593428,41.11614849710726,40.767634706684326,41.02030944824219,26927600
2010-08-10 00:00:00-04:00,40.6892116182437,40.90703394668857,40.323268378129725,40.66307067871094,86694500
2010-08-11 00:00:00-04:00,39.99216687422951,40.009589729563956,39.39097533037332,39.556522369384766,92219700
2010-08-12 00:00:00-04:00,38.79850716113545,39.417125021522146,38.72880575319462,39.24286651611328,66000200
2010-08-13 00:00:00-04:00,39.094764630972364,39.260311787266346,38.955358423607315,38.964073181152344,46387300
2010-08-16 00:00:00-04:00,38.77238531235942,39.303872474276844,38.598126736102024,39.03377151489258,55472900
2010-08-17 00:00:00-04:00,39.312558003157996,39.887608599294616,39.23414186169828,39.53038024902344,56927100
2010-08-18 00:00:00-04:00,39.45198063357196,39.922477679416325,39.30386303971637,39.68722915649414,61835400
2010-08-19 00:00:00-04:00,39.451976575451944,39.6088089079346,38.82465056922606,39.086036682128906,82969500
2010-08-20 00:00:00-04:00,39.02504807887653,39.23415564710582,38.80722575647651,39.13831329345703,65806700
2010-08-23 00:00:00-04:00,39.382277021893735,39.50425699209213,38.737521477510185,38.754947662353516,69612200
2010-08-24 00:00:00-04:00,38.310596402786125,38.44128781999982,37.874951697996494,38.03178405761719,79095800
2010-08-25 00:00:00-04:00,37.76168703069651,38.563271774633165,37.700697031645056,38.397727966308594,87247900
2010-08-26 00:00:00-04:00,38.528416823524324,38.6155444306319,37.90108741649327,37.93593978881836,91199000
2010-08-27 00:00:00-04:00,38.21475796915423,38.476144154189846,37.43931084660944,38.397727966308594,109568800
2010-08-30 00:00:00-04:00,38.21475534324483,38.554557692812345,37.98821822772953,37.99693298339844,49373200
2010-08-31 00:00:00-04:00,37.796543830007806,38.20604768244425,37.62228524502976,37.86624526977539,72066900
2010-09-01 00:00:00-04:00,38.42385817101933,39.129603725725616,38.397720554672624,38.99890899658203,83523100
2010-09-02 00:00:00-04:00,39.068611337825345,39.45197742340905,38.97276898550321,39.43455123901367,41816800
2010-09-03 00:00:00-04:00,39.870201787731645,40.09673889474618,39.687231810015895,40.0880241394043,64041100
2010-09-07 00:00:00-04:00,39.922493591147166,40.10546362955495,39.75694974549819,39.81793975830078,51195200
2010-09-08 00:00:00-04:00,39.931183109808764,40.471381449059116,39.92246835708455,40.297122955322266,66879800
2010-09-09 00:00:00-04:00,40.65437571669073,40.68922810104946,40.358137097054154,40.4539794921875,61476400
2010-09-10 00:00:00-04:00,40.4975160956287,40.663059824524446,40.29712000579572,40.60206985473633,66995700
2010-09-13 00:00:00-04:00,40.9157555667596,41.27298414142262,40.898329377299724,41.16843032836914,64523400
2010-09-14 00:00:00-04:00,41.11614099013428,41.56050039570233,41.02030195876746,41.34267807006836,91405800
2010-09-15 00:00:00-04:00,41.238117460875785,41.64762110518918,41.11613418679277,41.60405731201172,67108200
2010-09-16 00:00:00-04:00,41.52564760529195,41.8044599133829,41.421093820684064,41.76960754394531,66885800
2010-09-17 00:00:00-04:00,42.04208829781644,42.04208829781644,41.70149027156844,41.91109085083008,76372600
2010-09-20 00:00:00-04:00,42.068290658714375,42.73202310595369,42.01589300810865,42.644691467285156,84475000
2010-09-21 00:00:00-04:00,42.67089361602778,42.94162371587923,42.452561170863085,42.63595962524414,82272000
2010-09-22 00:00:00-04:00,42.46129378597006,42.81062703727217,42.286627160319,42.52242660522461,88315900
2010-09-23 00:00:00-04:00,42.24294946326295,42.93288060834212,42.199283651995835,42.504947662353516,85040000
2010-09-24 00:00:00-04:00,42.985284964128375,43.395747620132234,42.924152157245075,43.36954879760742,79495900
2010-09-27 00:00:00-04:00,43.34335533078665,43.44815396532341,43.09882074154952,43.13375473022461,43859800
2010-09-28 00:00:00-04:00,43.23854903337449,43.2647511880003,42.43508736326461,43.11628341674805,104922900
2010-09-29 00:00:00-04:00,43.055149066565235,43.256014476899416,42.88921764015563,43.046417236328125,81679200
2010-09-30 00:00:00-04:00,43.26474064684158,43.526738808848215,42.57480959941714,42.85427474975586,122458600
2010-10-01 00:00:00-04:00,43.21234968965782,43.256015504857196,42.601018282402116,42.801883697509766,77675400
2010-10-04 00:00:00-04:00,42.67962933189615,42.836828973239264,42.094499924721596,42.33903121948242,71359900
2010-10-05 00:00:00-04:00,42.8193502041696,43.456880427015534,42.79315138164479,43.36954879760742,99301300
2010-10-06 00:00:00-04:00,43.31714959451252,43.41321638968737,42.71455333135425,42.9940185546875,81831200
2010-10-07 00:00:00-04:00,43.23855387022403,43.26475602778092,42.7931571696197,43.151222229003906,75693300
2010-10-08 00:00:00-04:00,43.168685409764585,43.55294926126895,42.863021361009785,43.448150634765625,83223900
2010-10-11 00:00:00-04:00,43.47434996440169,43.68395055133559,43.334617350275195,43.46561813354492,46880000
2010-10-12 00:00:00-04:00,43.395761507922,43.84989345545225,43.02022938460833,43.7625617980957,88571700
2010-10-13 00:00:00-04:00,44.04200949065628,44.32147468024917,43.91100872550868,44.120609283447266,71122900
2010-10-14 00:00:00-04:00,44.14681320642976,44.22541300830542,43.81494700612272,44.03327941894531,68464000
2010-10-15 00:00:00-04:00,44.57474771192326,44.97647856557312,44.21668267601998,44.96774673461914,104654000
2010-10-18 00:00:00-04:00,44.9764663291242,45.16859987272266,44.80179977416992,44.80179977416992,72399400
2010-10-19 00:00:00-04:00,44.38262939453125,44.80182738588404,44.03329606932584,44.38262939453125,105739800
2010-10-20 00:00:00-04:00,44.504872672691654,45.03760422649249,44.426272880631075,44.70573806762695,80861400
2010-10-21 00:00:00-04:00,44.98520580630135,45.159872390953275,44.356410765637634,44.79307556152344,85885400
2010-10-22 00:00:00-04:00,44.8018187980549,45.142416892523464,44.72321898152455,45.098751068115234,47406900
2010-10-25 00:00:00-04:00,45.2821398373766,45.614006028526724,45.2821398373766,45.317073822021484,51413900
2010-10-26 00:00:00-04:00,45.090020193995876,45.54415210676725,44.90661839720186,45.43935012817383,60498300
2010-10-27 00:00:00-04:00,45.20354661347521,45.61401266404317,45.11621497064692,45.579078674316406,57483400
2010-10-28 00:00:00-04:00,45.77121482157931,45.806148813241066,45.27341710061019,45.675148010253906,61220000
2010-10-29 00:00:00-04:00,45.67514164647329,45.84107641800301,45.56160785513533,45.570343017578125,46668700
2010-11-01 00:00:00-04:00,45.73627547128693,46.06814169021328,45.395677421212596,45.60527801513672,60555600
2010-11-02 00:00:00-04:00,45.9808146191329,46.22534589342175,45.91968180056069,46.09434509277344,48137500
2010-11-03 00:00:00-04:00,46.138004579211575,46.32140299649753,45.72753859924848,46.30393600463867,126225800
2010-11-04 00:00:00-04:00,46.810479724414584,47.037547356369785,46.72314806996356,46.871612548828125,84201000
2010-11-05 00:00:00-04:00,46.89781471035469,46.99388152914427,46.73187990281303,46.871612548828125,77937100
2010-11-08 00:00:00-05:00,46.79299142656453,47.01132377924954,46.67945767035188,46.93272399902344,39623500
2010-11-09 00:00:00-05:00,47.1161310331644,47.19473082783296,46.46986568461312,46.679466247558594,66828700
2010-11-10 00:00:00-05:00,46.7405937541954,46.95892612225602,46.37379364348004,46.915260314941406,83553700
2010-11-11 00:00:00-05:00,46.20786973925827,46.705667352673736,45.98953733577822,46.61833572387695,85163600
2010-11-12 00:00:00-05:00,46.373804220706155,46.60960363177272,45.50920971161704,45.85853958129883,99164300
2010-11-15 00:00:00-05:00,46.09432716837847,46.18166211201223,45.66639760477911,45.68386459350586,56723400
2010-11-16 00:00:00-05:00,45.36073370337927,45.631467051729885,44.40880440100233,44.932804107666016,101097000
2010-11-17 00:00:00-05:00,44.95902123384329,45.2996193495446,44.845487418113166,45.063819885253906,77836200
2010-11-18 00:00:00-05:00,45.55287399773818,46.103072605066544,45.52667517455194,45.788673400878906,71488300
2010-11-19 00:00:00-05:00,45.727553022747955,45.92841849525026,45.535419383185264,45.8236198425293,54506100
2010-11-22 00:00:00-05:00,45.64019735694617,46.207862854003906,45.56159757014568,46.207862854003906,69918900
2010-11-23 00:00:00-05:00,45.73627957835113,45.80614755976271,45.21228304371918,45.474281311035156,76818300
2010-11-24 00:00:00-05:00,45.91967420874721,46.504803470196855,45.90220721611597,46.39126968383789,53444200
2010-11-26 00:00:00-05:00,46.09435652900577,46.40002402919316,45.998289695560864,46.08562469482422,23640300
2010-11-29 00:00:00-05:00,46.02448323874503,46.199149873059696,45.50048333580102,46.050682067871094,89269100
2010-11-30 00:00:00-05:00,45.570337160163234,46.05940291795885,45.30833895585727,45.491737365722656,118862100
2010-12-01 00:00:00-05:00,46.16420317199968,46.68819959921107,46.14673618022756,46.45240020751953,81758800
2010-12-02 00:00:00-05:00,46.522268963272055,46.993867754649855,46.469867987067374,46.92399978637695,56844600
2010-12-03 00:00:00-05:00,46.723137417549744,47.10740127361063,46.723137417549744,47.046268463134766,38014200
2010-12-06 00:00:00-05:00,47.05501075327177,47.1161435730079,46.88034412624478,47.02880859375,39312000
2010-12-07 00:00:00-05:00,47.59645987179984,47.61392686235701,47.00259551880698,47.054996490478516,59067300
2010-12-08 00:00:00-05:00,47.177270497265,47.290804290368186,46.88907009896192,47.229671478271484,48066900
2010-12-09 00:00:00-05:00,47.51786190268095,47.544060723777726,47.11613109892005,47.27333068847656,51679800
2010-12-10 00:00:00-05:00,47.413067625644445,47.64013186940065,47.23840102887677,47.58773422241211,44696200
2010-12-13 00:00:00-05:00,47.77113573686151,47.806069724770154,47.395603695564695,47.42180252075195,53110200
2010-12-14 00:00:00-05:00,47.54407067292447,47.70127029537682,47.360672223892934,47.50914001464844,69884800
2010-12-15 00:00:00-05:00,47.48294758940688,47.771148066806354,47.18601527852075,47.2995491027832,76951900
2010-12-16 00:00:00-05:00,47.34319788689544,47.73619688207894,47.212200442826344,47.66633224487305,65519400
2010-12-17 00:00:00-05:00,47.725841316711566,47.84834935746401,47.61208241968697,47.70833969116211,36844200
2010-12-20 00:00:00-05:00,47.79583725449379,47.91834527672407,47.39330994199623,47.74333572387695,48159600
2010-12-21 00:00:00-05:00,47.92709809212682,48.0321044921875,47.795837588481014,48.0321044921875,35775400
2010-12-22 00:00:00-05:00,48.01460872442787,48.09336436860077,47.944605561881794,48.02336120605469,35766500
2010-12-23 00:00:00-05:00,47.93585211489049,48.01460775747734,47.787093311167325,47.90085220336914,21664800
2010-12-27 00:00:00-05:00,47.76084451455734,48.00586059578904,47.43706944939403,47.92710494995117,29263700
2010-12-28 00:00:00-05:00,48.02335736039727,48.05835726982072,47.734585575523305,47.83959197998047,24160500
2010-12-29 00:00:00-05:00,47.970857550366425,48.0408640527863,47.89210190419096,47.94460678100586,24132700
2010-12-30 00:00:00-05:00,47.94459229808014,47.95334143919283,47.73457619235519,47.830833435058594,27553300
2010-12-31 00:00:00-05:00,47.76959691735426,47.79584768839326,47.4370726857864,47.65583801269531,38540100
2011-01-03 00:00:00-05:00,48.10211816994435,48.73216000251944,48.08461654430423,48.39963912963867,90994300
2011-01-04 00:00:00-05:00,48.574655959762644,48.609659216267204,48.05836960965035,48.36464309692383,43851500
2011-01-05 00:00:00-05:00,48.21587880278951,48.79341915730745,48.189628030614095,48.77592086791992,43787400
2011-01-06 00:00:00-05:00,48.82841567631307,48.96842533875759,48.7234092640031,48.93342208862305,46139600
2011-01-07 00:00:00-05:00,49.02093949889758,49.047190272423755,48.40839585789728,48.889678955078125,72261700
2011-01-10 00:00:00-05:00,48.784657336394524,49.16093388424287,48.635898548595215,49.073429107666016,55551800
2011-01-11 00:00:00-05:00,49.27468547132419,49.318437853137006,48.95966298132347,49.14342498779297,56663800
2011-01-12 00:00:00-05:00,49.37969510880934,49.49345397949219,49.178431468735354,49.49345397949219,51979300
2011-01-13 00:00:00-05:00,49.52846172611571,49.64222061480974,49.36220130271175,49.510963439941406,47364500
2011-01-14 00:00:00-05:00,49.52846840631601,49.89599588932367,49.40596035801144,49.87849426269531,43867400
2011-01-18 00:00:00-05:00,49.502211231622006,50.07975148326924,49.432208072258405,50.018497467041016,65805600
2011-01-19 00:00:00-05:00,50.106006797743966,50.106006797743966,49.28345040653922,49.449710845947266,67767200
2011-01-20 00:00:00-05:00,49.23969915642657,49.30970232377161,48.723412862143,49.09968948364258,92357800
2011-01-21 00:00:00-05:00,49.344711984483396,49.43222012764605,48.6971684155515,48.723419189453125,59673300
2011-01-24 00:00:00-05:00,48.81966509494807,49.40595449601232,48.72340782895995,49.3972053527832,64103300
2011-01-25 00:00:00-05:00,49.15217113271793,49.484695222792446,49.04716475514956,49.467193603515625,55305100
2011-01-26 00:00:00-05:00,49.53722176988239,49.860993523031674,49.397212092458865,49.729736328125,60547700
2011-01-27 00:00:00-05:00,49.88724096278733,50.18476192470481,49.808485315865234,50.03600311279297,53656100
2011-01-28 00:00:00-05:00,50.02726495524968,50.07102070125245,48.53966305780857,48.76717758178711,123359900
2011-01-31 00:00:00-05:00,48.83716137553841,49.14343142644768,48.46963397635409,49.003421783447266,70571300
2011-02-01 00:00:00-05:00,49.37095926079261,50.03600774933727,49.318457716708735,49.92224884033203,76952900
2011-02-02 00:00:00-05:00,49.81722457915289,50.02723735649055,49.73846895312804,49.843475341796875,48661000
2011-02-03 00:00:00-05:00,49.74723054239376,50.000999105093214,49.35345565183209,49.93099594116211,45341900
2011-02-04 00:00:00-05:00,49.92223819598183,50.24600988847663,49.79098102566451,50.21100997924805,47647800
2011-02-07 00:00:00-05:00,50.307271221514576,50.72730020833804,50.228515577854324,50.44728088378906,45627100
2011-02-08 00:00:00-05:00,50.464800594843304,50.81482656817482,50.36854662336746,50.779823303222656,38099900
2011-02-09 00:00:00-05:00,50.701048032969595,50.85855932628985,50.5347875958399,50.692298889160156,62540800
2011-02-10 00:00:00-05:00,50.359777248887205,50.8410602972385,50.30727570716151,50.77105712890625,70194700
2011-02-11 00:00:00-05:00,50.622290254118596,51.17357975751938,50.5522870923102,51.13857650756836,47853500
2011-02-14 00:00:00-05:00,51.13858175225531,51.33109630863623,51.086080210037956,51.26109313964844,48506100
2011-02-15 00:00:00-05:00,51.138580935956455,51.25233983910149,50.954818864941046,51.19108581542969,39723800
2011-02-16 00:00:00-05:00,51.32233026812809,51.66360353256396,51.30482864711947,51.52359390258789,53061700
2011-02-17 00:00:00-05:00,51.269844182012804,51.60236842677347,51.23484092717608,51.50611114501953,38361900
2011-02-18 00:00:00-05:00,51.50611961513567,51.602376912718995,51.1998460920892,51.39236068725586,44334300
2011-02-22 00:00:00-05:00,50.692299673364744,50.8673125951051,49.82598754670161,49.90474319458008,92598100
2011-02-23 00:00:00-05:00,49.90473040134207,50.079743278217315,49.11717746254297,49.49345397949219,97842900
2011-02-24 00:00:00-05:00,49.59846255360622,49.904732598049556,49.12592876667097,49.75597381591797,98716100
2011-02-25 00:00:00-05:00,50.036001040441775,50.5085349024033,49.98349616530372,50.44728088378906,54094600
2011-02-28 00:00:00-05:00,50.648522393806985,50.79728113444004,50.25474434787802,50.55226516723633,51402800
2011-03-01 00:00:00-05:00,50.77107158487583,50.77107158487583,49.6159906047107,49.73849868774414,91993900
2011-03-02 00:00:00-05:00,49.71222718040317,50.324767340153365,49.69472555611123,50.00099563598633,61552900
2011-03-03 00:00:00-05:00,50.46477982904939,51.07732336127597,50.46477982904939,50.98981857299805,64146600
2011-03-04 00:00:00-05:00,50.97233013641046,50.981079282264545,50.39478970529852,50.72731399536133,62328400
2011-03-07 00:00:00-05:00,50.93731306293783,50.98106545653202,49.58971797643745,50.04475021362305,98470000
2011-03-08 00:00:00-05:00,49.98349973778872,50.47353525982071,49.67722962282741,50.24601745605469,62399100
2011-03-09 00:00:00-05:00,50.06225449033701,50.11475936828727,49.63347633707168,49.90474319458008,84764200
2011-03-10 00:00:00-05:00,49.344703729695595,49.45846262772934,48.9246747270638,49.125938415527344,102894400
2011-03-11 00:00:00-05:00,48.84592004028919,49.58097164386243,48.84592004028919,49.432212829589844,81679400
2011-03-14 00:00:00-04:00,49.160937255351826,49.5197122048684,48.880917945392234,49.25719451904297,73565800
2011-03-15 00:00:00-04:00,47.813343948869196,48.845916443037794,47.66458514555193,48.55714797973633,101276500
2011-03-16 00:00:00-04:00,48.15460711486051,48.42587723419608,47.05203169264113,47.38455581665039,176507700
2011-03-17 00:00:00-04:00,48.13712469824619,48.33839175171916,47.367073092821705,47.822105407714844,94434500
2011-03-18 00:00:00-04:00,48.38906176653901,48.38906176653901,47.67926086801123,47.71431350708008,94887200
2011-03-21 00:00:00-04:00,48.441636135134644,48.87978408380353,47.758126404908325,48.634422302246094,57423000
2011-03-22 00:00:00-04:00,48.70452459594574,48.730812401558886,48.44163316860086,48.546791076660156,36162100
2011-03-23 00:00:00-04:00,48.37153386464437,48.95865050722505,48.03854048999069,48.818443298339844,60365100
2011-03-24 00:00:00-04:00,49.18648576650842,49.79112868447927,48.914832856392266,49.68597412109375,69502400
2011-03-25 00:00:00-04:00,49.84371505516348,50.14165581476383,49.71226932426776,49.80866241455078,74131100
2011-03-28 00:00:00-04:00,50.027737140257805,50.036498629137995,49.51072238342668,49.537010192871094,37824000
2011-03-29 00:00:00-04:00,49.42308902302774,50.01897048950195,49.27411698500743,50.01897048950195,47994800
2011-03-30 00:00:00-04:00,50.26433428914004,50.32567473585104,50.01897250229603,50.25556945800781,44935900
2011-03-31 00:00:00-04:00,50.167919611715234,50.3694671845649,50.08029139492918,50.325653076171875,50004300
2011-04-01 00:00:00-04:00,50.57980568761874,50.737539233477314,50.202998143934785,50.351966857910156,68031800
2011-04-04 00:00:00-04:00,50.4921689952885,50.544747952878225,49.96639279060563,50.18546676635742,48659100
2011-04-05 00:00:00-04:00,50.08907638295895,50.37825565108946,49.94886916463003,50.05402374267578,55349400
2011-04-06 00:00:00-04:00,50.4395996995153,50.58856841714342,49.887532275473426,50.17670822143555,49532100
2011-04-07 00:00:00-04:00,50.1591736562109,50.47463733998813,49.78236619032906,50.14164733886719,60697000
2011-04-08 00:00:00-04:00,50.36948794246845,50.44835470719877,49.64216408355874,49.905052185058594,42782200
2011-04-11 00:00:00-04:00,50.09784095087659,50.2029988781896,49.56330319631998,49.73855972290039,42451700
2011-04-12 00:00:00-04:00,49.51071657908608,49.63339746584942,49.20401436217772,49.39679718017578,50422800
2011-04-13 00:00:00-04:00,49.76484534446422,49.948866682600936,49.423090475695,49.817420959472656,49979800
2011-04-14 00:00:00-04:00,49.47567072426203,49.79990264692955,49.27412304797903,49.72979736328125,53544100
2011-04-15 00:00:00-04:00,49.53700441188467,49.834945141098984,49.31793044460367,49.64216232299805,68530000
2011-04-18 00:00:00-04:00,49.14266494004884,49.30915992126438,48.47667832958098,49.29163360595703,69065000
2011-04-19 00:00:00-04:00,49.42307499919679,49.598331451416016,49.16018363526286,49.598331451416016,38608400
2011-04-20 00:00:00-04:00,50.47463612659281,50.77257682866714,50.41329568876603,50.720001220703125,67397500
2011-04-21 00:00:00-04:00,51.21075527773397,51.23704644020551,50.965393380033944,51.12312698364258,43666800
2011-04-25 00:00:00-04:00,51.166904101570616,51.28082347569093,51.07051104214595,51.25453567504883,25376800
2011-04-26 00:00:00-04:00,51.38599433522016,51.72774922327958,51.27207492493242,51.54372787475586,49400000
2011-04-27 00:00:00-04:00,51.640114734106156,51.955581775114645,51.40351445334979,51.89424133300781,56465500
2011-04-28 00:00:00-04:00,51.73652094555802,51.903015995997144,51.596313707608175,51.81538772583008,48100000
2011-04-29 00:00:00-04:00,51.71896647099354,51.9555666830221,51.683913844885076,51.77154541015625,44831200
2011-05-02 00:00:00-04:00,51.85042357861419,51.99939561062109,51.54372136978141,51.675167083740234,48149400
2011-05-03 00:00:00-04:00,51.64886824028018,51.70144718659083,51.11433066206814,51.42979431152344,38100000
2011-05-04 00:00:00-04:00,51.4561024463864,51.58754484135973,50.92156134887121,51.35094451904297,53097200
2011-05-05 00:00:00-04:00,51.09680964093321,51.675164739064094,50.89526200673037,51.070518493652344,72200000
2011-05-06 00:00:00-04:00,51.57877726643534,51.876718006480125,51.09681518945795,51.237022399902344,72507000
2011-05-09 00:00:00-04:00,51.32463976170501,51.6313419248433,51.12309214838515,51.42979431152344,40022000
2011-05-10 00:00:00-04:00,51.57879730621887,51.946840123078836,51.50869200235704,51.86797332763672,38053600
2011-05-11 00:00:00-04:00,51.78910217718435,51.97312691294434,51.1406448850164,51.49116134643555,61900000
2011-05-12 00:00:00-04:00,51.333404460321546,51.86794203717465,51.035463784257715,51.7978401184082,66100000
2011-05-13 00:00:00-04:00,51.67516364235079,51.762791883952026,51.16691048121483,51.1844367980957,63506600
2011-05-16 00:00:00-04:00,50.947849880640995,51.10558343108541,50.18547328202901,50.29939270019531,73115300
2011-05-17 00:00:00-04:00,50.036495605785795,50.44835575714962,49.93134103155805,50.43959426879883,63136000
2011-05-18 00:00:00-04:00,50.36947222026131,50.94782720015607,50.30813179381811,50.860198974609375,42351100
2011-05-19 00:00:00-04:00,51.01796969913668,51.123124315118524,50.69373767375144,51.00920486450195,35015800
2011-05-20 00:00:00-04:00,50.956608647618594,51.00918426297285,50.55350998734874,50.62361526489258,44703300
2011-05-23 00:00:00-04:00,49.931340249195756,50.080312291254195,49.642164338899576,49.878761291503906,43700000
2011-05-24 00:00:00-04:00,50.001453795899884,50.01021528556247,49.563305771079605,49.57206726074219,39314800
2011-05-25 00:00:00-04:00,49.51071638387931,50.00144327180134,49.48442857762037,49.76484298706055,41369000
2011-05-26 00:00:00-04:00,49.6158666212496,50.21174802500234,49.6071051341958,50.07154083251953,40564100
2011-05-27 00:00:00-04:00,50.15915812715751,50.37823201192482,50.11534067596229,50.325653076171875,30127200
2011-05-31 00:00:00-04:00,50.79887774071893,51.14063262939453,50.535986279149576,51.14063262939453,47590100
2011-06-01 00:00:00-04:00,51.01795203804165,51.14063293801901,49.98392253422699,50.02773666381836,51795000
2011-06-02 00:00:00-04:00,50.124119677515466,50.30814099048538,49.852466780176684,50.13288116455078,50198100
2011-06-03 00:00:00-04:00,49.55452465243247,49.94009692694997,49.309162908869,49.37926483154297,57773700
2011-06-06 00:00:00-04:00,49.26534111764364,49.53699062205763,48.949874157728345,48.97616195678711,50175600
2011-06-07 00:00:00-04:00,49.107642941966176,49.3004258449961,48.85351622569387,48.88856887817383,46311100
2011-06-08 00:00:00-04:00,48.78339049606259,48.871022090572815,48.39782150862818,48.538028717041016,46426400
2011-06-09 00:00:00-04:00,48.555547049155685,48.86224922248394,48.39781354778602,48.62565231323242,45307500
2011-06-10 00:00:00-04:00,48.39782837983315,48.49422147607789,47.83699946655902,47.88081359863281,53740600
2011-06-13 00:00:00-04:00,47.90710140931628,48.1349402445864,47.714318559630804,47.88081359863281,37736800
2011-06-14 00:00:00-04:00,48.24885892354258,48.608140149533554,48.22256777045761,48.49422073364258,40565300
2011-06-15 00:00:00-04:00,48.02979012326353,48.327730928983556,47.47772264796966,47.57411575317383,59022400
2011-06-16 00:00:00-04:00,47.600392454517305,47.75812598206584,46.98698466325117,47.39008331298828,66316200
2011-06-17 00:00:00-04:00,47.777400830046936,47.95305035381409,47.10113944258367,47.241661071777344,70337000
2011-06-20 00:00:00-04:00,47.109926789276976,47.62810099342213,47.109926789276976,47.487579345703125,37402900
2011-06-21 00:00:00-04:00,47.65443728429781,48.55904833362545,47.45243766948086,48.506351470947266,55892800
2011-06-22 00:00:00-04:00,48.30433964065177,48.58538280326439,48.14625244289483,48.15503692626953,36833300
2011-06-23 00:00:00-04:00,47.63688050032127,48.62931306781754,47.4787932443785,48.60296630859375,80743300
2011-06-24 00:00:00-04:00,48.37462152561949,48.418533909224564,47.663228850136804,47.75983810424805,56298300
2011-06-27 00:00:00-04:00,47.81252556650771,48.76983014912644,47.70713518914868,48.52391815185547,49968900
2011-06-28 00:00:00-04:00,48.62930770092981,49.252875519574,48.55904856732038,49.24409103393555,47028800
2011-06-29 00:00:00-04:00,49.358262135647614,49.54269611641159,49.09478454165631,49.44608688354492,65407300
2011-06-30 00:00:00-04:00,49.62174685053441,50.13992097820685,49.59540009244424,50.10478973388672,50347200
2011-07-01 00:00:00-04:00,50.13112978691254,50.930347008238336,49.99060483781868,50.860084533691406,53203900
2011-07-05 00:00:00-04:00,50.912807436689185,51.16750066147537,50.789851393626705,51.11480712890625,43128800
2011-07-06 00:00:00-04:00,51.05329660070945,51.36947099601315,50.886424919688736,51.28164291381836,49282700
2011-07-07 00:00:00-04:00,51.66810841232311,52.133585779904195,51.58906476968664,51.98427963256836,54799800
2011-07-08 00:00:00-04:00,51.53635996496786,51.8525344868867,51.264097826582166,51.84375,69519500
2011-07-11 00:00:00-04:00,51.29922123532219,51.56269884656342,50.72835028571652,50.90400314331055,52080800
2011-07-12 00:00:00-04:00,50.89522297399514,51.00061335043189,50.46487363223726,50.51757049560547,84000700
2011-07-13 00:00:00-04:00,50.88643500731105,51.23774070513478,50.5439137945976,50.72834777832031,82378100
2011-07-14 00:00:00-04:00,50.86009688318073,51.097227766906286,49.946704594082306,50.139923095703125,98774200
2011-07-15 00:00:00-04:00,50.70199794284043,50.80738830566406,50.3331299978081,50.80738830566406,68281500
2011-07-18 00:00:00-04:00,50.526348876584095,50.754698588431566,50.04330604809064,50.535133361816406,59512200
2011-07-19 00:00:00-04:00,51.018169332077655,51.729561776788046,51.018169332077655,51.685646057128906,73904600
2011-07-20 00:00:00-04:00,51.97548797578016,51.98426911194014,51.37827020790361,51.466094970703125,57085500
2011-07-21 00:00:00-04:00,51.51878511354078,52.09843718313236,51.237741888908474,51.80861282348633,70148800
2011-07-22 00:00:00-04:00,51.78227000846238,52.432184650865665,51.74713876286221,52.344356536865234,43620400
2011-07-25 00:00:00-04:00,51.93157027748644,52.52878798421824,51.834961038118124,52.23896026611328,48916100
2011-07-26 00:00:00-04:00,52.203832915785924,52.54635752188737,52.09844253330078,52.370704650878906,40918900
2011-07-27 00:00:00-04:00,52.02817454147596,52.07208691418058,50.88643274936031,51.01817321777344,83969500
2011-07-28 00:00:00-04:00,51.04450956950976,51.75590192343471,50.84251001599249,51.105987548828125,61031900
2011-07-29 00:00:00-04:00,50.6932245044395,51.47487623545297,50.4473091534523,50.93913650512695,82860500
2011-08-01 00:00:00-04:00,51.55391765978865,51.65930803411988,50.087220153189136,50.702003479003906,85421100
2011-08-02 00:00:00-04:00,50.46487966818303,50.69322941979113,49.36705334395193,49.41975021362305,90853300
2011-08-03 00:00:00-04:00,49.48122867734763,49.955490457873346,48.61174874638381,49.894012451171875,103612300
2011-08-04 00:00:00-04:00,49.18262858494937,49.26167222918721,47.575408935546875,47.575408935546875,132830000
2011-08-05 00:00:00-04:00,48.058442362610165,48.33070112485213,45.950614650099276,47.276790618896484,214111800
2011-08-08 00:00:00-04:00,45.82767177274832,46.65323613226751,44.431236267089844,44.431236267089844,204804500
2011-08-09 00:00:00-04:00,45.09870182822969,46.61809633406409,43.85157279374352,46.574180603027344,193707100
2011-08-10 00:00:00-04:00,45.5202682581797,46.58296324122995,44.61565716945035,44.66835403442383,205917900
2011-08-11 00:00:00-04:00,45.30949302639028,47.15384010794087,45.089927738096144,46.63566589355469,143825300
2011-08-12 00:00:00-04:00,46.92548683312586,47.33827058696613,46.44244393944251,47.04844284057617,90483300
2011-08-15 00:00:00-04:00,47.241659115971586,47.74226760864258,47.01330938404811,47.74226760864258,73554300
2011-08-16 00:00:00-04:00,47.276794089043285,47.73348688831906,46.70592306449851,47.33827209472656,89219200
2011-08-17 00:00:00-04:00,47.399741672690624,47.79495639601356,46.56539315066547,47.057220458984375,84416600
2011-08-18 00:00:00-04:00,45.783734909710596,45.792516043285104,44.334603298093135,44.74738693237305,130019400
2011-08-19 00:00:00-04:00,44.281920996274835,45.379747320263796,43.90427182309868,43.93939971923828,96674600
2011-08-22 00:00:00-04:00,44.993307330304646,45.00209181582872,43.96574364376099,44.09748077392578,77107700
2011-08-23 00:00:00-04:00,44.39610527403804,45.915496826171875,44.21167121662139,45.915496826171875,75688400
2011-08-24 00:00:00-04:00,45.78374968440678,46.363401846051275,45.414878299560264,46.27557373046875,80197700
2011-08-25 00:00:00-04:00,46.249218470581674,46.46000255893868,45.36217644318209,45.520263671875,93623700
2011-08-26 00:00:00-04:00,45.37096167730073,46.820093621150114,44.92305005573439,46.66200637817383,91573300
2011-08-29 00:00:00-04:00,47.1274740851731,48.014516013228935,47.10990846725231,47.961822509765625,45985800
2011-08-30 00:00:00-04:00,47.786172597030856,48.56782421556169,47.522695012738325,48.27799987792969,61617900
2011-08-31 00:00:00-04:00,48.56782495047449,48.9542618735636,47.95304167762305,48.3570442199707,60900400
2011-09-01 00:00:00-04:00,48.48000949644142,48.866443143297346,47.8300948605065,47.91792297363281,57158400
2011-09-02 00:00:00-04:00,47.0572279394075,47.9618357348218,46.53905379390902,46.79374694824219,58185700
2011-09-06 00:00:00-04:00,45.70470215744834,46.87278751752134,45.59052729207888,46.802528381347656,52992200
2011-09-07 00:00:00-04:00,47.47000415346563,47.99696273892972,47.338267019824364,47.98817825317383,48952200
2011-09-08 00:00:00-04:00,47.74226896449368,48.45365823728192,47.61052847308112,47.76861572265625,61422800
2011-09-09 00:00:00-04:00,47.43486832690865,47.63687127617633,46.41608584716008,46.70591354370117,63663500
2011-09-12 00:00:00-04:00,46.18776174249123,47.33828524765088,46.170196114515406,47.30315399169922,65973000
2011-09-13 00:00:00-04:00,47.47878972874798,48.03209173327768,47.25043999805022,47.93548583984375,59020000
2011-09-14 00:00:00-04:00,48.18140245794981,49.165053910542596,47.70714067980146,48.62053298950195,90757300
2011-09-15 00:00:00-04:00,49.14748356945332,49.42852681464464,48.646875079562555,49.340702056884766,83536100
2011-09-16 00:00:00-04:00,49.449793289691364,49.84574425776027,49.35300490232871,49.79294967651367,91902100
2011-09-19 00:00:00-04:00,49.17704040346639,50.07452840258576,48.772291900877235,49.81056213378906,73042900
2011-09-20 00:00:00-04:00,50.06574044763804,50.4616882474404,49.47621242456417,49.590599060058594,66570100
2011-09-21 00:00:00-04:00,49.84577814975661,50.09214631673113,48.71951647962764,48.72831726074219,79938000
2011-09-22 00:00:00-04:00,47.48765340139122,47.91879752212145,46.41418677534638,47.14449691772461,151885500
2011-09-23 00:00:00-04:00,46.74854249480268,47.848404662009976,46.71334609988894,47.64603042602539,85940600
2011-09-26 00:00:00-04:00,47.88362123577647,48.28837326319901,46.81895494018685,48.200382232666016,96261400
2011-09-27 00:00:00-04:00,49.01864983776658,49.449797227668014,48.3763308190864,48.70188903808594,81148600
2011-09-28 00:00:00-04:00,48.91306912788557,49.247428157609825,47.866001581014984,47.980384826660156,76757100
2011-09-29 00:00:00-04:00,48.710714680499386,48.77230671671167,46.607777955929265,47.408477783203125,116900200
2011-09-30 00:00:00-04:00,46.77495332156508,47.17090450180547,46.15902963635937,46.185428619384766,104870100
2011-10-03 00:00:00-04:00,45.77186634772402,46.502173113184995,44.97116678936829,44.997562408447266,99149500
2011-10-04 00:00:00-04:00,44.54001732745297,46.00943492638281,44.082474263687935,45.921443939208984,137013700
2011-10-05 00:00:00-04:00,45.80706252313756,47.23248300724713,45.45510527338831,47.10049819946289,108825700
2011-10-06 00:00:00-04:00,47.038908458747606,47.90120007016401,46.81893600614608,47.89240264892578,71939200
2011-10-07 00:00:00-04:00,47.86601839367459,48.0947883218319,47.2676929120151,47.575653076171875,72525200
2011-10-10 00:00:00-04:00,48.38514611520107,49.221038818359375,48.29715511304357,49.221038818359375,48230200
2011-10-11 00:00:00-04:00,49.089048920735536,49.67857342965172,49.00985871064843,49.555389404296875,66449100
2011-10-12 00:00:00-04:00,50.030523359513666,50.35608157277344,49.76655714993783,49.80175018310547,85627600
2011-10-13 00:00:00-04:00,49.70498343886398,50.32090370237666,49.652188834914156,50.25931167602539,63443700
2011-10-14 00:00:00-04:00,50.87521386267024,51.20077205858774,50.60244689194828,51.19197463989258,65643600
2011-10-17 00:00:00-04:00,50.95443237623118,51.11281285286643,50.127336942202554,50.40010070800781,65161300
2011-10-18 00:00:00-04:00,50.32088874425359,51.28876938987756,49.85454829578341,51.024803161621094,91434600
2011-10-19 00:00:00-04:00,50.74324066293777,50.90162108768097,49.87215168336324,50.039329528808594,67639400
2011-10-20 00:00:00-04:00,50.030520257355015,50.083311482089364,49.089038709120196,49.79294967651367,80378300
2011-10-21 00:00:00-04:00,50.320886622178534,50.73443582146531,49.96013200892173,50.41767501831055,60455800
2011-10-24 00:00:00-04:00,50.602457301219424,51.60553442093405,50.426482039018616,51.464752197265625,61449500
2011-10-25 00:00:00-04:00,51.29757813356344,51.315176333533685,50.34729883076423,50.452884674072266,65299200
2011-10-26 00:00:00-04:00,50.73444523893536,50.8400310740819,49.45860437007577,50.39128875732422,98193800
2011-10-27 00:00:00-04:00,51.59673336120786,52.08947281960402,51.060000087502544,51.78150939941406,104455500
2011-10-28 00:00:00-04:00,51.49115799256342,51.92230216928956,51.47355979156245,51.86071014404297,42950000
2011-10-31 00:00:00-04:00,51.41195926398192,51.59673530916406,50.95441618316441,50.9896125793457,60520200
2011-11-01 00:00:00-04:00,49.731369201220154,50.95441541983677,49.37941195770597,49.66097640991211,99933000
2011-11-02 00:00:00-04:00,50.18011284476274,50.29449945545175,49.608186504343934,50.08332443237305,65003800
2011-11-03 00:00:00-04:00,50.47928565661648,51.19199772679022,49.898558421979516,51.121604919433594,78994200
2011-11-04 00:00:00-04:00,50.87521080270742,51.07758498564687,50.34727844343164,50.85761260986328,61527800
2011-11-07 00:00:00-05:00,50.822447853716966,51.253595455444454,50.303312589521425,51.21839904785156,65559000
2011-11-08 00:00:00-05:00,51.58792328132186,51.89588326942695,51.007196334815006,51.80789566040039,62906900
2011-11-09 00:00:00-05:00,50.80485117840188,50.884041414379425,49.828172720183595,49.98655319213867,69539000
2011-11-10 00:00:00-05:00,50.47927532851281,50.52326914585263,49.47620152450726,49.960140228271484,66052400
2011-11-11 00:00:00-05:00,50.39128844177656,51.05120578120813,50.329696425284,50.9016227722168,54471000
2011-11-14 00:00:00-05:00,50.76084084308778,51.04240530773466,50.40008616297688,50.58486557006836,44617600
2011-11-15 00:00:00-05:00,50.435283049033096,51.350369246261586,50.38248845270765,51.14799499511719,52203900
2011-11-16 00:00:00-05:00,50.77844025432617,51.17439134110188,50.206513890328594,50.30329895019531,68342800
2011-11-17 00:00:00-05:00,50.171308352629495,50.188906548448486,48.8162774831807,49.12424087524414,101706900
2011-11-18 00:00:00-05:00,49.1330456824332,49.18584027782826,48.657904393417084,48.74589538574219,60417000
2011-11-21 00:00:00-05:00,48.0859880761078,48.15637752813469,47.320481387539566,47.8132209777832,52283700
2011-11-22 00:00:00-05:00,47.69003127634152,48.11237800806948,47.399666010239734,47.971595764160156,51940100
2011-11-23 00:00:00-05:00,47.61083736664433,47.663628606200454,46.86292902663843,46.88932800292969,48437300
2011-11-25 00:00:00-05:00,46.68694868231606,47.22367857975298,46.51976749117659,46.528568267822266,25448100
2011-11-28 00:00:00-05:00,47.66362570578642,48.20915976243306,47.63723008761458,48.14756774902344,46710700
2011-11-29 00:00:00-05:00,48.12117526868059,48.48192997727213,47.70762931662076,47.848411560058594,52056700
2011-11-30 00:00:00-05:00,49.15064857963363,49.66098295785391,48.98346735649021,49.61698913574219,66918600
2011-12-01 00:00:00-05:00,49.608186333039825,50.092125036804056,49.58178735742545,49.960140228271484,45362200
2011-12-02 00:00:00-05:00,50.452880546732935,50.452880546732935,49.77536500761365,49.819358825683594,36938900
2011-12-05 00:00:00-05:00,50.567261463085906,50.699242902429496,50.0833194492877,50.36488723754883,40492200
2011-12-06 00:00:00-05:00,50.408889524405055,50.549671763944744,50.05693224729916,50.22411346435547,38670000
2011-12-07 00:00:00-05:00,50.083327868302426,50.45288334491495,49.58179093016021,50.22411346435547,44576200
2011-12-08 00:00:00-05:00,49.89855256495503,50.2857062469453,49.282628998936026,49.379417419433594,51692600
2011-12-09 00:00:00-05:00,49.50261496522808,50.32091301709703,49.48502011716825,50.17133331298828,55757900
2011-12-12 00:00:00-05:00,49.64338167074328,50.162516795012735,49.185841921416255,49.60818862915039,55411700
2011-12-13 00:00:00-05:00,49.93374882817436,50.136123090247025,48.860282140515224,49.06265640258789,68557700
2011-12-14 00:00:00-05:00,48.877876780799255,48.91307317768705,48.02438597360553,48.297149658203125,63682800
2011-12-15 00:00:00-05:00,48.7107110679409,48.76350231991382,48.09478739498296,48.16518020629883,58732900
2011-12-16 00:00:00-05:00,48.42197034495813,49.075010986974924,48.33372315628143,48.41314697265625,60978900
2011-12-19 00:00:00-05:00,48.59846755316747,48.71319159031448,47.804229398171834,47.93660354614258,46733900
2011-12-20 00:00:00-05:00,48.71317764563394,49.419165044414314,48.68670080377043,49.357391357421875,81758800
2011-12-21 00:00:00-05:00,49.06618643825202,49.10148666186406,48.08663048112756,48.65142059326172,78552300
2011-12-22 00:00:00-05:00,48.75732783811083,49.09267329796471,48.686727376493046,49.06619644165039,40334100
2011-12-23 00:00:00-05:00,49.163250841128104,49.48977279663086,49.04853018624612,49.48977279663086,26594600
2011-12-27 00:00:00-05:00,49.45357077675614,49.83336826270289,49.40057413321628,49.67438507080078,21443500
2011-12-28 00:00:00-05:00,49.61256446552668,49.69205776297604,48.967786994819406,49.100276947021484,38180100
2011-12-29 00:00:00-05:00,49.17975279183745,49.48889141145767,49.02076625335898,49.45356369018555,28077900
2011-12-30 00:00:00-05:00,49.34755686806572,49.56837106983539,49.30339470158325,49.31222915649414,21832400
2012-01-03 00:00:00-05:00,50.266159121524645,50.51347001999075,50.12483812677854,50.257328033447266,39514100
2012-01-04 00:00:00-05:00,50.17784145873339,50.539976766676226,49.95702716439364,50.46931457519531,29403400
2012-01-05 00:00:00-05:00,50.36332711032903,50.92861119227412,50.16900944365082,50.88444900512695,41260600
2012-01-06 00:00:00-05:00,50.893278981512935,51.17592101630263,50.69896468844429,51.061100006103516,46325200
2012-01-09 00:00:00-05:00,51.193579944199925,51.2112454902596,50.725454766373076,50.893272399902344,39195500
2012-01-10 00:00:00-05:00,51.43205406513639,51.582209505332536,50.91093230685218,51.26423645019531,35949900
2012-01-11 00:00:00-05:00,51.255414876960174,51.48506363866483,51.061100581701076,51.3702392578125,37144100
2012-01-12 00:00:00-05:00,51.485058965957144,51.64404551905903,51.10525813014248,51.57338333129883,26188300
2012-01-13 00:00:00-05:00,51.29957693881054,51.40556685349243,50.946272730726044,51.387901306152344,35980400
2012-01-17 00:00:00-05:00,51.83836396213849,52.07684381095429,51.66171521726056,51.85602951049805,41790800
2012-01-18 00:00:00-05:00,51.953179856039455,52.54496383666992,51.8295244070786,52.54496383666992,48692700
2012-01-19 00:00:00-05:00,52.783445030787774,52.96893159029204,52.686289575967606,52.87177276611328,47774500
2012-01-20 00:00:00-05:00,52.64210761244277,52.81875965866389,52.60677989868457,52.79226303100586,41041700
2012-01-23 00:00:00-05:00,52.801121136945284,53.18092205140052,52.50081351550066,52.80995559692383,40958300
2012-01-24 00:00:00-05:00,52.57146281274439,52.85410481420873,52.474303992986314,52.71278381347656,38440200
2012-01-25 00:00:00-05:00,53.22507722094209,53.5077226238572,52.84527972595485,53.3752326965332,61591800
2012-01-26 00:00:00-05:00,53.6048754276294,53.70203425360215,52.93360147355378,53.18974685668945,37852700
2012-01-27 00:00:00-05:00,53.07492866162294,53.44589509194712,53.048432022130946,53.34873962402344,45532300
2012-01-30 00:00:00-05:00,52.89826197517626,53.472380381431414,52.69511326648733,53.392887115478516,42797800
2012-01-31 00:00:00-05:00,53.65787969126475,53.755038531037755,53.119092212057474,53.46356201171875,51449600
2012-02-01 00:00:00-05:00,53.772695400612804,54.09066850877374,53.578377752434776,53.8963508605957,46146700
2012-02-02 00:00:00-05:00,54.07301674194924,54.24083442764226,53.852202401603954,54.06418228149414,46373600
2012-02-03 00:00:00-05:00,54.567611535451064,54.86791902355395,54.47928719103871,54.80609130859375,36453800
2012-02-06 00:00:00-05:00,54.60294204459933,54.779594100917166,54.46162107341661,54.76192855834961,28541300
2012-02-07 00:00:00-05:00,54.71779106347505,54.98276758277319,54.4704767253521,54.87677764892578,37935700
2012-02-08 00:00:00-05:00,54.8855975811351,55.16823959350586,54.68244884532852,55.16823959350586,41171100
2012-02-09 00:00:00-05:00,55.38020975639229,55.62752061668434,55.04457118216896,55.56569290161133,46856400
2012-02-10 00:00:00-05:00,55.1682437882478,55.327230353464785,54.98276058528092,55.17707824707031,58090500
2012-02-13 00:00:00-05:00,55.59220274851996,55.76002376021105,55.336060740614236,55.689361572265625,36810200
2012-02-14 00:00:00-05:00,55.565696796123355,55.83950767446464,55.37137918121289,55.83067321777344,51648200
2012-02-15 00:00:00-05:00,56.09564003050457,56.40478194394012,55.35370415535965,55.44203186035156,105709100
2012-02-16 00:00:00-05:00,55.45971639758033,56.26348025684851,55.318395390545,56.20165252685547,83642300
2012-02-17 00:00:00-05:00,56.21048471950036,56.254646903311375,55.7776906010503,56.025001525878906,76112300
2012-02-21 00:00:00-05:00,56.08682022407223,56.43128991942199,55.830674882119496,56.18397903442383,38141300
2012-02-22 00:00:00-05:00,56.07798517583122,56.24580278317629,55.84833648224548,55.92782974243164,43174700
2012-02-23 00:00:00-05:00,55.99849391396132,56.360629141208285,55.72468303702513,56.29880142211914,54250000
2012-02-24 00:00:00-05:00,56.45779863356169,56.59028856136823,56.35180871293174,56.49312973022461,41364900
2012-02-27 00:00:00-05:00,56.183981319932755,56.75809974844233,55.93667042487423,56.57261657714844,42678500
2012-02-28 00:00:00-05:00,56.62561009001487,57.146728515625,56.55494790862879,57.146728515625,43717500
2012-02-29 00:00:00-05:00,57.19089099975504,57.37637416191912,56.70509695214711,56.890586853027344,59784400
2012-03-01 00:00:00-05:00,57.10256894403972,57.39404538432899,56.93474795016714,57.34104537963867,67558900
2012-03-02 00:00:00-05:00,57.26155916629359,57.48237344035267,57.11140707722546,57.29689025878906,33358200
2012-03-05 00:00:00-05:00,57.26155342611208,57.33221560401951,56.519617404874566,56.70509719848633,45788800
2012-03-06 00:00:00-05:00,56.14866256713867,56.28115250109437,55.84835497028356,56.14866256713867,54638600
2012-03-07 00:00:00-05:00,56.413622358723806,56.71392986664247,56.32529800848337,56.58143997192383,42741800
2012-03-08 00:00:00-05:00,56.91708374978852,57.35871225377207,56.79342830777042,57.19089126586914,43711100
2012-03-09 00:00:00-05:00,57.28804944983161,57.53536033116533,57.25271836125306,57.42936706542969,43117200
2012-03-12 00:00:00-04:00,57.41172890633778,57.508887755892175,57.16441792155166,57.455894470214844,32687300
2012-03-13 00:00:00-04:00,57.76500708015179,58.52460861206055,57.65017936148351,58.52460861206055,61559100
2012-03-14 00:00:00-04:00,58.58644268879453,58.94857458100315,58.36562842273278,58.727760314941406,59926900
2012-03-15 00:00:00-04:00,58.90440711853894,59.01922809408699,58.60409625667506,58.895572662353516,65531200
2012-03-16 00:00:00-04:00,58.98671491812106,58.98671491812106,58.71244255999461,58.854000091552734,53023100
2012-03-19 00:00:00-04:00,58.95132354372221,59.41140070676592,58.792067102692684,59.26983642578125,60966200
2012-03-20 00:00:00-04:00,58.96015530836017,59.4379244880984,58.80089891511409,59.37599182128906,47290600
2012-03-21 00:00:00-04:00,59.38486099243164,59.712216589913005,59.305229394289775,59.38486099243164,39648100
2012-03-22 00:00:00-04:00,59.030947775300085,59.40254384129415,58.9955567094689,59.260986328125,56953900
2012-03-23 00:00:00-04:00,59.33176001119335,59.3494589186801,58.88938182620049,59.22559356689453,45541700
2012-03-26 00:00:00-04:00,59.62374309721138,60.26076889038086,59.57065986449951,60.26076889038086,40855300
2012-03-27 00:00:00-04:00,60.305028446383666,60.59699306858219,60.27848007149391,60.34926223754883,37278200
2012-03-28 00:00:00-04:00,60.384600891945134,60.61463935681444,59.75642490147587,60.110328674316406,44421900
2012-03-29 00:00:00-04:00,59.80953555090828,60.10150680374619,59.455631615664394,59.88031768798828,53975300
2012-03-30 00:00:00-04:00,60.14573477636301,60.18111908736325,59.526401331383354,59.765289306640625,39480900
2012-04-02 00:00:00-04:00,59.70338387952456,60.46426841600256,59.59721064761336,60.3846435546875,40031600
2012-04-03 00:00:00-04:00,60.437745488595944,60.650092018095854,60.030758098960945,60.36697006225586,45539900
2012-04-04 00:00:00-04:00,59.915716933724866,59.95110800709498,59.199066260911906,59.54412078857422,54088100
2012-04-05 00:00:00-04:00,59.43794113566537,59.96879367845035,59.393700611201496,59.91571044921875,42979900
2012-04-09 00:00:00-04:00,59.17251389549732,59.70337321002647,59.06634743271675,59.46448516845703,36908200
2012-04-10 00:00:00-04:00,59.43793862361906,59.66797719082766,58.323143605776146,58.508941650390625,69254200
2012-04-11 00:00:00-04:00,59.02209940911544,59.181355833213175,58.64165388211284,58.79206085205078,62950000
2012-04-12 00:00:00-04:00,58.90709098838932,59.52641785513123,58.818616686019986,59.46448516845703,57407400
2012-04-13 00:00:00-04:00,59.260985328059554,59.455626061613,58.53548536615248,58.56202697753906,55227500
2012-04-16 00:00:00-04:00,58.85399967509892,58.88939074527714,57.7215124300215,57.907310485839844,57588000
2012-04-17 00:00:00-04:00,58.15504375442705,59.26983200839193,58.06656271032792,59.08403396606445,47362400
2012-04-18 00:00:00-04:00,58.91592535951392,59.278678723118155,58.75667568786988,58.933624267578125,42536100
2012-04-19 00:00:00-04:00,58.72130455836367,59.42910586765788,58.05773703393652,58.270076751708984,81110900
2012-04-20 00:00:00-04:00,58.588570971632464,58.845151142396645,58.02232740517213,58.110801696777344,59906900
2012-04-23 00:00:00-04:00,57.562253330640374,57.66842653627117,57.057942416667316,57.579952239990234,70514400
2012-04-24 00:00:00-04:00,57.47380738444284,57.71269552740936,57.022579475630096,57.27031707763672,49661500
2012-04-25 00:00:00-04:00,58.455855845691445,58.827451918534244,58.367381554560644,58.79206085205078,57526900
2012-04-26 00:00:00-04:00,58.78321452113056,59.26982646740394,58.703582938917094,59.13711166381836,41799500
2012-04-27 00:00:00-04:00,59.38485375160139,59.676818242104375,59.075183602332785,59.49102020263672,46003800
2012-04-30 00:00:00-04:00,59.31407595223851,59.42909186598427,59.022104690241974,59.06634521484375,37787700
2012-05-01 00:00:00-04:00,59.004409341743475,59.836075808029555,58.91592829732166,59.163665771484375,37643800
2012-05-02 00:00:00-04:00,58.87170520157406,59.376016195517074,58.73014090495144,59.3317756652832,38299300
2012-05-03 00:00:00-04:00,59.3671693185507,59.411409850706534,58.55319482808037,58.7036018371582,51297600
2012-05-04 00:00:00-04:00,58.16387597926361,58.70357785028112,57.234885935003355,57.24372863769531,107554000
2012-05-07 00:00:00-04:00,56.898677197219854,57.57109389540392,56.88098504075807,57.29682159423828,50267800
2012-05-08 00:00:00-04:00,56.93407331681843,57.27912777478688,56.16433618942128,57.08448028564453,72659700
2012-05-09 00:00:00-04:00,56.42092395437171,57.226052256406675,56.19088536803126,56.90753936767578,85715300
2012-05-10 00:00:00-04:00,57.16411854388534,57.1818107039833,56.58017938338381,56.79252243041992,49448900
2012-05-11 00:00:00-04:00,56.59786287148699,57.38529545628936,56.54477627725809,56.783660888671875,47099900
2012-05-14 00:00:00-04:00,56.29705239291478,56.6951934600654,56.164337578838605,56.25281524658203,46360000
2012-05-15 00:00:00-04:00,56.40322116786805,56.86329153124724,55.96968904170038,56.067012786865234,66908600
2012-05-16 00:00:00-04:00,56.26166225088252,56.42976475974213,55.5715533065265,55.68656921386719,52825900
2012-05-17 00:00:00-04:00,55.70426949616995,55.79274717291035,54.50100009312667,54.509849548339844,62253900
2012-05-18 00:00:00-04:00,54.677947081887886,54.81950797667611,53.757799578225494,53.802040100097656,79496500
2012-05-21 00:00:00-04:00,53.908197295494226,55.35919697084049,53.83741517714701,55.30611038208008,61473000
2012-05-22 00:00:00-04:00,55.4653793233318,55.695417884933484,54.84605252304558,55.24419021606445,62954800
2012-05-23 00:00:00-04:00,54.77528296815057,55.483087598942014,54.29751357671183,55.35037612915039,56951100
2012-05-24 00:00:00-04:00,55.42999189461526,55.483075120561786,54.58062315361347,54.987613677978516,83131200
2012-05-25 00:00:00-04:00,55.040697331823615,55.13802108025279,54.757575540981286,54.916831970214844,32078900
2012-05-29 00:00:00-04:00,55.43001228497112,55.87239066434015,55.102649854181024,55.61581039428711,44216700
2012-05-30 00:00:00-04:00,55.1114824046099,55.34151760627633,54.5717804073378,55.146873474121094,56431800
2012-05-31 00:00:00-04:00,55.076092021609405,55.217652926340534,54.49215286770872,54.907989501953125,55260100
2012-06-01 00:00:00-04:00,53.917062896450105,54.2532713301882,53.43044746937663,53.448143005371094,71430800
2012-06-04 00:00:00-04:00,53.59856000536863,53.93476510562596,53.120790599640266,53.85513687133789,74119500
2012-06-05 00:00:00-04:00,53.66933343575016,54.18249386671821,53.64279181865819,54.07632064819336,47916900
2012-06-06 00:00:00-04:00,54.48331713131557,55.359224340916846,54.43023051630868,55.31498718261719,58781800
2012-06-07 00:00:00-04:00,55.8989125636415,55.8989125636415,55.04954718496301,55.09378433227539,38414800
2012-06-08 00:00:00-04:00,55.00530740776202,55.6954197404809,54.819509361486105,55.624637603759766,39730800
2012-06-11 00:00:00-04:00,56.049336120200216,56.075881116502664,54.65142227614159,54.68681335449219,51008900
2012-06-12 00:00:00-04:00,54.94338551325144,55.37691774809297,54.57178934774045,55.35037612915039,48802600
2012-06-13 00:00:00-04:00,55.19112172246142,55.60695506006886,54.784131091392815,54.969932556152344,50840100
2012-06-14 00:00:00-04:00,54.96106929165334,55.394601433738046,54.67794749991238,55.17341232299805,65170600
2012-06-15 00:00:00-04:00,55.32680707137776,55.938694109812275,55.30020446373595,55.858882904052734,41536100
2012-06-18 00:00:00-04:00,55.62833329198328,56.523993038035314,55.539655649903075,56.38210678100586,32191200
2012-06-19 00:00:00-04:00,56.66589418175275,57.206836735924476,56.6215519662283,56.96739959716797,36476500
2012-06-20 00:00:00-04:00,57.09153422692761,57.26002648150236,56.586067611708884,57.01172637939453,51389700
2012-06-21 00:00:00-04:00,56.96737320500382,57.02944821857626,55.53077471787286,55.59284973144531,42492700
2012-06-22 00:00:00-04:00,55.779074621938555,56.249072090027234,55.62831861078686,56.17812728881836,29504200
2012-06-25 00:00:00-04:00,55.717013707073676,55.73474652902746,54.93663761053532,55.09626007080078,33136400
2012-06-26 00:00:00-04:00,55.28248569245598,55.601730616137765,55.03418558863023,55.442108154296875,30611100
2012-06-27 00:00:00-04:00,55.654945055454824,56.0273986556454,55.59287001922902,55.77909851074219,35705800
2012-06-28 00:00:00-04:00,55.36231324114327,55.39778566152661,54.573070493213024,55.15835189819336,49793400
2012-06-29 00:00:00-04:00,56.22247266561314,56.89643478393555,56.05398044461529,56.89643478393555,44761300
2012-07-02 00:00:00-04:00,56.97625613211859,57.09153639370947,56.6392749930149,57.06493377685547,33425600
2012-07-03 00:00:00-04:00,57.10039780038482,57.543792724609375,57.01172016867383,57.543792724609375,15895100
2012-07-05 00:00:00-04:00,57.49060700616806,57.8630572451341,57.18023180702969,57.57928466796875,37016200
2012-07-06 00:00:00-04:00,57.313239046107604,57.36645105027487,56.44418857753993,56.86098098754883,40684100
2012-07-09 00:00:00-04:00,56.79889313302283,56.98511819139412,56.47077844979549,56.75455093383789,35628300
2012-07-10 00:00:00-04:00,57.064926929412486,57.2068165565021,55.97417579242288,56.19587326049805,47365700
2012-07-11 00:00:00-04:00,56.12493937994048,56.275692054750685,55.42437447469978,55.88550567626953,43432000
2012-07-12 00:00:00-04:00,55.44211974980993,55.59287244928059,54.85683839492897,55.362308502197266,57680400
2012-07-13 00:00:00-04:00,55.51305157407419,56.32890011738229,55.477582545714526,56.204750061035156,32357200
2012-07-16 00:00:00-04:00,56.08061173135655,56.32891189597132,55.823441770670655,56.04513931274414,27621400
2012-07-17 00:00:00-04:00,56.39983976619287,56.52399320143334,55.539655810455606,56.337764739990234,42467800
2012-07-18 00:00:00-04:00,56.23134159663383,57.268887431190876,56.21360539453157,57.10039520263672,44489700
2012-07-19 00:00:00-04:00,57.499466555251374,57.916258982720315,57.39305607380161,57.73003387451172,53017800
2012-07-20 00:00:00-04:00,57.712306870811084,57.73003969761755,56.94079697412218,56.96739959716797,40573100
2012-07-23 00:00:00-04:00,55.85889920442599,56.47078303858225,55.43323706093845,56.27568817138672,48657800
2012-07-24 00:00:00-04:00,56.37323687509741,56.453048105945115,55.4687107197685,55.83229446411133,57269700
2012-07-25 00:00:00-04:00,55.397775278660895,55.82343409497377,55.11400273445231,55.4598503112793,46264400
2012-07-26 00:00:00-04:00,56.2579482809323,56.51511815577986,55.841159341278725,56.19587326049805,41928200
2012-07-27 00:00:00-04:00,56.60381098428801,57.63248393266274,56.43531870837709,57.52607345581055,42621000
2012-07-30 00:00:00-04:00,57.66794886139045,57.916248962710526,57.28662891560023,57.48172378540039,37821300
2012-07-31 00:00:00-04:00,57.57040736121635,57.80097466435491,57.41078488453134,57.46399688720703,34588300
2012-08-01 00:00:00-04:00,57.87191270167703,57.88964552337461,57.064930618197096,57.29549789428711,30920200
2012-08-02 00:00:00-04:00,56.86098834591065,57.65909408931872,56.67475983856791,57.091548919677734,40534900
2012-08-03 00:00:00-04:00,58.01379748915913,58.4217200583845,57.809839587381674,58.17341995239258,42117400
2012-08-06 00:00:00-04:00,58.47493839839532,58.87399121692243,58.35078833193482,58.6168212890625,23523600
2012-08-07 00:00:00-04:00,58.86510854199854,59.34397587885518,58.77643090902576,59.10454559326172,28223300
2012-08-08 00:00:00-04:00,58.95380327755884,59.20210339968726,58.856255834483974,59.07795333862305,20723500
2012-08-09 00:00:00-04:00,59.06908115981692,59.3351208603138,58.96266392648404,59.255306243896484,20726200
2012-08-10 00:00:00-04:00,59.04248279846416,59.30851575246508,58.89173011462986,59.2907829284668,20312000
2012-08-13 00:00:00-04:00,59.2730404928623,59.44153275827601,58.97153513967018,59.43266296386719,19890300
2012-08-14 00:00:00-04:00,59.65435858845865,59.778515409265495,59.29077821717974,59.45927047729492,24218700
2012-08-15 00:00:00-04:00,59.41492481834505,59.69869732297004,59.406055024730776,59.61001968383789,29100400
2012-08-16 00:00:00-04:00,59.83171238988281,60.45246257994166,59.76076757797047,60.31944274902344,35699900
2012-08-17 00:00:00-04:00,60.452482749212955,60.594372420377475,60.31059984372033,60.58550262451172,22584800
2012-08-20 00:00:00-04:00,60.54115920450025,60.68304887283745,60.301728846270926,60.67417907714844,26924000
2012-08-21 00:00:00-04:00,60.833802461383684,61.082102618935444,60.195312475866665,60.434749603271484,41391000
2012-08-22 00:00:00-04:00,60.301724434922534,60.79832470643062,60.133232157516034,60.68304443359375,44555700
2012-08-23 00:00:00-04:00,60.40813318459558,60.60322128834927,60.026813239540544,60.18643569946289,28800400
2012-08-24 00:00:00-04:00,60.0445438962704,60.70076653421229,59.94699646507591,60.55888366699219,38384800
2012-08-27 00:00:00-04:00,60.81609381227709,60.89590170935765,60.52345132496591,60.656471252441406,20671400
2012-08-28 00:00:00-04:00,60.603259222046475,60.82495684594745,60.39930119683533,60.656471252441406,27337900
2012-08-29 00:00:00-04:00,60.656471252441406,60.807224012932174,60.39930119683533,60.656471252441406,26672400
2012-08-30 00:00:00-04:00,60.39039558158674,60.41699819816964,59.947000596750314,60.04454803466797,24425400
2012-08-31 00:00:00-04:00,60.47907297517235,60.700770466673234,59.831720088765266,60.443607330322266,42128000
2012-09-04 00:00:00-04:00,60.328321712833976,60.61209423795181,59.78737927969207,60.381526947021484,32017200
2012-09-05 00:00:00-04:00,60.35491515497961,60.6120850239096,60.1598203050555,60.31944274902344,26129300
2012-09-06 00:00:00-04:00,60.69190292780025,61.67624025816391,60.67416334102306,61.65850067138672,43100000
2012-09-07 00:00:00-04:00,61.51659993173102,61.67622233799702,61.39244992304281,61.56980514526367,32958600
2012-09-10 00:00:00-04:00,61.410214027110285,61.54323389438272,60.73625166108899,60.78059387207031,25490000
2012-09-11 00:00:00-04:00,60.78946167706174,61.02889201777563,60.5854969851659,60.68304443359375,29810100
2012-09-12 00:00:00-04:00,60.904716641787296,61.019996866721065,60.487924401818994,60.860374450683594,42203400
2012-09-13 00:00:00-04:00,60.91360524048548,61.95114788224065,60.851530213175444,61.68510818481445,45417800
2012-09-14 00:00:00-04:00,61.90682095478976,62.456633307840136,61.88908812789817,62.23493576049805,38880300
2012-09-17 00:00:00-04:00,62.27039399470081,62.28812681755284,62.039826703600255,62.26152420043945,31798400
2012-09-18 00:00:00-04:00,62.10190768960298,62.3413447979344,62.093037894490735,62.314735412597656,27169800
2012-09-19 00:00:00-04:00,62.30588073722151,62.58965332782016,62.128518639552205,62.430030822753906,36484600
2012-09-20 00:00:00-04:00,62.12851711957274,62.43002929539792,61.960031587999204,62.36795425415039,42520200
2012-09-21 00:00:00-04:00,62.67918848581516,62.732545439627174,62.32345962882,62.385711669921875,23678500
2012-09-24 00:00:00-04:00,61.869916503763235,62.12781980271964,61.73651730982511,62.02109909057617,32341600
2012-09-25 00:00:00-04:00,62.18120403116254,62.32349837641289,61.12291867447627,61.14959716796875,41299600
2012-09-26 00:00:00-04:00,61.06953513030123,61.10510870509632,60.34029380941606,60.651554107666016,32770400
2012-09-27 00:00:00-04:00,60.80275694700966,61.62982408529605,60.69603619901663,61.48752975463867,25339500
2012-09-28 00:00:00-04:00,61.282966578944254,61.46972272741944,60.92723767400672,60.980594635009766,30112600
2012-10-01 00:00:00-04:00,61.27408532824509,61.65649280004487,60.69602657529668,60.89167785644531,37715300
2012-10-02 00:00:00-04:00,61.15846484505617,61.345227806437926,60.58930122598804,61.06953430175781,33254300
2012-10-03 00:00:00-04:00,61.23850856177547,61.576447348453165,60.998388625611405,61.460838317871094,38236000
2012-10-04 00:00:00-04:00,61.558650181073695,61.84323193380909,61.36299895388732,61.674259185791016,26128600
2012-10-05 00:00:00-04:00,61.98552640020464,62.07446372073641,61.18514479513827,61.34522247314453,25207900
2012-10-08 00:00:00-04:00,60.98949277734492,61.11399688256251,60.64265894352952,60.78494644165039,30911500
2012-10-09 00:00:00-04:00,60.62487042555453,60.776053016748826,59.673299432500706,59.81559371948242,67974000
2012-10-10 00:00:00-04:00,59.797807362604985,59.96678014295299,59.40651161832895,59.51322555541992,45134300
2012-10-11 00:00:00-04:00,59.957885094483075,60.00235375827858,59.29089584734341,59.32646942138672,30469400
2012-10-12 00:00:00-04:00,59.31757663863875,59.63773203251465,59.18418421199525,59.2997932434082,24891200
2012-10-15 00:00:00-04:00,59.52211908789173,59.815595977144646,59.16639014197596,59.73555374145508,22220100
2012-10-16 00:00:00-04:00,59.824479692519425,60.65154654471853,59.8066962998222,60.580406188964844,33960600
2012-10-17 00:00:00-04:00,60.26916723729425,60.740512175534384,60.189131755403324,60.54486083984375,33439400
2012-10-18 00:00:00-04:00,60.34918140162277,60.54483264620538,59.619940171337944,59.84226989746094,61707600
2012-10-19 00:00:00-04:00,59.77112596652379,59.824482932469934,58.33932191060415,58.41046905517578,75362600
2012-10-22 00:00:00-04:00,58.38377835932467,58.86401130727903,58.25037918739895,58.71282196044922,38621500
2012-10-23 00:00:00-04:00,58.23262633504336,58.65060067498573,57.97472294339767,58.152584075927734,52591200
2012-10-24 00:00:00-04:00,58.48160705124677,58.57943266348824,57.85907981107702,57.94801712036133,39872400
2012-10-25 00:00:00-04:00,58.348207872284384,58.44603348452586,57.779044374678044,57.94801712036133,52688700
2012-10-26 00:00:00-04:00,57.94802315742002,58.35710903988313,57.49446861568198,58.11698913574219,54213100
2012-10-31 00:00:00-04:00,58.045858102539356,58.15257884343517,57.56563173092487,57.76127624511719,38524500
2012-11-01 00:00:00-04:00,58.125897866463276,58.69506155694543,57.956925063519186,58.57945251464844,26945000
2012-11-02 00:00:00-04:00,58.84623967015295,58.8818132462038,57.90356365218595,57.9569206237793,44083000
2012-11-05 00:00:00-05:00,57.96580501960355,58.45493311885348,57.84130091887896,58.339317321777344,28094700
2012-11-06 00:00:00-05:00,58.43715364632976,58.846239592928896,58.21482388502811,58.446048736572266,29608400
2012-11-07 00:00:00-05:00,57.82351619986203,57.89466334555329,56.82748330004545,57.067596435546875,70737800
2012-11-08 00:00:00-05:00,57.2276762044514,57.361075411238076,56.16938781738281,56.16938781738281,58585800
2012-11-09 00:00:00-05:00,56.20496097569532,57.01424112275631,56.169387401817694,56.40950393676758,51542100
2012-11-12 00:00:00-05:00,56.73855022491667,56.80080228209547,56.24942546459068,56.40060806274414,32663700
2012-11-13 00:00:00-05:00,55.96484259169157,56.54290127441464,55.831443390299285,56.009307861328125,43288300
2012-11-14 00:00:00-05:00,56.284999622409444,56.347251680234635,55.262281428168045,55.35121536254883,82655300
2012-11-15 00:00:00-05:00,55.386800479790246,55.57356009611138,54.95992765709726,55.16447067260742,55124200
2012-11-16 00:00:00-05:00,55.20891986412039,55.56464539458279,54.524143892565164,55.40456771850586,70873100
2012-11-19 00:00:00-05:00,56.009313412704785,56.765236641380206,55.9915266245907,56.720767974853516,55306400
2012-11-20 00:00:00-05:00,56.70298995586802,56.8186024002476,56.196078289912876,56.738563537597656,52012700
2012-11-21 00:00:00-05:00,56.80079613983644,56.93419193687343,56.56067963419108,56.854156494140625,19611700
2012-11-23 00:00:00-05:00,57.174323149994365,57.734591714896936,57.13874957341811,57.7168083190918,16462900
2012-11-26 00:00:00-05:00,57.57451394091836,58.00139007433459,57.39665284322508,57.965816497802734,26430900
2012-11-27 00:00:00-05:00,57.95693981060121,58.16148624436786,57.67235789294857,57.77018356323242,25828600
2012-11-28 00:00:00-05:00,57.494470092251944,58.31264187819041,57.1387411638111,58.26817321777344,37295800
2012-11-29 00:00:00-05:00,58.57943573927259,58.81954884604104,58.32153245572755,58.61500930786133,41136100
2012-11-30 00:00:00-05:00,58.623918243026,58.668386915653066,58.34823147064531,58.51720428466797,33497400
2012-12-03 00:00:00-05:00,58.97074061202168,59.02410436570159,58.374898511492404,58.40157699584961,28240000
2012-12-04 00:00:00-05:00,58.42826464149167,58.49051670974116,57.98360507257631,58.36601257324219,49584500
2012-12-05 00:00:00-05:00,58.27707688399437,58.285971974379926,57.40554800525703,57.7168083190918,54076200
2012-12-06 00:00:00-05:00,57.538944107194425,58.232618717238864,57.38776148582437,58.09032440185547,47512300
2012-12-07 00:00:00-05:00,58.37491561552693,58.437167692255635,57.54784843329274,57.743499755859375,30089400
2012-12-10 00:00:00-05:00,57.58340603537569,58.21482171979166,57.58340603537569,57.91245651245117,33219600
2012-12-11 00:00:00-05:00,58.31264416551577,58.997416782028644,58.268175503354506,58.668373107910156,40750800
2012-12-12 00:00:00-05:00,58.97964878341637,58.97964878341637,58.38380655072995,58.54388427734375,45917700
2012-12-13 00:00:00-05:00,58.42825476074139,58.83734746573279,57.83241266754911,58.0814208984375,45467700
2012-12-14 00:00:00-05:00,57.690129887319756,57.876886075796776,57.334400906187625,57.530052185058594,39630300
2012-12-17 00:00:00-05:00,57.583410490504285,58.31265186547187,57.50337503000393,58.29486846923828,42302900
2012-12-18 00:00:00-05:00,58.58831345491545,59.27309265281114,58.42823581767675,59.18416213989258,55596000
2012-12-19 00:00:00-05:00,59.35315031123131,59.37094049145673,58.89070739985671,58.9262809753418,34832500
2012-12-20 00:00:00-05:00,59.03299491683129,59.05968018716943,58.63280406631416,58.9262809753418,40754300
2012-12-21 00:00:00-05:00,58.02036323989617,58.37807339418851,57.76996817871764,58.3065299987793,51152900
2012-12-24 00:00:00-05:00,58.15452065131289,58.25289114010927,58.05615016251652,58.19029235839844,11418300
2012-12-26 00:00:00-05:00,58.23500077181059,58.288654913758506,57.49275330200975,57.68054962158203,21751300
2012-12-27 00:00:00-05:00,57.73420930281891,57.80575271411672,56.87570883551086,57.591129302978516,52933200
2012-12-28 00:00:00-05:00,57.152934652316645,57.61795659336966,57.009851240560145,57.036678314208984,33082100
2012-12-31 00:00:00-05:00,56.97407745419838,58.35125737417385,56.85782453171366,58.24394226074219,57544000
2013-01-02 00:00:00-05:00,59.67477918088407,60.12191522298561,59.4512111598333,60.0950813293457,70695900
2013-01-03 00:00:00-05:00,60.09507543824137,60.22027297193636,59.60322993379789,59.782081604003906,47366500
2013-01-04 00:00:00-05:00,59.80891807088799,59.80891807088799,59.44227004252286,59.585350036621094,33972500
2013-01-07 00:00:00-05:00,59.43333087654365,59.70161527143858,59.245534529219434,59.60324478149414,26766200
2013-01-08 00:00:00-05:00,59.59431083878044,59.755280140040476,59.174001728670525,59.486995697021484,28734900
2013-01-09 00:00:00-05:00,59.576416842828955,59.87152148562831,59.51381806129509,59.71055221557617,25600300
2013-01-10 00:00:00-05:00,60.12193261701296,60.15769750670431,59.513827150912164,60.06827163696289,37528000
2013-01-11 00:00:00-05:00,60.04142376091262,60.17556593043828,59.91622622208978,60.148738861083984,21158600
2013-01-14 00:00:00-05:00,59.844671879481716,60.05035741151237,59.62110391206935,59.88044357299805,36768500
2013-01-15 00:00:00-05:00,59.585350036621094,59.674782708531815,59.317072489153794,59.585350036621094,31675300
2013-01-16 00:00:00-05:00,59.665854885303276,60.03250301695713,59.55853974243155,59.82682418823242,33822300
2013-01-17 00:00:00-05:00,60.06826354868816,60.345492577140774,59.969893058391364,60.112979888916016,32024200
2013-01-18 00:00:00-05:00,59.93411590870546,60.04143102185467,59.71054787337751,59.97883224487305,31992000
2013-01-22 00:00:00-05:00,60.04142251455263,60.12191054369889,59.67477453639793,60.07719421386719,32123100
2013-01-23 00:00:00-05:00,60.41702439803154,60.62270999497719,60.32759854739411,60.443851470947266,31975700
2013-01-24 00:00:00-05:00,59.61217498779297,60.16661926302434,59.52274232930049,59.61217498779297,42596300
2013-01-25 00:00:00-05:00,59.79998394864726,60.086150777241244,59.683724197097746,59.916236877441406,39240100
2013-01-28 00:00:00-05:00,59.92518314228867,60.25605949585359,59.85363972750226,60.05038070678711,32926100
2013-01-29 00:00:00-05:00,59.97881526592549,60.19343860871284,59.58533345185448,60.059303283691406,35554700
2013-01-30 00:00:00-05:00,60.1666175439135,60.345476033034096,59.79996958103532,59.934104919433594,34445000
2013-01-31 00:00:00-05:00,59.907292274825274,60.22923080999741,59.746323007239205,59.799983978271484,34870500
2013-02-01 00:00:00-05:00,60.22029602826039,60.613778040669295,59.978845498763604,60.5064697265625,53120800
2013-02-04 00:00:00-05:00,60.15768667100364,60.327600568836736,59.433328386987235,59.45121765136719,48483700
2013-02-05 00:00:00-05:00,59.710533500728765,60.51537959872958,59.56745354039159,60.32758331298828,35120300
2013-02-06 00:00:00-05:00,60.130859375,60.40808838982256,59.952007668393094,60.130859375,43593200
2013-02-07 00:00:00-05:00,60.20238408395235,60.2471004080899,59.522735529029845,60.18450164794922,46017900
2013-02-08 00:00:00-05:00,60.48858454650589,60.92677611181756,60.4796399121404,60.801578521728516,39837200
2013-02-11 00:00:00-05:00,60.83733281927242,60.86415989193159,60.61376478343928,60.81945037841797,17650400
2013-02-12 00:00:00-05:00,60.73895688771949,60.85521662248421,60.50645106369884,60.56904983520508,22057900
2013-02-13 00:00:00-05:00,60.7479044444839,61.01618880543434,60.604817632575745,60.78367614746094,23494700
2013-02-14 00:00:00-05:00,60.506444720803806,60.85521024302806,60.47067302329957,60.765777587890625,24478800
2013-02-15 00:00:00-05:00,60.75685466446216,60.908879299032094,60.41702686629956,60.58694076538086,25333600
2013-02-19 00:00:00-05:00,60.70317751892823,61.04300522654154,60.68529508193709,61.025115966796875,23436500
2013-02-20 00:00:00-05:00,61.00725426784894,61.03408134383167,60.07721030483128,60.08615493774414,38200300
2013-02-21 00:00:00-05:00,59.86259272251165,59.925191513505574,59.22766017878571,59.442283630371094,45855600
2013-02-22 00:00:00-05:00,59.782091685540955,60.05037605884682,59.54957901685954,60.04143142700195,21968000
2013-02-25 00:00:00-05:00,60.42596768857902,60.640591089895636,59.24552874720528,59.2991828918457,40927600
2013-02-26 00:00:00-05:00,59.3796746668961,59.63006978797598,58.98619272076753,59.52275466918945,42088800
2013-02-27 00:00:00-05:00,59.52275402067914,60.49751424312602,59.44227279953261,60.130859375,36339500
2013-02-28 00:00:00-05:00,60.13978408415029,60.57797539610263,59.996697308062096,60.00564193725586,28557300
2013-03-01 00:00:00-05:00,59.799976262841824,60.36336521532659,59.504864839883595,60.25605010986328,31617200
2013-03-04 00:00:00-05:00,60.05931926498564,60.53328240018723,59.978831225802516,60.52433776855469,19380500
2013-03-05 00:00:00-05:00,60.882055273171105,61.499098474599705,60.882055273171105,61.418617248535156,35581900
2013-03-06 00:00:00-05:00,61.60642260459702,61.62431187261915,61.186113501913766,61.2666015625,29071100
2013-03-07 00:00:00-05:00,61.338141458317715,61.52594466884604,61.2129438664702,61.427574157714844,21775900
2013-03-08 00:00:00-05:00,61.633238110698784,61.72266396574747,61.257645425841055,61.49909591674805,26159900
2013-03-11 00:00:00-04:00,61.418600672289095,61.695822806477395,61.23080437273374,61.677940368652344,23187900
2013-03-12 00:00:00-04:00,61.4990895469162,61.64217635837806,61.159268603826334,61.45438003540039,27575400
2013-03-13 00:00:00-04:00,61.53489741619344,61.606440863973184,61.159304549487814,61.37392807006836,34297300
2013-03-14 00:00:00-04:00,61.58853829218716,61.71373587351982,61.44545144337471,61.579593658447266,31530800
2013-03-15 00:00:00-04:00,61.623502546231,61.65935704106519,61.25599910308975,61.408382415771484,30752600
2013-03-18 00:00:00-04:00,60.8436900735264,61.524911881173075,60.709244249721415,61.2739372253418,36163000
2013-03-19 00:00:00-04:00,61.462166459302885,61.57868844944999,60.61064435300924,61.157413482666016,33125100
2013-03-20 00:00:00-04:00,61.587669372558594,61.72212206509686,61.3008401531327,61.587669372558594,28035400
2013-03-21 00:00:00-04:00,61.02295285456946,61.175329322987544,60.7450822396681,60.88850021362305,30050800
2013-03-22 00:00:00-04:00,61.13949499638804,61.52492238034361,61.06778598575732,61.4801025390625,28837200
2013-03-25 00:00:00-04:00,61.67730149931719,61.81175419028136,60.96023187842151,61.256019592285156,24909800
2013-03-26 00:00:00-04:00,61.489071187267065,61.60560004545597,61.3546184947288,61.587669372558594,19725200
2013-03-27 00:00:00-04:00,61.16636363476653,61.713132689840066,61.076730820837916,61.66831970214844,22539500
2013-03-28 00:00:00-04:00,61.66831750761585,61.90136144782807,61.52489953959746,61.82069396972656,23662800
2013-04-01 00:00:00-04:00,61.865504951673024,61.92824860101219,61.22910312593432,61.399410247802734,28112800
2013-04-02 00:00:00-04:00,61.69521476093628,62.089600547637126,61.64142959660062,61.883445739746094,29431900
2013-04-03 00:00:00-04:00,61.91930742103308,62.0089402539314,61.16637657988428,61.31875991821289,35131200
2013-04-04 00:00:00-04:00,61.29183484861726,61.48903109060974,61.00500581623099,61.33665466308594,32287400
2013-04-05 00:00:00-04:00,60.36863119093954,60.91540034768587,60.22522002969524,60.825767517089844,55610800
2013-04-08 00:00:00-04:00,60.85265445923945,61.16637277413753,60.67338880459666,61.1484489440918,17891600
2013-04-09 00:00:00-04:00,61.30978966534229,61.811738960146,61.031919015536296,61.56076431274414,30931400
2013-04-10 00:00:00-04:00,61.77589638766903,62.89632402168166,61.740041882754916,62.761871337890625,55271300
2013-04-11 00:00:00-04:00,62.609471347802874,62.878376614568815,62.53776236485928,62.73495864868164,37233600
2013-04-12 00:00:00-04:00,62.58258773065925,62.73496420399888,62.215091127984515,62.69015121459961,32783700
2013-04-15 00:00:00-04:00,62.45711060687609,62.55570877360201,61.38150294619833,61.45320510864258,48795800
2013-04-16 00:00:00-04:00,61.80275077089711,62.34056120335339,61.677263493602304,62.26885223388672,27682600
2013-04-17 00:00:00-04:00,61.73107611460149,61.74899994567365,60.69131611020039,61.04985427856445,60204800
2013-04-18 00:00:00-04:00,61.211188397194896,61.24704289336679,59.947343051682715,60.20728302001953,56798200
2013-04-19 00:00:00-04:00,60.32380970825273,61.15740790875943,60.23417005172105,61.03191375732422,43062800
2013-04-22 00:00:00-04:00,61.24703116497752,61.883432963433776,61.02294573572343,61.65934753417969,34412100
2013-04-23 00:00:00-04:00,62.00891012694091,62.475004734688454,61.68622661444512,62.250919342041016,53078300
2013-04-24 00:00:00-04:00,62.09854988353183,62.4481225881992,61.955138772189855,62.224037170410156,44500700
2013-04-25 00:00:00-04:00,62.38539886393833,62.78875684787425,62.37643352957181,62.55570602416992,26437100
2013-04-26 00:00:00-04:00,62.403313626793725,62.5377594152906,62.089588550848504,62.35849380493164,24079800
2013-04-29 00:00:00-04:00,62.55570128620223,63.17417937826593,62.528812123685704,62.93216323852539,31664000
2013-04-30 00:00:00-04:00,63.01283175305159,63.398259003514916,62.77978096849242,63.3892936706543,30135800
2013-05-01 00:00:00-04:00,63.40720882233131,63.50580695467191,62.968003311887784,63.09349060058594,28537200
2013-05-02 00:00:00-04:00,63.20101751587586,64.02564974716904,63.14723239571995,63.891197204589844,31744200
2013-05-03 00:00:00-04:00,64.50970480454704,64.84134681349596,64.4559264979161,64.64415740966797,34061700
2013-05-06 00:00:00-04:00,64.76069659005061,64.99374737838538,64.70691826910621,64.89514923095703,19244300
2013-05-07 00:00:00-04:00,65.00270220393257,65.04752202788676,64.61727496897952,64.85929107666016,25838100
2013-05-08 00:00:00-04:00,64.82344661161169,65.22679773540675,64.71588312061151,65.17301940917969,24252100
2013-05-09 00:00:00-04:00,65.04753478374113,65.52259492121709,64.9579019568007,65.08338928222656,29337200
2013-05-10 00:00:00-04:00,65.21781281652281,65.50464183776603,65.1012840388487,65.47775268554688,20663700
2013-05-13 00:00:00-04:00,65.3701721602344,65.71974472484463,65.30742854193363,65.55840301513672,29730100
2013-05-14 00:00:00-04:00,65.57634831046906,66.09622119021601,65.54945232072879,65.8990249633789,36009800
2013-05-15 00:00:00-04:00,65.77356832061736,66.09625196230037,65.61222649977586,66.03350830078125,27214400
2013-05-16 00:00:00-04:00,66.08727849594915,66.41892055804614,65.92593671165653,65.96178436279297,27253400
2013-05-17 00:00:00-04:00,66.30240350415218,66.6250870966271,66.08728338868396,66.59819793701172,31114500
2013-05-20 00:00:00-04:00,66.47272173677193,66.71473105228098,66.23070558271657,66.4996109008789,25132400
2013-05-21 00:00:00-04:00,66.46372482777427,66.81329747218679,66.23067411865158,66.57128143310547,25900000
2013-05-22 00:00:00-04:00,66.65196891732701,67.18080723432062,65.6480637581047,65.98867797851562,59843200
2013-05-23 00:00:00-04:00,65.406093786589,66.06041978659573,65.28060642114802,65.83633422851562,48222100
2013-05-24 00:00:00-04:00,65.39710286555353,65.81838464410278,65.21783722463915,65.80046081542969,26430300
2013-05-28 00:00:00-04:00,66.57129739858155,66.81331349570443,66.02453523375345,66.2306900024414,27057100
2013-05-29 00:00:00-04:00,65.97075524848749,66.15002771198473,65.54051501318459,65.91697692871094,32090300
2013-05-30 00:00:00-04:00,65.94387216067051,66.58027407795842,65.92594833194298,66.26655578613281,32390500
2013-05-31 00:00:00-04:00,66.01554322553523,66.51749220407733,65.58529635925488,65.6570053100586,38347600
2013-06-03 00:00:00-04:00,65.66600292975797,65.7914902361018,64.92203758604434,65.7735595703125,47613100
2013-06-04 00:00:00-04:00,65.90803600580125,66.1679760452355,65.1640703934771,65.43297576904297,35251900
2013-06-05 00:00:00-04:00,65.2178380809381,65.46881271693182,64.52765099340938,64.58143615722656,48654200
2013-06-06 00:00:00-04:00,64.67106377562814,64.90411456396289,64.06155106359172,64.89514923095703,62524100
2013-06-07 00:00:00-04:00,65.16403852132098,65.85422545637613,65.00269674260433,65.78251647949219,31969800
2013-06-10 00:00:00-04:00,65.90800059464966,66.11416218362304,65.66599135750569,65.80940246582031,25390000
2013-06-11 00:00:00-04:00,65.15508270263672,65.73769935773707,64.93099726958437,65.15508270263672,40278900
2013-06-12 00:00:00-04:00,65.53153776552196,65.55842692052128,64.30354725838198,64.40214538574219,42081900
2013-06-13 00:00:00-04:00,64.31252729558419,65.3612456116271,64.13326166223423,65.21783447265625,28221500
2013-06-14 00:00:00-04:00,65.217860178627,65.28956235710146,64.68901472626992,64.78761291503906,27690700
2013-06-17 00:00:00-04:00,65.29851784716756,65.79150871667268,65.07443233167382,65.41504669189453,32441900
2013-06-18 00:00:00-04:00,65.50466415720082,66.07832239515012,65.48673349058299,65.95283508300781,24853100
2013-06-19 00:00:00-04:00,65.97075833898073,66.04246732773895,65.14612548389805,65.21783447265625,43145100
2013-06-20 00:00:00-04:00,64.46488827763706,64.68001519221923,63.45202469935237,63.667144775390625,60908400
2013-06-21 00:00:00-04:00,63.64377412782197,63.814620026001485,62.79854519179153,63.329063415527344,51558900
2013-06-24 00:00:00-04:00,62.80753907726581,63.18519193316653,62.178117650764605,62.699642181396484,41492300
2013-06-25 00:00:00-04:00,63.30211300037878,63.41000993650178,62.77159457710819,63.158241271972656,28897400
2013-06-26 00:00:00-04:00,63.69773509715514,63.84160679973125,63.47294070701524,63.72471618652344,23742300
2013-06-27 00:00:00-04:00,64.05740321019361,64.39909505087435,63.95849313633129,63.99446105957031,23545000
2013-06-28 00:00:00-04:00,63.79662937104579,64.46202554032773,63.65276456429474,64.08436584472656,28301100
2013-07-01 00:00:00-04:00,64.5160018067547,65.01055229986868,64.4170917081319,64.48003387451172,24942800
2013-07-02 00:00:00-04:00,64.45304007349482,64.90262879977195,64.15630986770884,64.50698852539062,23067900
2013-07-03 00:00:00-04:00,64.27322523924272,65.07349284622673,64.21926991213067,64.76776885986328,18847500
2013-07-05 00:00:00-04:00,65.13639145036156,65.28924991122678,64.6148670848694,65.26227569580078,28795900
2013-07-08 00:00:00-04:00,65.60399155641537,65.63096578460055,65.0824669442349,65.32524871826172,20558500
2013-07-09 00:00:00-04:00,65.63096222527331,65.86475029049947,65.32524517551425,65.72087860107422,26108600
2013-07-10 00:00:00-04:00,65.6579620722925,66.1974742579797,65.62200099608361,66.09856414794922,25598900
2013-07-11 00:00:00-04:00,66.80889152282748,67.46528726132175,66.76392990339967,67.41133880615234,47768900
2013-07-12 00:00:00-04:00,67.45628578276603,67.75301597232301,67.27645304616256,67.70806121826172,31412600
2013-07-15 00:00:00-04:00,67.78002470986227,67.90590906161988,67.59119818222587,67.86095428466797,19783600
2013-07-16 00:00:00-04:00,67.91488383233846,67.9688322937177,67.60017304065836,67.7710189819336,31747100
2013-07-17 00:00:00-04:00,67.97780904416807,68.10369332945783,67.75301469755364,67.94184112548828,24631500
2013-07-18 00:00:00-04:00,67.93287122625203,68.10371030734652,67.66311519899438,67.7710189819336,36278800
2013-07-19 00:00:00-04:00,67.18656149760207,67.20454203383304,66.87185066219742,67.06966400146484,37732400
2013-07-22 00:00:00-04:00,67.32142663219582,67.4203367129707,67.06066431562392,67.26747131347656,21135900
2013-07-23 00:00:00-04:00,67.39335417093207,67.40234786722151,66.71897101301009,66.7729263305664,24739500
2013-07-24 00:00:00-04:00,67.42932648863878,67.45630071908407,66.8358728383002,66.98873138427734,24426900
2013-07-25 00:00:00-04:00,67.30343503563358,67.49226148890645,66.95275635667254,67.41133880615234,23162200
2013-07-26 00:00:00-04:00,67.14159053839263,67.78000581870964,67.03369361563418,67.7710189819336,20885600
2013-07-29 00:00:00-04:00,67.63617078882402,67.92390747667646,67.46532477222345,67.6451644897461,20958400
2013-07-30 00:00:00-04:00,67.88792350429614,68.29255076786478,67.75304546304588,68.00481414794922,24104600
2013-07-31 00:00:00-04:00,68.1396775957982,68.52632423914412,68.00479958343462,68.13068389892578,25007600
2013-08-01 00:00:00-04:00,68.59827227097567,68.92197681403837,68.52633640358799,68.82306671142578,16880000
2013-08-02 00:00:00-04:00,68.83202582613659,69.22765917762423,68.67916046969748,69.20967864990234,18105300
2013-08-05 00:00:00-04:00,69.17371600069792,69.30859397950537,69.03883802189047,69.254638671875,15462800
2013-08-06 00:00:00-04:00,69.16476141181934,69.22770358949313,68.56231387405838,68.84105682373047,23675400
2013-08-07 00:00:00-04:00,68.64321307303358,68.850026934638,68.22060537354719,68.71514892578125,20281200
2013-08-08 00:00:00-04:00,69.09277715440764,69.21866828178682,68.60722747244789,69.05681610107422,19994000
2013-08-09 00:00:00-04:00,68.93992072803152,69.18270243644726,68.5802484423427,68.77806854248047,18558500
2013-08-12 00:00:00-04:00,68.51731927569276,69.06581807164697,68.50833244047877,68.93993377685547,20515900
2013-08-13 00:00:00-04:00,69.02985364092854,69.47944239082697,68.53531013214818,69.32658386230469,23917000
2013-08-14 00:00:00-04:00,69.29962981367693,69.39853991626973,68.96693157221189,69.06584167480469,29921000
2013-08-15 00:00:00-04:00,68.29255282718844,68.32852076328524,67.69909903204703,67.89691925048828,39406600
2013-08-16 00:00:00-04:00,67.9058722518427,68.22058982082022,67.7530137447375,67.86991119384766,23825000
2013-08-19 00:00:00-04:00,67.8788978941105,68.4543708633989,67.73503308187786,67.75301361083984,29586900
2013-08-20 00:00:00-04:00,67.87892819770609,68.36448501859677,67.82497972655666,68.04977416992188,18842800
2013-08-21 00:00:00-04:00,67.83397403063248,68.41843410045334,67.56421795211357,67.81598663330078,30705100
2013-08-22 00:00:00-04:00,68.11268773458684,68.52630851344996,68.0767198155319,68.48135375976562,17269500
2013-08-23 00:00:00-04:00,68.96690800285657,69.02985015025233,68.69715888266602,68.93993377685547,20697300
2013-08-26 00:00:00-04:00,68.99387850130802,69.48842190918836,68.83202630995955,68.97589111328125,27525500
2013-08-27 00:00:00-04:00,68.1576926234997,68.49937778119754,67.40237956413678,67.5642318725586,40068900
2013-08-28 00:00:00-04:00,67.48325864051709,68.1126800020755,67.48325864051709,67.82494354248047,20490400
2013-08-29 00:00:00-04:00,67.80696264968624,68.64319094260257,67.70805259909173,68.30150604248047,27287900
2013-08-30 00:00:00-04:00,68.37348539116184,68.37348539116184,67.61817242043354,67.86095428466797,26228500
2013-09-03 00:00:00-04:00,68.41842821017899,68.7331458947504,67.92388458904661,68.24758911132812,27241500
2013-09-04 00:00:00-04:00,68.4813477054009,69.09278169474129,68.27453390416399,68.97589111328125,27142900
2013-09-05 00:00:00-04:00,69.02086733888046,69.2906164747971,68.99389311130679,69.0927963256836,17809700
2013-09-06 00:00:00-04:00,69.32659512562248,69.54239583978395,68.38246271355285,69.17373657226562,27715100
2013-09-09 00:00:00-04:00,69.47046312327764,70.09988469763276,69.44348889297395,69.98299407958984,25161900
2013-09-10 00:00:00-04:00,70.38761866879518,70.42358659460571,70.0639141966809,70.32467651367188,27619400
2013-09-11 00:00:00-04:00,69.85711274231463,70.2347657030248,69.76718949056188,70.18980407714844,28132900
2013-09-12 00:00:00-04:00,70.20781675553967,70.36067536227887,70.00100280628166,70.1448745727539,18332700
2013-09-13 00:00:00-04:00,70.21677830860189,70.26173993447826,69.81215111643826,70.18980407714844,16932500
2013-09-16 00:00:00-04:00,70.783271278652,70.783271278652,69.83913192774408,70.00098419189453,25704300
2013-09-17 00:00:00-04:00,70.15381119871319,70.55844510715221,70.11785014301854,70.4685287475586,27174300
2013-09-18 00:00:00-04:00,70.5764185404732,71.45761524033882,70.43255375162077,71.3137435913086,31714700
2013-09-19 00:00:00-04:00,71.53852942556072,71.65542684159821,71.35869674574812,71.48458099365234,26435700
2013-09-20 00:00:00-04:00,71.6541510759518,71.73532361361077,71.20321241120503,71.23928833007812,26328900
2013-09-23 00:00:00-04:00,71.53692692255798,71.618099479986,70.76131167983517,71.09500885009766,30319400
2013-09-24 00:00:00-04:00,71.24832638206435,71.47379576934937,70.86051876070294,71.09500885009766,21871300
2013-09-25 00:00:00-04:00,71.14910739886983,71.24831446314155,70.70718940033669,70.85148620605469,22746400
2013-09-26 00:00:00-04:00,71.14008133543939,71.5729854815163,71.11302611645544,71.40162658691406,22421700
2013-09-27 00:00:00-04:00,70.9867859120315,71.4377247173785,70.87855812166738,71.31146240234375,25151600
2013-09-30 00:00:00-04:00,70.57193333003835,71.32950733074243,70.34646389447913,71.1401138305664,28031900
2013-10-01 00:00:00-04:00,71.14910359220896,71.89766344410803,71.11302767251499,71.86158752441406,33129700
2013-10-02 00:00:00-04:00,71.37457430740255,71.93374075228505,71.30242246662192,71.83453369140625,25503800
2013-10-03 00:00:00-04:00,71.74434074243084,71.89765822942661,70.61699413667785,70.99578094482422,42998200
2013-10-04 00:00:00-04:00,70.99578532819895,71.70826925271787,70.93265418961009,71.60906219482422,22852700
2013-10-07 00:00:00-04:00,70.97777141779724,71.56399329218173,70.9507161880347,71.01384735107422,20227100
2013-10-08 00:00:00-04:00,71.01380993303002,71.07694106280496,69.61590437921974,69.64295959472656,43660700
2013-10-09 00:00:00-04:00,69.80531580719752,69.84139173078816,68.85834173508502,69.42652893066406,64526700
2013-10-10 00:00:00-04:00,70.17507132703477,71.0589141188529,70.15703680836731,70.89657592773438,48062700
2013-10-11 00:00:00-04:00,70.71620276766613,71.5098523187599,70.70718206800092,71.45574188232422,25214100
2013-10-14 00:00:00-04:00,71.01381106955239,71.96078491210938,70.95970063767274,71.96078491210938,31471900
2013-10-15 00:00:00-04:00,71.90671332548834,72.24942438049324,71.59105062025806,71.68124389648438,38684000
2013-10-16 00:00:00-04:00,72.01491830970441,72.52898821883066,71.96080786056882,72.49291229248047,46735900
2013-10-17 00:00:00-04:00,72.16822147901023,72.93482272008066,72.10509034065151,72.90776062011719,32193500
2013-10-18 00:00:00-04:00,73.57515595414694,74.11628098865148,73.3677211358515,74.08922576904297,39628200
2013-10-21 00:00:00-04:00,74.26057021491604,74.44094979521074,74.01706638248997,74.25155639648438,31176900
2013-10-22 00:00:00-04:00,74.54016659118616,74.76563593545424,73.89081377876953,74.35978698730469,43944800
2013-10-23 00:00:00-04:00,73.99908306344695,74.13435924129128,73.54814412188001,73.90888977050781,38021300
2013-10-24 00:00:00-04:00,73.95395593989768,74.38686017294243,73.84572816144166,74.23353576660156,23155100
2013-10-25 00:00:00-04:00,74.92800140916103,75.10837419791218,74.40491068868951,74.76566314697266,35824500
2013-10-28 00:00:00-04:00,74.77470046953927,74.90096282588343,74.4500238730022,74.7837142944336,28618400
2013-10-29 00:00:00-04:00,75.03621256820344,75.090329902413,74.58527377420995,74.90995025634766,36878100
2013-10-30 00:00:00-04:00,75.17147402162243,75.29773629726324,74.47703150559798,74.83778381347656,33535500
2013-10-31 00:00:00-04:00,74.64838621183212,75.12638699346023,74.38684783198377,74.66642761230469,31309900
2013-11-01 00:00:00-04:00,74.91896885266846,75.00915523277578,74.31471253709168,74.68447875976562,30867800
2013-11-04 00:00:00-05:00,74.90992803698433,74.91894873680691,74.53114121377061,74.79268646240234,16834000
2013-11-05 00:00:00-05:00,74.50408945028092,75.05423519174776,74.28764080994618,74.87385559082031,27975600
2013-11-06 00:00:00-05:00,75.18950913377255,75.21656435046482,74.61230824174604,74.8558120727539,25576800
2013-11-07 00:00:00-05:00,74.8648689002972,74.97308981929169,73.38579004060625,73.44892120361328,52173200
2013-11-08 00:00:00-05:00,73.71945149483835,74.45899063489466,73.51202356085928,74.44095611572266,31470500
2013-11-11 00:00:00-05:00,74.33275192019872,74.53116609787371,74.08022728707788,74.32373809814453,24822900
2013-11-12 00:00:00-05:00,74.09824520523053,74.54918387308871,74.0621692861085,74.44095611572266,20108500
2013-11-13 00:00:00-05:00,73.95395750863833,75.3518704333695,73.95395750863833,75.34284973144531,31345900
2013-11-14 00:00:00-05:00,75.14442734812879,75.63144198703172,74.98208913516113,75.57733154296875,31101200
2013-11-15 00:00:00-05:00,75.59539446188586,75.7216567993164,75.40600095574003,75.7216567993164,20511300
2013-11-18 00:00:00-05:00,75.70359085102783,75.85690835701959,74.83778937623028,74.98208618164062,31679600
2013-11-19 00:00:00-05:00,74.937015232052,75.29776769033515,74.63940081869067,74.76566314697266,25545300
2013-11-20 00:00:00-05:00,74.96405222257953,75.24363201569075,74.3688098337612,74.58525848388672,32177400
2013-11-21 00:00:00-05:00,74.90093166807293,75.40598088335565,74.83780051616259,75.34284973144531,28125000
2013-11-22 00:00:00-05:00,75.46910792672651,75.7757429676608,75.41499747968614,75.74868774414062,25361300
2013-11-25 00:00:00-05:00,76.01923297822098,76.10039862661326,75.73965323716682,75.92904663085938,21695100
2013-11-26 00:00:00-05:00,75.94711028409533,76.51529068314765,75.78477204425468,76.32589721679688,26621000
2013-11-27 00:00:00-05:00,76.47921481008525,76.87603623145512,76.41608366026874,76.85800170898438,21638100
2013-11-29 00:00:00-05:00,77.16462301050012,77.41714756478201,77.08345735267154,77.31794738769531,16708900
2013-12-02 00:00:00-05:00,77.4081392357482,77.52538082118647,76.975235054291,77.09248352050781,26354600
2013-12-03 00:00:00-05:00,77.03837173068301,77.23678587473638,76.7317366940762,77.02935791015625,37147000
2013-12-04 00:00:00-05:00,76.70464211415047,77.35398777863209,76.4611314692913,77.1014633178711,37193200
2013-12-05 00:00:00-05:00,77.16462702323655,77.25482026655152,76.81289539279906,77.00228881835938,39829300
2013-12-06 00:00:00-05:00,77.65164877316741,77.72380062213796,77.19168933695398,77.56146240234375,36842900
2013-12-09 00:00:00-05:00,77.87712097167969,78.03945919737536,77.74183797013674,77.87712097167969,22590000
2013-12-10 00:00:00-05:00,77.75087669613326,77.96732542031197,77.6697110048591,77.82302856445312,26965900
2013-12-11 00:00:00-05:00,77.81397067604827,77.92219842680966,76.71367929269563,76.82190704345703,36830600
2013-12-12 00:00:00-05:00,76.84898164510784,77.03837509612913,76.56940181942585,76.6235122680664,33662600
2013-12-13 00:00:00-05:00,76.98425904388479,77.02033496727901,76.39803733009167,76.52429962158203,34072000
2013-12-16 00:00:00-05:00,76.90310740382937,77.39012218088861,76.84899694441636,76.94820404052734,24902500
2013-12-17 00:00:00-05:00,76.9481630549158,77.1375564427637,76.6505419251075,76.79484558105469,24454900
2013-12-18 00:00:00-05:00,76.88504333981487,77.75986546173198,75.8027932826507,77.68771362304688,68387200
2013-12-19 00:00:00-05:00,77.5614769761486,77.57049767915966,77.12857268176164,77.4712905883789,44964100
2013-12-20 00:00:00-05:00,77.61784193193071,78.42306201828164,77.56355960334307,78.26020812988281,40475400
2013-12-23 00:00:00-05:00,78.90258162430386,79.08353424072266,78.66734667427771,79.08353424072266,28181800
2013-12-24 00:00:00-05:00,79.10161339276685,79.17399442775155,78.95685132279745,79.11970520019531,13852500
2013-12-26 00:00:00-05:00,79.26446607502479,79.44541175712284,79.11066155497791,79.382080078125,15241100
2013-12-27 00:00:00-05:00,79.48160339624818,79.52684326872908,79.08352150948498,79.18303680419922,15827400
2013-12-30 00:00:00-05:00,79.06542205810547,79.1739936094604,78.83923650309255,79.06542205810547,18983700
2013-12-31 00:00:00-05:00,79.21019023200284,79.58113098144531,79.18304216509506,79.58113098144531,24890500
2014-01-02 00:00:00-05:00,79.21018175678022,79.23732291814811,78.73066259628531,78.95684814453125,29177500
2014-01-03 00:00:00-05:00,78.95687186454425,79.0292529183599,78.36879478454438,78.38688659667969,35723700
2014-01-06 00:00:00-05:00,78.40497468933614,78.49544754303005,77.80784143021097,78.09735870361328,32073100
2014-01-07 00:00:00-05:00,78.4592534325386,78.93876574755761,78.31449135114029,78.82115173339844,25860600
2014-01-08 00:00:00-05:00,78.83926031314465,79.21020804865982,78.66735703057543,78.9930648803711,27197400
2014-01-09 00:00:00-05:00,79.28253738723194,79.29158673978814,78.45922577309021,78.73064422607422,23674700
2014-01-10 00:00:00-05:00,78.92067710157161,79.07448164224431,78.33259320193548,78.9840087890625,38008900
2014-01-13 00:00:00-05:00,78.87541826641416,79.14684366336031,77.51830508695255,77.8168716430664,48842300
2014-01-14 00:00:00-05:00,78.07925852908093,79.36399086075197,78.07925852908093,79.3006591796875,37178900
2014-01-15 00:00:00-05:00,79.64447900074747,80.10589959591503,79.56305549123175,79.95209503173828,39835600
2014-01-16 00:00:00-05:00,79.88876171370246,80.07875680135493,79.76209832193415,79.96113586425781,31630100
2014-01-17 00:00:00-05:00,79.71685233124984,79.95208728478653,79.31876347182414,79.50875854492188,36895800
2014-01-21 00:00:00-05:00,80.01542223909257,80.1511280806707,79.44543009391674,80.11494445800781,26412700
2014-01-22 00:00:00-05:00,80.32304382324219,80.52208829198152,80.08780882358316,80.32304382324219,29376900
2014-01-23 00:00:00-05:00,80.07873875838743,80.08778121102122,79.49065491331763,80.05159759521484,35011900
2014-01-24 00:00:00-05:00,79.66257322674777,79.78018725696646,78.45021478872208,78.47735595703125,63974600
2014-01-27 00:00:00-05:00,78.4773416347011,78.6130543541159,77.12927760115498,77.71736145019531,63519300
2014-01-28 00:00:00-05:00,77.35546833863421,77.75355716816782,77.18356508903814,77.67212677001953,44378800
2014-01-29 00:00:00-05:00,77.0026519361337,77.57263735356729,76.68599337089282,76.83979797363281,51939300
2014-01-30 00:00:00-05:00,77.78069582032956,78.53163357809282,77.6992654248122,78.26020812988281,65833600
2014-01-31 00:00:00-05:00,77.39167349995157,78.42307938736722,77.31024308639905,78.05213165283203,45187000
2014-02-03 00:00:00-05:00,77.90734979337616,78.26019869191502,76.06167491498472,76.2607192993164,65596900
2014-02-04 00:00:00-05:00,76.64973684039232,77.12924895528246,76.41450200761548,76.82164001464844,37675500
2014-02-05 00:00:00-05:00,76.56834565073639,76.8940534619435,75.76312547931786,76.62263488769531,41721800
2014-02-06 00:00:00-05:00,76.84881581526483,77.69926891273707,76.83071710316591,77.59974670410156,32308600
2014-02-07 00:00:00-05:00,78.03402657406289,79.03829112044434,77.80784098979025,78.9840087890625,38359400
2014-02-10 00:00:00-05:00,78.95686683439662,79.47256973036389,78.90258449881168,79.43638610839844,30205400
2014-02-11 00:00:00-05:00,79.60827191251275,80.49492239106753,79.51779906432616,80.34111785888672,38635500
2014-02-12 00:00:00-05:00,80.5039681784505,80.67586451159524,80.25063455106648,80.49491882324219,32507200
2014-02-13 00:00:00-05:00,79.9068534944524,81.155395599668,79.88876168247992,81.0920639038086,40454500
2014-02-14 00:00:00-05:00,81.06491825300344,81.43586595298503,80.82064084037508,81.25491333007812,33212400
2014-02-18 00:00:00-05:00,81.39060094450997,81.8067814947565,81.19155657208019,81.6529769897461,29546600
2014-02-19 00:00:00-05:00,81.49920215087947,81.68919723845768,80.92920998550768,81.0920639038086,41749900
2014-02-20 00:00:00-05:00,81.14635331992262,81.62586571855421,80.80254676797003,81.47206115722656,41814800
2014-02-21 00:00:00-05:00,81.73441272330982,81.85203363518255,81.26394978372589,81.36347198486328,31192200
2014-02-24 00:00:00-05:00,81.55348331391134,82.16870845166497,81.46301045007874,81.79776763916016,31500400
2014-02-25 00:00:00-05:00,81.91533856272285,82.07819239297214,81.44486887416562,81.70724487304688,26771700
2014-02-26 00:00:00-05:00,81.92443553465982,82.18680478341282,81.30921036307059,81.63491821289062,42953700
2014-02-27 00:00:00-05:00,81.64668452110536,82.24628935276648,81.51949540738066,82.1645278930664,28742400
2014-02-28 00:00:00-05:00,82.14638144933099,82.63697116497126,81.34690576344822,82.07369995117188,48609800
2014-03-03 00:00:00-05:00,81.30148929832495,81.68306375059998,80.73822493819202,81.46501922607422,38885700
2014-03-04 00:00:00-05:00,82.35532297940222,82.65512890243404,82.27355457708089,82.50067901611328,33189000
2014-03-05 00:00:00-05:00,82.63698818312321,82.87319963514082,82.46437132226912,82.72783660888672,27203300
2014-03-06 00:00:00-05:00,82.9185943811113,82.9821889523331,82.3553301592292,82.65513610839844,24063900
2014-03-07 00:00:00-05:00,82.91862459296226,83.00039303220501,81.82842956585908,82.246337890625,31167800
2014-03-10 00:00:00-04:00,82.20087514992716,82.36440501358481,81.79204702513933,82.31897735595703,18131700
2014-03-11 00:00:00-04:00,82.51886781896772,82.72781845925313,81.71938521254964,81.96468353271484,27484300
2014-03-12 00:00:00-04:00,81.59220891049056,82.31901013421253,81.29240981714864,82.2735824584961,27977200
2014-03-13 00:00:00-04:00,82.5824640417042,82.60971787086804,80.73821433453273,81.1106948852539,48542000
2014-03-14 00:00:00-04:00,80.84722998974001,81.20154363293207,80.52017017582592,80.55651092529297,38732300
2014-03-17 00:00:00-04:00,81.07436059750312,81.68305953292831,81.02893985570645,81.26514434814453,28467200
2014-03-18 00:00:00-04:00,81.36509356025931,82.34627324342674,81.33783972427537,82.246337890625,31250200
2014-03-19 00:00:00-04:00,82.27354794750205,82.36440326082416,81.26511496495445,81.80113220214844,40869400
2014-03-20 00:00:00-04:00,81.54678693726001,82.27358121873998,81.38325701095125,82.02828979492188,31634500
2014-03-21 00:00:00-04:00,82.49813330076044,82.54366485152022,80.88641783209738,81.04121398925781,62754000
2014-03-24 00:00:00-04:00,81.3326101373188,81.39635014972723,79.5934144003799,80.33097839355469,77735300
2014-03-25 00:00:00-04:00,80.74980495901154,81.26883251906293,79.92117823399528,80.59500885009766,41723300
2014-03-26 00:00:00-04:00,80.99568019077672,81.17779944162258,79.54786861903231,79.55697631835938,40930400
2014-03-27 00:00:00-04:00,79.4477094911234,79.80283336746156,78.67372173364637,79.11079406738281,64784500
2014-03-28 00:00:00-04:00,79.36575069711732,80.13973835379007,79.04704376748272,79.26558685302734,39895100
2014-03-31 00:00:00-04:00,79.88477840513724,80.36738222844802,79.78461456100045,79.83013916015625,33924300
2014-04-01 00:00:00-04:00,80.2217204061212,81.28709234267549,79.86659642726977,81.23246002197266,38683800
2014-04-02 00:00:00-04:00,81.57847533138822,81.66043075861256,81.07766285421812,81.44189453125,34631600
2014-04-03 00:00:00-04:00,81.52382828460904,81.66041600721503,80.33097653127304,80.79537200927734,30319100
2014-04-04 00:00:00-04:00,81.33261879503475,81.41457421807836,78.43698787841323,78.64642333984375,131213200
2014-04-07 00:00:00-04:00,78.15471748107292,78.8831739052499,77.3534063831942,77.8997573852539,83995800
2014-04-08 00:00:00-04:00,77.9907948332382,78.72835878282694,77.71761939783649,78.61908721923828,51495700
2014-04-09 00:00:00-04:00,78.91048698629103,80.01228265873284,78.70105153582789,79.96675109863281,45685200
2014-04-10 00:00:00-04:00,80.02135803974713,80.02135803974713,77.27142358132005,77.48995971679688,73659600
2014-04-11 00:00:00-04:00,76.79792178755173,77.79956023160831,76.40638105577874,76.58849334716797,93657400
2014-04-14 00:00:00-04:00,77.26233135136799,77.5992467941662,76.47923584972662,77.18948364257812,46500700
2014-04-15 00:00:00-04:00,77.4717665323428,77.89063043585003,75.8327278254538,77.44445037841797,84631500
2014-04-16 00:00:00-04:00,78.118257224868,78.47338104248047,77.4808503351274,78.47338104248047,46970900
2014-04-17 00:00:00-04:00,78.17288482567214,78.8831324182393,77.9725571565608,78.49158477783203,53719500
2014-04-21 00:00:00-04:00,78.67372285079966,79.07437133789062,78.30949126942096,79.07437133789062,25947900
2014-04-22 00:00:00-04:00,79.34755856092389,79.90301024202431,79.2109708292017,79.70268249511719,38593400
2014-04-23 00:00:00-04:00,79.70266589995379,79.72998205118252,78.9559943287656,79.00152587890625,34376700
2014-04-24 00:00:00-04:00,80.30367521009744,80.32188366780967,78.9013877634458,79.75732421875,48926300
2014-04-25 00:00:00-04:00,79.28379433534958,79.37485047964559,78.29127055238762,78.48249053955078,44334000
2014-04-28 00:00:00-04:00,78.85582957841385,79.32022498543265,77.49907415476656,78.73745727539062,58623800
2014-04-29 00:00:00-04:00,78.97421307568705,79.51144926499852,78.59176610085406,79.36576080322266,36742700
2014-04-30 00:00:00-04:00,79.00151250421439,79.65712781126697,78.80118483293299,79.5751724243164,38689400
2014-05-01 00:00:00-04:00,79.70266387552608,80.26722312609034,79.50233617541815,79.81193542480469,37127200
2014-05-02 00:00:00-04:00,80.08510071241447,80.23079610569488,79.47501688411491,79.6662368774414,40074200
2014-05-05 00:00:00-04:00,79.19275341376321,80.10332892603435,79.00153338984306,80.08511352539062,27924400
2014-05-06 00:00:00-04:00,79.9576336189874,80.00316517351926,79.01063425127123,79.04705810546875,33698500
2014-05-07 00:00:00-04:00,79.21095230293551,79.29290770165692,77.88151304919965,78.81940460205078,67489100
2014-05-08 00:00:00-04:00,78.5371313654119,79.70266681210414,78.35501905704346,78.74656677246094,46556900
2014-05-09 00:00:00-04:00,78.70103320469875,79.0925809100809,78.17289779797137,79.03794860839844,35081500
2014-05-12 00:00:00-04:00,79.5114532129449,80.36739641497354,79.43860550487017,80.34008026123047,38951100
2014-05-13 00:00:00-04:00,80.4129075470772,80.68608293301055,80.2399029533155,80.39469909667969,30311900
2014-05-14 00:00:00-04:00,80.14884230656244,80.44933385083431,79.7846177103844,79.97583770751953,26483600
2014-05-15 00:00:00-04:00,79.95763336326934,80.09422107928827,78.83762937562169,79.34754943847656,59680300
2014-05-16 00:00:00-04:00,79.43861313570694,79.91211633653744,78.89226916694449,79.86658477783203,66804100
2014-05-19 00:00:00-04:00,79.62980929633737,80.54949231867671,79.49322855546285,80.42201232910156,32017000
2014-05-20 00:00:00-04:00,80.38562874699446,80.67701271870928,79.80286080356481,80.13066864013672,33716000
2014-05-21 00:00:00-04:00,80.27631569531063,80.94103172350812,80.23078415490798,80.89550018310547,36837700
2014-05-22 00:00:00-04:00,80.98658079075406,81.47829235553895,80.85910078660307,81.25064849853516,30617100
2014-05-23 00:00:00-04:00,81.3326092034624,81.86074469857701,81.15049686928367,81.842529296875,22687300
2014-05-27 00:00:00-04:00,82.20673515085274,82.88055891272289,82.13388746115379,82.86235046386719,29725200
2014-05-28 00:00:00-04:00,82.8350122284912,82.95338448233368,82.54362849453291,82.60736846923828,30468100
2014-05-29 00:00:00-04:00,82.89879225403938,83.14464457607107,82.73488839030506,83.13554382324219,33036100
2014-05-30 00:00:00-04:00,83.15377628169932,83.27214862690384,82.70759611439134,83.14466857910156,29906400
2014-06-02 00:00:00-04:00,83.2447877473496,83.26300314275984,82.53454016338262,83.06267547607422,30409900
2014-06-03 00:00:00-04:00,82.78953927123219,83.16287863516925,82.68027463565343,83.02629089355469,21774500
2014-06-04 00:00:00-04:00,82.81683348317765,83.4724489114727,82.68935347735797,83.33586120605469,20118300
2014-06-05 00:00:00-04:00,83.40869575651419,84.19179106714888,83.12641963772894,84.03699493408203,35583100
2014-06-06 00:00:00-04:00,84.34662645161974,84.51963806152344,84.18272254411661,84.51963806152344,22680600
2014-06-09 00:00:00-04:00,84.53779712614838,84.66528404384508,84.2282048968292,84.45584869384766,23399500
2014-06-10 00:00:00-04:00,84.3830498440304,84.64711763504454,84.28288595960636,84.60159301757812,20626000
2014-06-11 00:00:00-04:00,84.31018333215782,84.70173108025313,84.22823487069454,84.58335876464844,22878200
2014-06-12 00:00:00-04:00,84.40124155415789,84.49229771066923,83.527089946798,83.81847381591797,35275900
2014-06-13 00:00:00-04:00,84.18268809009311,84.27375118254594,83.70008426750286,84.06431579589844,39447100
2014-06-16 00:00:00-04:00,83.91865556082135,84.38304414216287,83.7365362618376,84.13719177246094,25212300
2014-06-17 00:00:00-04:00,84.07345173740191,84.41036028295633,83.93686399997728,84.1827163696289,19977900
2014-06-18 00:00:00-04:00,84.26465648594085,84.77457653609237,83.75473643578933,84.65620422363281,34514000
2014-06-19 00:00:00-04:00,84.78370538172652,84.83833770154277,84.21914593744027,84.60159301757812,38422200
2014-06-20 00:00:00-04:00,84.6371766600525,84.7923957675068,84.48196451840656,84.70108795166016,25897500
2014-06-23 00:00:00-04:00,84.6919402828173,84.74671938515145,84.46368473534967,84.71932983398438,20837900
2014-06-24 00:00:00-04:00,84.71022761587837,85.43151623682634,84.39067112958723,84.6371841430664,31945800
2014-06-25 00:00:00-04:00,84.44541417133779,85.32191457316291,84.43628896549183,85.17583465576172,32818600
2014-06-26 00:00:00-04:00,85.2306363855026,85.23976855957945,84.56413395985875,85.22150421142578,22563900
2014-06-27 00:00:00-04:00,85.11193975059689,85.61409783510989,85.08455019618074,85.59584045410156,22877800
2014-06-30 00:00:00-04:00,85.57759142164365,85.95192697819486,85.52280534165936,85.74193572998047,19751900
2014-07-01 00:00:00-04:00,86.04322271667384,86.91059811256062,86.00670098745474,86.68234252929688,31862500
2014-07-02 00:00:00-04:00,86.73712170617333,86.956245115847,86.65495303972354,86.82842254638672,18777300
2014-07-03 00:00:00-04:00,87.11145039821821,87.376220703125,86.87406267864655,87.376220703125,15291700
2014-07-07 00:00:00-04:00,87.27578750177952,87.38535267189735,86.947105923039,87.1114501953125,23266400
2014-07-08 00:00:00-04:00,86.94714888149298,87.01106018752044,85.7054375365511,86.06151580810547,40612400
2014-07-09 00:00:00-04:00,86.28975759447921,86.80104796049679,86.04323762100016,86.70061492919922,29919000
2014-07-10 00:00:00-04:00,85.58671094287939,86.78277492744408,85.48627792969135,86.42669677734375,44245300
2014-07-11 00:00:00-04:00,86.64584394157676,86.98365783691406,86.38106655837677,86.98365783691406,19566300
2014-07-14 00:00:00-04:00,87.3762286476754,87.7049172228735,87.23014870636909,87.5040512084961,19579000
2014-07-15 00:00:00-04:00,87.64099790922401,87.76882045832839,86.58189579295819,87.20275115966797,39467500
2014-07-16 00:00:00-04:00,87.83274783598692,87.92405564420727,87.45841229235305,87.54971313476562,22052600
2014-07-17 00:00:00-04:00,87.31233781989869,87.6227690873287,86.11628059241517,86.39019012451172,43111500
2014-07-18 00:00:00-04:00,86.83755768029084,87.8053591579972,86.73712466289022,87.75971221923828,36682200
2014-07-21 00:00:00-04:00,87.57710302384416,87.79623340543671,87.23928920905261,87.650146484375,29750700
2014-07-22 00:00:00-04:00,88.06102821171399,88.34406995841165,87.9697273436027,88.20711517333984,25770400
2014-07-23 00:00:00-04:00,88.51755638659996,88.87363471615757,88.35321200635714,88.77320861816406,28947500
2014-07-24 00:00:00-04:00,88.92835932236201,89.02879231671287,88.54489168891665,88.67271423339844,24707200
2014-07-25 00:00:00-04:00,88.21620930892435,88.4444648636781,87.86013120077301,88.32576751708984,29898900
2014-07-28 00:00:00-04:00,88.41708358996394,88.58142789635377,87.66840551992306,88.3531723022461,25603400
2014-07-29 00:00:00-04:00,88.5449128600004,88.74577193092128,88.12491643821771,88.19795989990234,27022200
2014-07-30 00:00:00-04:00,88.69100184743417,88.85534617005297,88.19796887957772,88.544921875,35348500
2014-07-31 00:00:00-04:00,87.8144879694284,87.96056791999415,86.62755615422165,86.75537872314453,50047900
2014-08-01 00:00:00-04:00,86.57278391611798,87.04755250040593,85.86062755678202,86.43582916259766,60708000
2014-08-04 00:00:00-04:00,86.61842438519552,87.36710236037956,86.29886102128684,87.02928161621094,33230500
2014-08-05 00:00:00-04:00,86.68234875150962,86.92886173417425,85.96106022072391,86.36278533935547,50331100
2014-08-06 00:00:00-04:00,85.82411290729421,86.83756841484717,85.75106943728115,86.29888153076172,34431900
2014-08-07 00:00:00-04:00,86.70059793957802,86.8649422344233,85.72366434405532,86.02496337890625,33274700
2014-08-08 00:00:00-04:00,86.16193507027613,86.74626890784086,85.79672468034596,86.64583587646484,40236900
2014-08-11 00:00:00-04:00,86.98364326137417,87.4310292644742,86.91973197033248,87.15711975097656,28277500
2014-08-12 00:00:00-04:00,87.06582634768903,87.34886109424922,86.67322639319801,87.12060546875,28152300
2014-08-13 00:00:00-04:00,87.47665595927279,88.07925396316996,87.43100902812725,88.04273223876953,27996500
2014-08-14 00:00:00-04:00,88.16140875791574,88.51748680757879,88.04271839662991,88.49922943115234,25006600
2014-08-15 00:00:00-04:00,89.0105515456889,89.13837412402232,88.08840393997033,88.92838287353516,55205500
2014-08-18 00:00:00-04:00,89.39402051007488,89.6953125877794,89.26619097413621,89.61314392089844,38938300
2014-08-19 00:00:00-04:00,89.82312856191038,90.17008148319475,89.76834945467901,90.11529541015625,21363400
2014-08-20 00:00:00-04:00,90.04225892245013,90.29790404393937,89.96008329579594,90.11529541015625,23435600
2014-08-21 00:00:00-04:00,90.16095023297424,90.34355190281941,90.02399549768677,90.29790496826172,19339500
2014-08-22 00:00:00-04:00,90.33445770443772,90.61749247959705,90.13359161917256,90.43489074707031,24692000
2014-08-25 00:00:00-04:00,90.86398327520484,91.01007019811765,90.53530163026682,90.75442504882812,24124700
2014-08-26 00:00:00-04:00,90.89137228487772,90.94615139353824,90.63572019091153,90.84571838378906,20100400
2014-08-27 00:00:00-04:00,90.87310006809612,90.97353306914734,90.67223406599368,90.86396789550781,15589100
2014-08-28 00:00:00-04:00,90.55353638813082,90.87309274490228,90.46223556702556,90.76353454589844,23563900
2014-08-29 00:00:00-04:00,90.96443225112107,91.22008441106745,90.63574358271337,91.10138702392578,17906300
2014-09-02 00:00:00-04:00,91.32049599671357,91.39353945939865,90.99181434624673,91.36614990234375,18326800
2014-09-03 00:00:00-04:00,91.61269248692564,91.61269248692564,90.66315502840199,90.82749938964844,25950700
2014-09-04 00:00:00-04:00,91.03745954291222,91.50310290135359,90.51703707140993,90.74529266357422,24663500
2014-09-05 00:00:00-04:00,90.88226387976356,91.25659949652197,90.41662043694829,91.20182037353516,30798200
2014-09-08 00:00:00-04:00,91.22915727590532,91.60349964239566,90.95525485326358,91.375244140625,25571300
2014-09-09 00:00:00-04:00,91.38440523112911,91.72222601409864,90.44399330907171,90.61746978759766,36449200
2014-09-10 00:00:00-04:00,90.73616222684896,91.40267163368628,90.4805170732592,91.36614990234375,31080100
2014-09-11 00:00:00-04:00,90.97356484375462,91.33877525097111,90.60835443653811,91.29312133789062,28691900
2014-09-12 00:00:00-04:00,91.21096724395339,91.23835680985943,90.54445762172884,90.82749938964844,30444400
2014-09-15 00:00:00-04:00,90.92786103222758,90.93699320299405,89.67702530362881,89.950927734375,32972200
2014-09-16 00:00:00-04:00,89.61312406343403,90.909613825077,89.52182324297296,90.73613739013672,38166900
2014-09-17 00:00:00-04:00,90.71791102452121,91.30224483419539,90.32531109310183,90.87312316894531,37196500
2014-09-18 00:00:00-04:00,91.1561369435421,91.56700113032998,91.0557109058546,91.55786895751953,30196700
2014-09-19 00:00:00-04:00,91.94039550601872,92.03191351661476,91.1350272374462,91.50110626220703,46918000
2014-09-22 00:00:00-04:00,91.28150391560027,91.29065781631253,90.25649047200022,90.6500244140625,48658000
2014-09-23 00:00:00-04:00,90.28392793879833,90.80558846162303,90.21986461081562,90.40290069580078,33989600
2014-09-24 00:00:00-04:00,90.49442291130163,91.41877124257343,90.18326015600225,91.37300872802734,35959000
2014-09-25 00:00:00-04:00,91.08014043905612,91.199120175629,89.41448696844603,89.45109558105469,68642500
2014-09-26 00:00:00-04:00,89.74395961804768,90.56763596523905,89.58837824757238,90.40290069580078,56106200
2014-09-29 00:00:00-04:00,89.50603677388062,90.5310502812166,89.4602742498542,90.28395080566406,33342700
2014-09-30 00:00:00-04:00,90.53103636748341,90.87881473892014,89.98192107546409,90.41206359863281,41834300
2014-10-01 00:00:00-04:00,90.15581247091659,90.2473305247663,88.68234876208237,88.96605682373047,58164900
2014-10-02 00:00:00-04:00,88.92944820571459,89.24061796765955,87.83121759475813,88.96605682373047,54501300
2014-10-03 00:00:00-04:00,89.48771734175764,90.2107218366545,89.1765545624344,89.84464263916016,41627800
2014-10-06 00:00:00-04:00,90.12835560199188,90.34800032246514,89.37789640652682,89.65245056152344,36038700
2014-10-07 00:00:00-04:00,89.23146411454978,89.4877174584159,88.37117904667357,88.38033294677734,45154000
2014-10-08 00:00:00-04:00,88.4260980583228,90.38461379517418,87.91358437317935,90.10089874267578,64931600
2014-10-09 00:00:00-04:00,89.98191977920682,90.21071839611716,88.5084561277138,88.64573669433594,62497100
2014-10-10 00:00:00-04:00,88.1240698570834,88.61827567233276,86.41265381070387,86.43096160888672,77579400
2014-10-13 00:00:00-04:00,86.27537183461199,86.93431291077151,85.0032521946181,85.07646942138672,80835900
2014-10-14 00:00:00-04:00,85.60727754864398,86.18384745670866,84.84766458711378,85.08561706542969,71814500
2014-10-15 00:00:00-04:00,83.80437861557165,84.89346254573903,82.58716798566476,84.53653717041016,108847800
2014-10-16 00:00:00-04:00,82.75188776674769,84.72871130404377,82.72443304801527,84.00570678710938,93165800
2014-10-17 00:00:00-04:00,85.11307525634766,85.92759767601703,84.61886946536083,85.11307525634766,69546700
2014-10-20 00:00:00-04:00,85.10394195211138,86.4584330013738,84.93005973010794,86.38521575927734,41479300
2014-10-21 00:00:00-04:00,87.45595234368932,88.65486145019531,87.23630769872639,88.65486145019531,53609800
2014-10-22 00:00:00-04:00,88.929462935817,89.04844270967115,88.14239497405717,88.19731140136719,39178000
2014-10-23 00:00:00-04:00,89.0850260932255,90.01852835998089,88.92944470955948,89.52432250976562,48123800
2014-10-24 00:00:00-04:00,89.7165241779901,90.320555956492,89.35959884792283,90.2564926147461,43157600
2014-10-27 00:00:00-04:00,90.08257365413905,90.48526137346333,89.70734064615446,90.32052612304688,29545700
2014-10-28 00:00:00-04:00,90.74152448651309,91.70247439940074,90.67746115898724,91.68417358398438,34495100
2014-10-29 00:00:00-04:00,91.38218204823414,91.62928850749184,90.69578607844413,91.34557342529297,40552800
2014-10-30 00:00:00-04:00,90.93371792971234,91.7573943023759,90.73237404057465,91.5377426147461,35935800
2014-10-31 00:00:00-04:00,93.05697354804903,93.12103688135035,92.49870436540338,92.80072021484375,54254100
2014-11-03 00:00:00-05:00,92.96546036293616,93.32238566463316,92.82817978942654,93.07527923583984,33481000
2014-11-04 00:00:00-05:00,92.78240756659812,93.00205925419195,92.1326203678198,92.76410675048828,22773300
2014-11-05 00:00:00-05:00,93.3772636806045,93.3772636806045,92.45291557787863,92.77323913574219,25818600
2014-11-06 00:00:00-05:00,92.76409291500099,93.0935634148729,92.36140519685127,93.06610870361328,24671900
2014-11-07 00:00:00-05:00,93.23087873611554,93.26748735891239,92.4987202449403,92.98377227783203,20931700
2014-11-10 00:00:00-05:00,93.02949393024196,93.43217463933138,92.78238758052242,93.31320190429688,20360000
2014-11-11 00:00:00-05:00,93.33154019386193,93.60609436035156,93.07527986313951,93.60609436035156,15454000
2014-11-12 00:00:00-05:00,93.23087442553368,93.87150783890634,93.23087442553368,93.77083587646484,22050300
2014-11-13 00:00:00-05:00,93.94469386255616,94.52126374299286,93.73419610675204,94.17349243164062,28027800
2014-11-14 00:00:00-05:00,94.1460301661825,94.46634674072266,93.83486050635945,94.46634674072266,19251300
2014-11-17 00:00:00-05:00,94.24672629523047,94.45721710583295,93.73421266194472,94.18266296386719,23361600
2014-11-18 00:00:00-05:00,94.26500438388481,95.01546336279151,94.25585048664585,94.88733673095703,26336800
2014-11-19 00:00:00-05:00,94.78666959012551,94.78666959012551,94.01790976033733,94.45719909667969,23760200
2014-11-20 00:00:00-05:00,94.05453553004656,94.96058311079271,93.98132527678194,94.87821197509766,22874000
2014-11-21 00:00:00-05:00,95.72018290939286,95.81170793908734,94.75923293901575,95.06124877929688,34049100
2014-11-24 00:00:00-05:00,95.31752212094506,95.84833668217199,95.23515097339838,95.80257415771484,17928300
2014-11-25 00:00:00-05:00,95.94898223876953,96.23269726466813,95.70188281092699,95.94898223876953,17526000
2014-11-26 00:00:00-05:00,96.04050449465633,96.62622836380173,95.9398325500489,96.5713119506836,18973800
2014-11-28 00:00:00-05:00,96.82755491749035,97.23938953905748,96.7634915989715,97.01974487304688,17360400
2014-12-01 00:00:00-05:00,96.75436970524275,96.93740582373228,95.56461398791983,95.92153930664062,35969500
2014-12-02 00:00:00-05:00,96.02220840960214,96.47980567459153,95.82086449582599,96.30592346191406,26031300
2014-12-03 00:00:00-05:00,96.45235790137477,96.61709320792869,95.87578781962637,96.47981262207031,32974300
2014-12-04 00:00:00-05:00,96.38829661934186,96.80928530456072,96.03137127790887,96.4340591430664,31008800
2014-12-05 00:00:00-05:00,96.58960307333133,96.73603052414786,96.23267787039207,96.44316864013672,25622200
2014-12-08 00:00:00-05:00,96.19610188611095,96.61709055075274,95.25345259545864,95.75680541992188,32685800
2014-12-09 00:00:00-05:00,94.6402601835974,96.13202460385676,94.30163572788625,96.05880737304688,46035100
2014-12-10 00:00:00-05:00,95.88491963388329,96.12287214639532,94.37485437445795,94.54873657226562,39330100
2014-12-11 00:00:00-05:00,94.82328034626673,96.13200845199151,94.80497255045056,94.9971694946289,47576000
2014-12-12 00:00:00-05:00,94.09113935998066,95.17106909245474,93.95386577810731,93.9630126953125,46889400
2014-12-15 00:00:00-05:00,94.44803717873891,94.79581543805395,92.72747462314311,92.99288177490234,52968400
2014-12-16 00:00:00-05:00,92.40714643714819,93.77993754321882,91.48279847066183,91.50110626220703,65348600
2014-12-17 00:00:00-05:00,91.56521860063745,93.43220936016749,91.44623883901048,93.16680908203125,79715300
2014-12-18 00:00:00-05:00,94.5029713812829,95.41816573946824,94.24671807817163,95.40901184082031,49840900
2014-12-19 00:00:00-05:00,95.50730910790503,96.21463147529911,95.26846998025161,95.82881927490234,51419900
2014-12-22 00:00:00-05:00,95.67267246301732,96.0952297467165,95.6267394287121,96.06767272949219,33869200
2014-12-23 00:00:00-05:00,96.41675201221817,96.42594002190698,95.61756337084215,95.72779846191406,30156900
2014-12-24 00:00:00-05:00,95.84717807145215,96.17787621039456,95.78287604490197,95.81044006347656,14291300
2014-12-26 00:00:00-05:00,96.08604608171348,96.69232852164326,96.05848906324347,96.490234375,13924300
2014-12-29 00:00:00-05:00,96.39837974313568,96.6831449582828,96.34325869526376,96.47186279296875,17073800
2014-12-30 00:00:00-05:00,96.19626246935469,96.41672558266771,95.70021520810342,95.82881927490234,18604000
2014-12-31 00:00:00-05:00,95.99415695522946,96.37078811209784,94.70810943166218,94.84590148925781,24367100
2015-01-02 00:00:00-05:00,95.31438962748616,95.71857077708844,94.10183216188925,94.5611343383789,31314600
2015-01-05 00:00:00-05:00,94.14782952197696,94.2580646508955,92.90771410734476,93.17411041259766,36521300
2015-01-06 00:00:00-05:00,93.31184602772797,93.46800710943381,91.51138206348251,91.92475128173828,66205500
2015-01-07 00:00:00-05:00,92.53101538827511,93.33019665396957,92.3105453074538,93.10973358154297,37577400
2015-01-08 00:00:00-05:00,93.89975873112881,95.07557144015638,93.79871166940957,94.89185333251953,40212600
2015-01-09 00:00:00-05:00,95.18579345486796,95.21335046639433,93.71602076176899,94.2671890258789,41410100
2015-01-12 00:00:00-05:00,94.4509033645087,94.5519504083639,93.045439765208,93.2842788696289,34129800
2015-01-13 00:00:00-05:00,94.19372508663363,95.18581982682416,92.50348882463524,93.25674438476562,56162300
2015-01-14 00:00:00-05:00,92.31975993553705,93.21999550417516,91.92475968731779,92.74231719970703,51354200
2015-01-15 00:00:00-05:00,93.17404756344071,93.32102062779329,91.42869774573182,91.53893280029297,51005400
2015-01-16 00:00:00-05:00,91.4195273339568,92.73313220128264,91.27255424131735,92.61371612548828,35362200
2015-01-20 00:00:00-05:00,93.17403471711839,93.58740385003729,92.12682637255548,93.34857177734375,30964100
2015-01-21 00:00:00-05:00,93.07299287890433,94.2671813426158,92.74229475075023,93.82624816894531,40128800
2015-01-22 00:00:00-05:00,94.1936824217727,95.66344784795832,93.36693717942006,95.5624008178711,40887200
2015-01-23 00:00:00-05:00,95.55324963242018,96.06767298610389,95.27767245104394,95.77371978759766,34783000
2015-01-26 00:00:00-05:00,95.66348266601562,95.83801978303595,95.17662334842939,95.66348266601562,19960900
2015-01-27 00:00:00-05:00,94.15694590771442,94.21205992604716,92.87089841558858,93.1832275390625,45253200
2015-01-28 00:00:00-05:00,94.6805831082977,94.7816301827247,92.6872126553239,92.70558166503906,43591700
2015-01-29 00:00:00-05:00,92.63208860562908,93.77116340616116,91.82371904482324,93.59662628173828,46539700
2015-01-30 00:00:00-05:00,93.51394566168301,94.23045608679824,92.74231419805363,92.87091827392578,42927600
2015-02-02 00:00:00-05:00,93.08218885908146,93.76195417701322,91.63079217322002,93.67928314208984,43624700
2015-02-03 00:00:00-05:00,94.01915668914351,94.64380794653607,93.40369343788184,94.57950592041016,30750400
2015-02-04 00:00:00-05:00,94.1937078878401,95.12150041111657,93.98242576551915,94.4968490600586,34073200
2015-02-05 00:00:00-05:00,94.73566684714314,95.37869411587768,94.49683475524292,95.31439208984375,23605500
2015-02-06 00:00:00-05:00,95.46136264729127,95.69101373545838,94.39578524256127,94.73566436767578,34169300
2015-02-09 00:00:00-05:00,94.36823123776195,94.88264744894755,94.20288216868154,94.43253326416016,22604700
2015-02-10 00:00:00-05:00,94.95614414460641,96.03090966484791,94.80916406915676,95.90230560302734,23686500
2015-02-11 00:00:00-05:00,96.01254939223979,96.4718516907278,95.82883127620335,96.25138854980469,20303600
2015-02-12 00:00:00-05:00,96.87603066608865,97.4088229632575,96.72905758903296,97.37207794189453,22520300
2015-02-13 00:00:00-05:00,97.64764335020233,98.22636155666758,97.46391827866147,98.20799255371094,29030200
2015-02-17 00:00:00-05:00,98.20800667787219,98.36416775484467,97.95997954771977,98.29986572265625,17675300
2015-02-18 00:00:00-05:00,98.18046790218101,98.49279714483157,98.05186380473597,98.43768310546875,15149600
2015-02-19 00:00:00-05:00,98.37336167142365,98.98883206992917,98.34580465520935,98.92453002929688,19828100
2015-02-20 00:00:00-05:00,98.86021623473518,99.64102863769226,98.54788706851477,99.5859146118164,28336700
2015-02-23 00:00:00-05:00,99.53080484579102,99.71452996683733,99.31034170893221,99.68696594238281,17868000
2015-02-24 00:00:00-05:00,99.5583429212139,99.8798600697782,99.25520879385205,99.76043701171875,19745000
2015-02-25 00:00:00-05:00,99.61348297763858,99.99929521953224,99.29196576766375,99.51243591308594,19472300
2015-02-26 00:00:00-05:00,99.61348080733205,100.07278308769283,99.33789663575695,100.01766204833984,22255500
2015-02-27 00:00:00-05:00,99.98093301463197,100.04524207222804,99.42059059070239,99.57675170898438,27757600
2015-03-02 00:00:00-05:00,99.76962926067176,100.51369661790227,99.75125324708331,100.4769515991211,22988600
2015-03-03 00:00:00-05:00,100.1738406346852,100.27488770761234,99.37465206018803,100.00849151611328,20788900
2015-03-04 00:00:00-05:00,99.67777881300154,99.82475189240381,99.08068447101334,99.6226577758789,21007400
2015-03-05 00:00:00-05:00,99.87987348651717,100.10033661104816,99.38382620002515,99.79719543457031,15381000
2015-03-06 00:00:00-05:00,99.66860357579289,99.86150970944804,98.419300703019,98.66732788085938,30990400
2015-03-09 00:00:00-04:00,98.86941696802579,99.20011520608101,98.46523568360071,98.95209503173828,26237100
2015-03-10 00:00:00-04:00,98.24476320256508,98.27232722875083,97.11488342285156,97.11488342285156,34234500
2015-03-11 00:00:00-04:00,97.26183435005672,97.38125741111465,96.51776700578455,96.55451202392578,25459700
2015-03-12 00:00:00-04:00,96.48101756072144,97.2985749037634,96.4167155340236,97.18834686279297,21473200
2015-03-13 00:00:00-04:00,97.09649102113394,97.48231023026123,96.15951753244424,96.76579284667969,42021100
2015-03-16 00:00:00-04:00,97.12405808269259,98.05184359324417,97.02301102575785,98.01509857177734,25674100
2015-03-17 00:00:00-04:00,97.74871501939907,98.32743337169705,97.51906387839877,98.17127227783203,19603800
2015-03-18 00:00:00-04:00,97.90484632782965,99.58589385054465,97.39961116797721,99.13577270507812,40622200
2015-03-19 00:00:00-04:00,99.23683522475845,99.55834537284454,99.08986216066008,99.28276824951172,31314000
2015-03-20 00:00:00-04:00,100.10036115992581,100.42261073012057,99.90701141780896,99.92542266845703,31761400
2015-03-23 00:00:00-04:00,99.87022572549427,100.14643675352842,99.69528715724415,99.73211669921875,17268500
2015-03-24 00:00:00-04:00,99.72287873890252,100.18323734377164,99.35459747461911,99.37300872802734,22445300
2015-03-25 00:00:00-04:00,99.52954738650763,99.62161771961681,97.0620245267945,97.0988540649414,41581400
2015-03-26 00:00:00-04:00,96.29778922804019,97.31978567666141,95.97553967768965,96.7673568725586,47846300
2015-03-27 00:00:00-04:00,96.74895723460877,97.38424727454189,96.60163912276013,97.15406799316406,33878400
2015-03-30 00:00:00-04:00,97.74334939264115,98.35101914205761,97.74334939264115,98.26815795898438,30570200
2015-03-31 00:00:00-04:00,97.99191134030103,98.19447020577206,97.20009415228513,97.22771453857422,30488100
2015-04-01 00:00:00-04:00,97.22773423589427,97.24615251349388,96.09525602153369,96.72134399414062,32970500
2015-04-02 00:00:00-04:00,96.8134175119392,97.09883760354455,96.47274961022174,96.78579711914062,19164200
2015-04-06 00:00:00-04:00,96.21494925747305,97.844615642148,96.06763113086191,97.5776138305664,24451100
2015-04-07 00:00:00-04:00,97.5223544210718,98.24051264159276,97.41187286376953,97.41187286376953,19379400
2015-04-08 00:00:00-04:00,97.44870328988777,98.32338882856267,97.4395011757071,98.1852798461914,25866900
2015-04-09 00:00:00-04:00,98.13922949476425,98.83897643750356,97.80777781084964,98.8021469116211,23114700
2015-04-10 00:00:00-04:00,98.76531286598475,99.21646926901357,98.5443427453159,99.20726013183594,17164300
2015-04-13 00:00:00-04:00,99.28095174919825,99.78734206787303,98.84821347856555,98.95870208740234,17783500
2015-04-14 00:00:00-04:00,98.85740356631467,99.1428236368236,98.11161789330168,98.67325592041016,23755700
2015-04-15 00:00:00-04:00,98.93104389943792,99.50189099745529,98.81135321214182,99.29012298583984,21128600
2015-04-16 00:00:00-04:00,99.02313110732787,99.32696242456109,98.8850221315777,99.15203094482422,16195300
2015-04-17 00:00:00-04:00,98.20366911836176,98.47067084103327,97.18167278498953,97.6052017211914,46514000
2015-04-20 00:00:00-04:00,98.09319501025524,99.24409131876982,98.05636548544115,99.06915283203125,28945900
2015-04-21 00:00:00-04:00,99.64001679362309,99.81495530996943,99.37300796191572,99.4926986694336,22759800
2015-04-22 00:00:00-04:00,99.75048449026359,100.20164091446694,99.10598534784998,100.0359115600586,21429200
2015-04-23 00:00:00-04:00,99.69523299621969,100.8645474889845,99.67682174749302,100.41339111328125,29473200
2015-04-24 00:00:00-04:00,101.47223891716371,101.9141862515292,101.30650954484096,101.77607727050781,32508100
2015-04-27 00:00:00-04:00,102.15356244092537,102.34691921918696,101.29729523175031,101.51827239990234,31121300
2015-04-28 00:00:00-04:00,101.59192289433727,101.78527966967334,100.45944477887804,101.31571197509766,36849200
2015-04-29 00:00:00-04:00,100.75410188540012,101.34336043910025,100.12801379402923,100.6804428100586,34043900
2015-04-30 00:00:00-04:00,100.10958100584712,100.51469178406205,98.57197799299414,99.09678649902344,44080500
2015-05-01 00:00:00-04:00,99.48351843470815,100.46868577722259,99.46510015287629,100.40423583984375,32874300
2015-05-04 00:00:00-04:00,100.72647417380469,101.19604196436319,100.5147061037048,100.56995391845703,23507300
2015-05-05 00:00:00-04:00,100.17404236166777,100.35818300692021,98.88503677135472,98.93106842041016,47843300
2015-05-06 00:00:00-04:00,99.10598486861923,99.39140491252027,97.5960094355399,98.24971771240234,42687200
2015-05-07 00:00:00-04:00,98.22211042442245,99.11520722550209,98.14845136310326,98.8389892578125,29335800
2015-05-08 00:00:00-04:00,99.86096302142775,100.28449199019197,99.71365195705951,100.0727310180664,33023300
2015-05-11 00:00:00-04:00,100.13722223877309,100.3397811822968,99.61241362351443,99.68606567382812,19679300
2015-05-12 00:00:00-04:00,99.0967848207353,99.7412910436637,98.33259492104854,99.23489379882812,33665000
2015-05-13 00:00:00-04:00,99.66763351581714,100.18323288246542,99.29013610486787,99.43745422363281,20738400
2015-05-14 00:00:00-04:00,100.24769795443436,100.97506547061074,99.87941665089011,100.89220428466797,23904200
2015-05-15 00:00:00-04:00,101.15000400695519,101.28811300804207,100.64360667780845,100.89220428466797,23937400
2015-05-18 00:00:00-04:00,100.72645207129293,101.53668058987577,100.6527930174634,101.33412170410156,17631100
2015-05-19 00:00:00-04:00,101.44462587160982,101.6011461166611,101.05792631636017,101.2236557006836,14212900
2015-05-20 00:00:00-04:00,101.29730331064364,101.8957708958859,100.75408353410276,101.28810119628906,21131900
2015-05-21 00:00:00-04:00,101.11317250941691,101.95102861510586,100.96586139576117,101.81291961669922,16771800
2015-05-22 00:00:00-04:00,101.69320586887734,102.07991240845934,101.6287559496994,101.71162414550781,13543800
2015-05-26 00:00:00-04:00,101.49067261489012,101.62877459238017,100.1372170393625,100.54232788085938,25488400
2015-05-27 00:00:00-04:00,100.84614733958598,102.27326171808008,100.62517719258857,102.16277313232422,30572700
2015-05-28 00:00:00-04:00,101.96940856376285,102.20879695253699,101.6195386297955,101.93257904052734,17302400
2015-05-29 00:00:00-04:00,101.86819406891385,102.00630311295905,101.08558551868144,101.3249740600586,30383000
2015-06-01 00:00:00-04:00,101.86813199134346,101.94179103988274,100.83692638533402,101.66557312011719,24570200
2015-06-02 00:00:00-04:00,101.28810485590735,101.84053379127728,100.79091670671991,101.34334564208984,19449600
2015-06-03 00:00:00-04:00,101.80369888550116,102.02466904308271,101.39858107617277,101.64717864990234,20507200
2015-06-04 00:00:00-04:00,101.07634585977861,101.72085219589984,100.55153727046675,100.87378692626953,31374600
2015-06-05 00:00:00-04:00,100.7540519367964,100.99344030072209,100.01747559756934,100.63436126708984,22641700
2015-06-08 00:00:00-04:00,100.58835422560837,100.66201328758389,99.40983733205907,99.61239624023438,24549200
2015-06-09 00:00:00-04:00,99.37300384378979,99.80574203501982,98.70087722292975,99.44666290283203,27554600
2015-06-10 00:00:00-04:00,99.78735215468798,101.1039783555563,99.67687055919914,100.8093490600586,30297900
2015-06-11 00:00:00-04:00,101.1499995634951,101.41700841399606,100.78171125161396,100.95664978027344,17593500
2015-06-12 00:00:00-04:00,100.42262758346243,100.63439563628094,99.98988936321393,100.12799835205078,27201800
2015-06-15 00:00:00-04:00,99.3822078091592,99.78731856377529,98.80215153003836,99.63079833984375,31238800
2015-06-16 00:00:00-04:00,99.52953544458063,100.33977113756501,99.48350379580717,100.17404174804688,16456900
2015-06-17 00:00:00-04:00,100.33978238799466,100.77251365265795,99.83338502310046,100.45026397705078,23296700
2015-06-18 00:00:00-04:00,100.81852890333573,102.08911605384023,100.76328812164428,101.9141845703125,43032400
2015-06-19 00:00:00-04:00,101.9640006017367,102.04705938309117,101.33647274521874,101.4103012084961,27877600
2015-06-22 00:00:00-04:00,102.15779876708984,102.46233590872515,101.92709009142733,102.15779876708984,19120900
2015-06-23 00:00:00-04:00,102.2685591635036,102.33315732224094,101.81637205234225,102.24087524414062,18127900
2015-06-24 00:00:00-04:00,102.12090859865926,102.55463506704555,101.68717508960177,101.71485900878906,15815900
2015-06-25 00:00:00-04:00,102.11169259868065,102.21320501038413,101.34573787061699,101.51184844970703,18326700
2015-06-26 00:00:00-04:00,101.49342264541562,101.72413145507993,100.45984464347687,100.83820343017578,32311700
2015-06-29 00:00:00-04:00,99.72150856014518,100.27521497454177,98.41108506616825,98.45722961425781,50874900
2015-06-30 00:00:00-04:00,99.19549597326484,99.40775104368971,98.50336997588379,98.80790710449219,34809900
2015-07-01 00:00:00-04:00,99.78612539769497,99.98915018225387,99.13091352795458,99.59233093261719,21293000
2015-07-02 00:00:00-04:00,99.87842532351328,99.96147708582133,99.3154954656312,99.62002563476562,20499400
2015-07-06 00:00:00-04:00,98.99247827030139,99.96145755190561,98.78023022543167,99.38929748535156,24311000
2015-07-07 00:00:00-04:00,99.5000545027532,99.73076321816866,97.66361509943408,99.63848114013672,44230800
2015-07-08 00:00:00-04:00,98.92788105756878,99.04785407948955,97.71896980428919,97.90353393554688,39691500
2015-07-09 00:00:00-04:00,99.20475883399422,99.29704092244957,97.83895998657003,97.84819030761719,28381000
2015-07-10 00:00:00-04:00,99.14936046892247,99.71229018809288,98.78945550626202,99.34315490722656,26415800
2015-07-13 00:00:00-04:00,100.20142060111758,101.17039307460468,100.19219028022572,101.08734130859375,25780700
2015-07-14 00:00:00-04:00,101.22574685969491,102.02860859313898,101.17037198655808,101.75176239013672,21977200
2015-07-15 00:00:00-04:00,101.9455618452021,102.25932229879642,101.57642651575468,101.86250305175781,28631500
2015-07-16 00:00:00-04:00,102.70229519882885,103.32059288203155,102.49927039761688,103.30213928222656,29838900
2015-07-17 00:00:00-04:00,104.13269524064434,104.82482147216797,103.95736138298207,104.82482147216797,35926800
2015-07-20 00:00:00-04:00,105.04630387937333,105.56308919752746,104.723313055527,105.18473052978516,26539000
2015-07-21 00:00:00-04:00,105.22164545004776,105.38775603459194,104.81560283057385,105.1201400756836,35468900
2015-07-22 00:00:00-04:00,103.51437710092921,104.43721189446305,103.51437710092921,103.92965698242188,35575000
2015-07-23 00:00:00-04:00,104.03119220230414,104.37263664481138,103.27446778717227,103.54208374023438,25698300
2015-07-24 00:00:00-04:00,104.09579367718815,104.28035786599172,102.3700896451177,102.52696990966797,30844700
2015-07-27 00:00:00-04:00,101.94556331033115,102.38852007949748,101.45646198406918,101.67794036865234,35994800
2015-07-28 00:00:00-04:00,102.13015370260315,102.75768182074229,101.31806138999421,102.55465698242188,33553500
2015-07-29 00:00:00-04:00,102.77611967015866,103.1637086169866,102.3793004034526,102.94223022460938,26714100
2015-07-30 00:00:00-04:00,102.70227231939971,103.60664636247265,102.08397477393784,103.43131256103516,25438100
2015-07-31 00:00:00-04:00,103.75433472785004,103.80970257237813,103.09912275180372,103.31137084960938,22081700
2015-08-03 00:00:00-04:00,103.32985486704752,103.61593151605544,102.30550726751606,102.9884033203125,25001800
2015-08-04 00:00:00-04:00,102.94223551520032,103.1267996782216,102.37007534475994,102.7945785522461,22132300
2015-08-05 00:00:00-04:00,103.36672505569948,104.28032951100101,103.24675202899392,103.58820343017578,28989900
2015-08-06 00:00:00-04:00,103.68048866840293,103.818915296933,101.4656837339342,101.9271011352539,42125400
2015-08-07 00:00:00-04:00,101.6779161171821,102.03782104653943,100.95810625846741,101.79788208007812,30006800
2015-08-10 00:00:00-04:00,102.4438928668744,103.1821564806522,102.43466254750935,102.96067810058594,21500800
2015-08-11 00:00:00-04:00,102.41622197714896,102.81304127227448,101.07810712583196,101.64103698730469,36123300
2015-08-12 00:00:00-04:00,100.9396530063311,102.19470871253331,99.86916845731729,101.99168395996094,41889000
2015-08-13 00:00:00-04:00,102.09324558511359,102.58235410710213,101.60414410379818,101.82562255859375,22510500
2015-08-14 00:00:00-04:00,101.58566363654975,102.13013282741822,101.38263883972719,101.98248291015625,17924900
2015-08-17 00:00:00-04:00,101.73331381769293,102.85917348250476,101.4749211813108,102.83148956298828,21224900
2015-08-18 00:00:00-04:00,102.69306993807452,102.77612874296766,102.16705430932386,102.30548095703125,13984400
2015-08-19 00:00:00-04:00,101.9916951563224,102.53617132896208,101.04117647463347,101.63179016113281,42511400
2015-08-20 00:00:00-04:00,100.69053080545217,101.01352165819905,98.80794649714845,98.81717681884766,57747300
2015-08-21 00:00:00-04:00,97.42367583031455,98.25422861195213,94.498291015625,94.498291015625,97763400
2015-08-24 00:00:00-04:00,86.95872510920995,94.61824961975303,78.2010179080436,90.86231231689453,150829900
2015-08-25 00:00:00-04:00,94.19372835116764,94.81202585004198,90.44702208797582,90.52084350585938,75088300
2015-08-26 00:00:00-04:00,93.1693759987852,95.26421438525156,91.29602297520664,95.07964324951172,104103800
2015-08-27 00:00:00-04:00,96.4547186928075,97.55289468224586,95.31040517414162,97.48829650878906,69377700
2015-08-28 00:00:00-04:00,96.97150163865551,97.82050813268732,96.75924649481146,97.46983337402344,49919600
2015-08-31 00:00:00-04:00,96.92533695127433,97.46058281969962,96.02096279906539,96.26089477539062,39549400
2015-09-01 00:00:00-04:00,93.86153931276284,95.31962018302819,92.86487590468234,93.25247192382812,73155500
2015-09-02 00:00:00-04:00,94.94124995051054,95.90099907090197,93.85230451013096,95.8825454711914,43963600
2015-09-03 00:00:00-04:00,96.26087134550251,96.91608304261194,95.14424236530174,95.411865234375,45131800
2015-09-04 00:00:00-04:00,94.10146882151919,94.91356093796726,93.75078707979195,94.27680969238281,49379600
2015-09-08 00:00:00-04:00,96.08561690608622,97.05458977628386,95.68879743333628,96.93462371826172,37343500
2015-09-09 00:00:00-04:00,98.07887764192951,98.10656155835647,95.59644987247634,95.84561920166016,47146700
2015-09-10 00:00:00-04:00,95.73488418611132,97.52518602603129,95.6241485115075,96.888427734375,47686700
2015-09-11 00:00:00-04:00,96.44548039484313,97.4236831665039,96.1686270998926,97.4236831665039,29106100
2015-09-14 00:00:00-04:00,97.78356875781404,97.80202939549368,96.75922162737476,97.12835693359375,19718800
2015-09-15 00:00:00-04:00,97.35907765067374,98.57721938325437,96.99917261882068,98.2726821899414,30020200
2015-09-16 00:00:00-04:00,98.29111625771235,98.91864407398096,97.94966491745745,98.82635498046875,31329100
2015-09-17 00:00:00-04:00,98.72488453035025,100.33984566800957,98.41111699102709,98.8633041381836,56139800
2015-09-18 00:00:00-04:00,97.3461635052165,98.61351848406908,97.29065391047425,97.45716857910156,48384000
2015-09-21 00:00:00-04:00,97.9937211635706,98.56727328378369,96.88362802655175,97.762451171875,35772600
2015-09-22 00:00:00-04:00,96.26381535279998,96.59684469255433,95.40349073473452,96.30081939697266,47359700
2015-09-23 00:00:00-04:00,96.5598529693861,96.81888131164678,95.87529570934166,96.37483978271484,21775100
2015-09-24 00:00:00-04:00,95.44049529428132,96.38408078128056,94.60792194039958,96.02330017089844,38284300
2015-09-25 00:00:00-04:00,97.0501349547719,97.14264153250475,94.6171703193808,95.20922088623047,44700000
2015-09-28 00:00:00-04:00,94.80220309964852,94.86695841842545,92.2212290093102,92.49874877929688,44077500
2015-09-29 00:00:00-04:00,92.73000862381923,93.67359408867708,91.35164152783628,92.0177001953125,49315500
2015-09-30 00:00:00-04:00,93.33133193654345,94.2379135517504,92.97055125748179,94.13615417480469,41411400
2015-10-01 00:00:00-04:00,94.30266237054128,94.5709364314512,93.05379865925013,94.56168365478516,39339100
2015-10-02 00:00:00-04:00,93.24806165535243,96.21756744384766,92.95203635407005,96.21756744384766,59370900
2015-10-05 00:00:00-04:00,96.92988090946503,97.85496090601697,96.71711646262624,97.59593963623047,32853500
2015-10-06 00:00:00-04:00,97.36463172549293,97.68840818665478,96.37479679691384,97.13336181640625,33051500
2015-10-07 00:00:00-04:00,97.74396774345506,97.92898094220799,96.47660545281394,97.7162094116211,37389300
2015-10-08 00:00:00-04:00,97.34615587345934,98.2712357249088,96.40257047261335,98.10472106933594,50188900
2015-10-09 00:00:00-04:00,98.15099002300671,98.73379496039281,97.88271596668305,98.54877471923828,23916200
2015-10-12 00:00:00-04:00,98.73380409204562,98.97431984109042,98.38226913023965,98.789306640625,16162000
2015-10-13 00:00:00-04:00,98.224993810989,99.22408189599848,98.0584791301541,98.15098571777344,26999600
2015-10-14 00:00:00-04:00,98.15095998361768,98.6412511214712,97.58666077195272,97.99369812011719,30902600
2015-10-15 00:00:00-04:00,98.35449890075394,99.61260818329524,98.2249882738276,99.60335540771484,38393800
2015-10-16 00:00:00-04:00,99.81612697479407,100.07514822884272,99.33508145344672,100.01964569091797,27091100
2015-10-19 00:00:00-04:00,99.89014494102923,100.65795600350893,99.66812065177677,100.59320068359375,23776300
2015-10-20 00:00:00-04:00,100.41742400385073,100.63018842432109,99.73285980962585,100.07514190673828,23404700
2015-10-21 00:00:00-04:00,100.58395263278506,100.68570494074923,99.4276026198246,99.464599609375,30195200
2015-10-22 00:00:00-04:00,100.35266477526554,101.57376988937855,100.06588522377143,101.49050903320312,42778700
2015-10-23 00:00:00-04:00,104.21949268372573,104.75603359879455,103.67369193676086,104.33049774169922,53170900
2015-10-26 00:00:00-04:00,104.25653075449759,104.59881295301436,103.8587460051192,104.39529418945312,25918000
2015-10-27 00:00:00-04:00,104.11773343654357,104.7560336938665,104.0899751142263,104.60802459716797,31390500
2015-10-28 00:00:00-04:00,104.76532961668548,105.4776382446289,103.92350327131436,105.4776382446289,42221900
2015-10-29 00:00:00-04:00,104.99658761512786,105.48687892143936,104.88557546626834,105.31111145019531,24913300
2015-10-30 00:00:00-04:00,105.35736752655976,105.53313499655239,104.81157367860477,104.83932495117188,27199200
2015-11-02 00:00:00-05:00,105.11684827533914,106.1529405188148,104.89483102952329,106.02342987060547,22176900
2015-11-03 00:00:00-05:00,105.81063539822483,106.77271933185945,105.65337351061712,106.39344024658203,20418400
2015-11-04 00:00:00-05:00,106.74498448469407,106.81899258123494,105.95866786789885,106.40270233154297,28633000
2015-11-05 00:00:00-05:00,106.49519187729372,106.75421309876006,105.56085927889102,106.11590576171875,25004100
2015-11-06 00:00:00-05:00,105.91241456389636,106.31019927377616,105.23711006946368,106.18994140625,29924900
2015-11-09 00:00:00-05:00,105.79213136645201,105.93089475440456,104.4137643771345,105.06131744384766,33479800
2015-11-10 00:00:00-05:00,104.50624972129835,104.89478148240312,104.19171896864378,104.79302215576172,35452100
2015-11-11 00:00:00-05:00,105.07981153099348,105.58860824622766,104.48776102115667,104.66352844238281,22748800
2015-11-12 00:00:00-05:00,104.23800087433229,104.74679763005419,103.57194223331429,103.64595031738281,31196900
2015-11-13 00:00:00-05:00,103.2111934838945,103.32220564424186,101.55529914550443,101.61080169677734,52836000
2015-11-16 00:00:00-05:00,101.5090226891882,103.09090850486248,101.27775270927441,103.07240295410156,33980600
2015-11-17 00:00:00-05:00,103.24818866447916,103.8772434034519,102.87815521958915,103.13717651367188,30579500
2015-11-18 00:00:00-05:00,103.55344113481073,105.21858063764566,103.45168178622757,105.1168212890625,32966500
2015-11-19 00:00:00-05:00,105.17237369320058,105.67191786474532,104.98735341236805,105.19087219238281,26188100
2015-11-20 00:00:00-05:00,105.69039620668221,105.98642154175432,105.58863683608236,105.90316772460938,22727600
2015-11-23 00:00:00-05:00,105.94017552866717,106.3287145550685,105.14461309392512,105.597900390625,20696200
2015-11-24 00:00:00-05:00,104.91334325026976,105.75516251712244,104.38604078902392,105.5053939819336,26374400
2015-11-25 00:00:00-05:00,105.66265571872499,105.79216637492496,105.37588313111098,105.597900390625,14159900
2015-11-27 00:00:00-05:00,105.82916389343946,105.95867454164286,105.38512234402711,105.74590301513672,8828000
2015-11-30 00:00:00-05:00,106.06044327074788,106.06044327074788,105.1353630975321,105.4776382446289,25041600
2015-12-01 00:00:00-05:00,105.90316423458256,106.53221893310547,105.77364653806859,106.53221893310547,28639400
2015-12-02 00:00:00-05:00,106.61547118928564,107.07801119444524,105.71814245002798,105.87540435791016,22395500
2015-12-03 00:00:00-05:00,106.16216388249752,106.34717702645061,103.46092539930888,104.08073425292969,42754300
2015-12-04 00:00:00-05:00,104.39528346489124,106.68948512144098,104.18251900324474,106.51371765136719,40037300
2015-12-07 00:00:00-05:00,106.58768496240664,106.65244025958023,105.5238418878707,106.03263854980469,25892100
2015-12-08 00:00:00-05:00,104.92259260782234,106.38422099008018,104.88558855358524,106.04193878173828,30792600
2015-12-09 00:00:00-05:00,105.57939415378283,106.1621991607222,103.79398919592042,104.43229675292969,48509200
2015-12-10 00:00:00-05:00,104.67279800510939,105.60713073303428,104.35826715129905,104.90406799316406,30154600
2015-12-11 00:00:00-05:00,103.69220846798659,103.96973527680305,102.42485345029793,102.48960876464844,56022200
2015-12-14 00:00:00-05:00,102.6283774557665,103.31293467956421,101.18524785650068,103.26667785644531,53098500
2015-12-15 00:00:00-05:00,104.21952800668917,104.79307315473947,103.76623367366741,103.89574432373047,48428000
2015-12-16 00:00:00-05:00,104.59880938023082,105.61639610547783,103.5072145511619,105.44063568115234,44944100
2015-12-17 00:00:00-05:00,105.90315967369074,105.90315967369074,103.8864850262599,103.90498352050781,45668800
2015-12-18 00:00:00-05:00,103.58209868167884,103.81407507966829,101.91187286376953,101.91187286376953,53746100
2015-12-21 00:00:00-05:00,102.87684580954867,103.06242400650895,102.11596387504444,103.04386901855469,26432800
2015-12-22 00:00:00-05:00,103.59133864699263,103.86971304595072,103.04387796289143,103.72124481201172,26540300
2015-12-23 00:00:00-05:00,104.2594482174286,104.5656586893902,104.07386997467644,104.49142456054688,25656900
2015-12-24 00:00:00-05:00,104.49140905399759,104.760502421604,104.42645597073776,104.47284698486328,11468600
2015-12-28 00:00:00-05:00,104.22231604252346,104.43573736216649,103.47071506518371,104.41717529296875,19183600
2015-12-29 00:00:00-05:00,105.03887645495278,106.29155426540756,104.97392336754336,106.05957794189453,27725700
2015-12-30 00:00:00-05:00,105.96678062768686,106.00389768857885,105.08527343940754,105.10382843017578,19520100
2015-12-31 00:00:00-05:00,104.73267277661911,104.92753203826761,103.77692437993038,103.79548645019531,29886800
2016-01-04 00:00:00-05:00,101.55923087117432,101.6984180801513,100.32512221927914,101.60562896728516,50807600
2016-01-05 00:00:00-05:00,102.10669524099971,102.2366014105183,100.95609470553988,101.4293212890625,38795200
2016-01-06 00:00:00-05:00,99.66630666968844,101.03960248033528,99.66630666968844,100.45502471923828,41891100
2016-01-07 00:00:00-05:00,98.31154992788072,99.55494653692138,97.25373860044928,97.30941772460938,61386300
2016-01-08 00:00:00-05:00,98.01460759055378,98.6270283198167,96.4093358232804,96.51140594482422,69344000
2016-01-11 00:00:00-05:00,97.19807574797389,97.48572411247874,95.32371024226103,96.80835723876953,50024100
2016-01-12 00:00:00-05:00,97.73628541406198,98.43221452054884,96.57640356991719,97.93114471435547,46734200
2016-01-13 00:00:00-05:00,98.33014084570156,98.57139824290097,94.40509771015604,94.5535659790039,69870700
2016-01-14 00:00:00-05:00,94.92472632208906,97.41151310530367,93.41223597224652,96.5671157836914,78445700
2016-01-15 00:00:00-05:00,93.36583595327252,94.59067069389286,92.33586048055135,93.5699691772461,91443900
2016-01-19 00:00:00-05:00,94.84120141504715,94.98966966356673,92.67918033163187,93.77410888671875,56563800
2016-01-20 00:00:00-05:00,92.29875525294875,94.48861265777917,90.23880404337464,93.4864730834961,86675000
2016-01-21 00:00:00-05:00,93.88546461826967,94.97111219054325,92.6235127621828,93.57925415039062,61660100
2016-01-22 00:00:00-05:00,95.46291437410841,96.3258667639904,95.13814886810059,96.28874969482422,42229800
2016-01-25 00:00:00-05:00,95.9453961924337,96.49285684577649,94.77623369359479,94.85974884033203,38881500
2016-01-26 00:00:00-05:00,95.25873792156926,96.12168284082728,94.42362194237168,95.71340942382812,36143900
2016-01-27 00:00:00-05:00,95.15668695266491,95.56496045185013,92.9297129196294,93.3287124633789,54524700
2016-01-28 00:00:00-05:00,94.87830809050915,94.91542514857571,93.03177869766631,94.64633178710938,47641500
2016-01-29 00:00:00-05:00,94.61848559332748,96.65987401208484,94.59064957260826,96.62275695800781,54245100
2016-02-01 00:00:00-05:00,96.15884191788831,97.24449670499064,95.78768539101797,96.88261413574219,32750300
2016-02-02 00:00:00-05:00,96.43718490667682,96.47430196311693,94.49785941397086,94.78551483154297,44928100
2016-02-03 00:00:00-05:00,95.41650382666022,95.41650382666022,92.67917894035712,94.33085632324219,61572900
2016-02-04 00:00:00-05:00,94.0803292193852,95.07318772771637,93.19882190913701,94.32158660888672,49321600
2016-02-05 00:00:00-05:00,93.9875478748405,94.02466494394093,90.6749255607161,91.04608917236328,70749900
2016-02-08 00:00:00-05:00,89.34801010586843,90.05322017859417,88.00254305399982,89.65422058105469,91673100
2016-02-09 00:00:00-05:00,88.45718475421651,90.730549157188,88.31799758928182,89.37580871582031,73778400
2016-02-10 00:00:00-05:00,90.40578683514555,91.5749491484277,89.6541860305695,89.7191390991211,59421700
2016-02-11 00:00:00-05:00,88.5778584949482,90.30376329742413,88.3273271239759,89.58927917480469,76839200
2016-02-12 00:00:00-05:00,90.60069130970032,91.04608905899374,89.75630099662756,90.95329284667969,49186500
2016-02-16 00:00:00-05:00,92.29874958244108,93.00395965576172,91.72344569639579,93.00395965576172,40565900
2016-02-17 00:00:00-05:00,93.68131555672734,95.24019669927657,93.44005820341408,95.11029052734375,41766500
2016-02-18 00:00:00-05:00,95.40722755946975,95.42578255150558,93.90401834775159,94.02465057373047,38991500
2016-02-19 00:00:00-05:00,93.5699554581296,94.59065682512234,93.36582226408579,94.3030014038086,28257900
2016-02-22 00:00:00-05:00,95.18454492967174,95.92686505897805,95.09175579842807,95.83407592773438,23979100
2016-02-23 00:00:00-05:00,95.27730901918379,95.53712135012238,94.19166160232395,94.2566146850586,29869700
2016-02-24 00:00:00-05:00,93.1524211030954,95.27732528584882,92.57711721539918,95.15670013427734,40739100
2016-02-25 00:00:00-05:00,95.3515596370458,96.09387969970703,94.49788129991875,96.09387969970703,29389300
2016-02-26 00:00:00-05:00,96.82693026929249,96.8454923423446,95.74128261451305,95.97325897216797,30925000
2016-02-29 00:00:00-05:00,95.88045360334218,96.59493754897267,95.11029052734375,95.11029052734375,27553900
2016-03-01 00:00:00-05:00,96.01964971074923,98.1631088256836,95.72272027889964,98.1631088256836,37699800
2016-03-02 00:00:00-05:00,98.04251408666951,98.21881134568365,97.43937400008448,98.20025634765625,29209800
2016-03-03 00:00:00-05:00,98.09817124371449,98.12600727620207,97.30945297935168,98.01465606689453,25474600
2016-03-04 00:00:00-05:00,98.12599957560724,98.68274141973936,97.40223447029983,98.05176544189453,31655400
2016-03-07 00:00:00-05:00,97.55069381931814,98.1167166893327,96.75269459534209,97.44862365722656,25861200
2016-03-08 00:00:00-05:00,96.78052937936117,97.62491955388069,96.47431891942684,96.64134216308594,28898500
2016-03-09 00:00:00-05:00,97.00322626959979,97.28159362736234,96.46503946682712,97.2630386352539,31047400
2016-03-10 00:00:00-05:00,97.67131237332914,98.22805412898252,95.86189281826131,97.11457061767578,44236100
2016-03-11 00:00:00-05:00,98.16310642511357,98.81263732910156,97.85689596493813,98.81263732910156,31454000
2016-03-14 00:00:00-04:00,98.44148083065487,99.21164401438189,98.41364480125497,98.97966766357422,25374900
2016-03-15 00:00:00-04:00,98.627066219977,99.05390185620462,98.3115747014179,98.94255065917969,26524600
2016-03-16 00:00:00-04:00,98.70127882966138,100.08385559764253,98.67343572695897,99.82404327392578,31693100
2016-03-17 00:00:00-04:00,99.53639526437652,100.00034789968599,99.16523881961326,99.76837158203125,29623700
2016-03-18 00:00:00-04:00,100.00849945716193,100.17601816715475,99.3942689207592,99.92474365234375,37682300
2016-03-21 00:00:00-04:00,99.74789575104688,100.40866188707662,99.69205855937972,100.31559753417969,17288600
2016-03-22 00:00:00-04:00,99.74789825109674,100.85538324928642,99.72928822019291,100.62271881103516,18840300
2016-03-23 00:00:00-04:00,100.42728114736528,100.50172837104844,99.57107062163509,99.79443359375,20912900
2016-03-24 00:00:00-04:00,99.31051532065858,99.85029867013992,99.1429965949698,99.82238006591797,19017300
2016-03-28 00:00:00-04:00,100.10154767381597,100.12016480545302,99.50592726782622,99.68275451660156,13892300
2016-03-29 00:00:00-04:00,99.49665420217396,101.34866170878968,99.32913547140144,101.28351593017578,29963900
2016-03-30 00:00:00-04:00,101.88841488598135,102.40958096047547,101.56267898906728,101.7767333984375,23807200
2016-03-31 00:00:00-04:00,101.70231537455383,102.08388860125915,101.46965085105774,101.62786102294922,21447200
2016-04-01 00:00:00-04:00,101.01361552171754,102.7446398900556,100.87401540807285,102.70741271972656,26389000
2016-04-04 00:00:00-04:00,102.70739526240021,102.78184959040317,102.07454767508612,102.31652069091797,17163000
2016-04-05 00:00:00-04:00,101.52545437268036,101.90702747275809,101.19972556795267,101.33001708984375,20107900
2016-04-06 00:00:00-04:00,101.43240504972205,103.03313781349772,101.43240504972205,102.99591064453125,25056000
2016-04-07 00:00:00-04:00,102.40026577524291,102.58640157578351,101.07873354300119,101.51614379882812,28567200
2016-04-08 00:00:00-04:00,102.14902110274298,102.3909870634617,101.0880715815706,101.44171905517578,22898000
2016-04-11 00:00:00-04:00,101.87910995742851,102.39096748447889,101.06012655357912,101.0694351196289,25772100
2016-04-12 00:00:00-04:00,101.14388839366124,102.11177334244692,100.52965084717295,101.91633605957031,28564100
2016-04-13 00:00:00-04:00,102.69805760382908,103.37744072877707,102.56776611691087,103.21923065185547,25356700
2016-04-14 00:00:00-04:00,103.23786233737786,103.61012684968131,102.37235036392322,103.22855377197266,17199700
2016-04-15 00:00:00-04:00,103.14479140200271,103.35883869017772,102.70738116048699,102.96796417236328,21353300
2016-04-18 00:00:00-04:00,102.6701649760879,103.55428701808046,102.60501921615536,103.5170669555664,17126100
2016-04-19 00:00:00-04:00,103.71250882248884,103.71250882248884,102.26067780779167,102.88422393798828,42481400
2016-04-20 00:00:00-04:00,102.88420839012642,103.44260157276914,102.53055393084755,102.96796417236328,18078300
2016-04-21 00:00:00-04:00,102.91214153030339,103.3495518336448,102.51195839111396,102.97728729248047,20216000
2016-04-22 00:00:00-04:00,101.63714303260713,102.11178052460909,100.62272938341812,101.423095703125,39074000
2016-04-25 00:00:00-04:00,101.11597690827926,101.43239716937663,100.92984107790795,101.423095703125,14351900
2016-04-26 00:00:00-04:00,101.63713435279166,101.80465303564179,100.62272079023363,100.9298324584961,19118300
2016-04-27 00:00:00-04:00,99.89678476571554,100.35281210831523,99.29186299758234,100.12014770507812,33059800
2016-04-28 00:00:00-04:00,100.23183346497984,100.8181523719946,98.71486393960947,98.9103012084961,29818200
2016-04-29 00:00:00-04:00,98.9103186692217,99.11506453953876,97.60739621294996,98.38915252685547,67502800
2016-05-02 00:00:00-04:00,98.64041043671834,99.45939378020809,98.23092586532843,99.31979370117188,24813800
2016-05-03 00:00:00-04:00,98.61249243155764,99.05921126707783,98.137855000134,98.39844512939453,38569400
2016-05-04 00:00:00-04:00,97.80281454220763,98.16577757848918,97.52362149168576,97.76559448242188,27474500
2016-05-05 00:00:00-04:00,98.11926695039519,98.33332140086593,97.54225647115996,97.7376937866211,20788100
2016-05-06 00:00:00-04:00,97.25373799136356,98.27746012909631,97.16067363345248,98.25885009765625,30758500
2016-05-09 00:00:00-04:00,98.26814856118685,98.99406757157003,98.2216199338304,98.53804016113281,19289600
2016-05-10 00:00:00-04:00,98.8917085570275,99.93404084093055,98.71488128728416,99.88751220703125,21178900
2016-05-11 00:00:00-04:00,99.73861001941586,100.03642027707856,98.956860755685,98.98477935791016,20966300
2016-05-12 00:00:00-04:00,99.21742273473036,99.33840568541868,97.84935471390615,98.54734802246094,29196300
2016-05-13 00:00:00-04:00,98.46361031003575,99.06853227488702,97.98897278498278,98.18441009521484,21059300
2016-05-16 00:00:00-04:00,98.33332798219985,99.77584362629891,98.24025650163591,99.41288757324219,18311900
2016-05-17 00:00:00-04:00,99.32909354021756,99.61759513795313,97.90518137956862,98.165771484375,29932700
2016-05-18 00:00:00-04:00,97.9424216945327,99.04990671258265,97.75629298073595,98.5194320678711,27524400
2016-05-19 00:00:00-04:00,98.13787515938101,98.37984820750809,97.29098014147091,98.00758361816406,27334600
2016-05-20 00:00:00-04:00,98.39846569619792,99.48733376615273,98.34262139236368,99.08715057373047,29549600
2016-05-23 00:00:00-04:00,99.19880641850098,99.55246090863443,98.86377615996929,98.95684051513672,15729800
2016-05-24 00:00:00-04:00,99.50594907316507,101.06014618873907,99.47803046994686,100.93916320800781,29931300
2016-05-25 00:00:00-04:00,101.32073069259421,101.9721883989339,101.14390341500638,101.66506958007812,37951700
2016-05-26 00:00:00-04:00,101.76741521855539,102.09314398434198,101.52544223524767,101.96285247802734,21885900
2016-05-27 00:00:00-04:00,102.02804102404356,102.50267862489463,102.00943098691653,102.49337005615234,19870000
2016-05-31 00:00:00-04:00,102.63295979098697,102.84701424823447,102.16763080600762,102.68879699707031,24366100
2016-06-01 00:00:00-04:00,102.3723683860287,102.9307617026085,102.28861258370203,102.6980972290039,19571500
2016-06-02 00:00:00-04:00,102.4933472261464,102.92144898828553,101.93495393206737,102.91214752197266,15696600
2016-06-03 00:00:00-04:00,102.7167085271866,102.76323715905022,101.75812498609879,102.4281997680664,20269900
2016-06-06 00:00:00-04:00,102.61430924687478,103.07032948403233,102.43748203027421,102.8004379272461,12502400
2016-06-07 00:00:00-04:00,102.8562914427634,102.95866436332857,102.49333548816155,102.53987121582031,12184300
2016-06-08 00:00:00-04:00,102.71669006347656,102.93073735235629,102.33511700886247,102.71669006347656,14568700
2016-06-09 00:00:00-04:00,102.29791273148474,102.66086873759993,102.10247542821935,102.5491943359375,17571600
2016-06-10 00:00:00-04:00,101.61851341688399,101.81395067584428,101.0321945396485,101.38584899902344,32965000
2016-06-13 00:00:00-04:00,100.8088549381415,101.3765567772696,100.40867179089308,100.5389633178711,25154700
2016-06-14 00:00:00-04:00,100.26907169760071,100.90191930021783,99.80374278686328,100.5389633178711,24588500
2016-06-15 00:00:00-04:00,100.78093241725273,100.92053250511198,100.08293907831185,100.25045776367188,24605700
2016-06-16 00:00:00-04:00,99.75721345656318,100.64133554062306,99.11505729213414,100.54827117919922,32079900
2016-06-17 00:00:00-04:00,100.34019113900104,100.48016307193784,99.13644390657363,99.3697280883789,29208800
2016-06-20 00:00:00-04:00,100.52681405635212,101.00270862017753,99.92027381229514,99.99492645263672,20562800
2016-06-21 00:00:00-04:00,100.12555510231705,100.51747074641374,99.93892351993749,100.31217956542969,22804100
2016-06-22 00:00:00-04:00,100.36816824008628,100.95604884166173,99.98558594440637,100.06956481933594,22724200
2016-06-23 00:00:00-04:00,100.84406829953925,101.51592776545368,100.42415969297623,101.49726104736328,18714200
2016-06-24 00:00:00-04:00,97.88599377075604,99.37901034266142,97.10215562096536,97.31678009033203,68012700
2016-06-27 00:00:00-04:00,96.67296478498963,96.67296478498963,94.94666324082823,95.38523864746094,48222600
2016-06-28 00:00:00-04:00,96.43968905541988,97.52213118535362,96.39303648591726,97.47547149658203,28260600
2016-06-29 00:00:00-04:00,98.24062968576729,99.40705054947419,98.1939771227798,99.2017593383789,31356700
2016-06-30 00:00:00-04:00,99.36973658597799,100.41485237277521,99.0338067659099,100.34953308105469,36300800
2016-07-01 00:00:00-04:00,100.3028544990235,101.22666488982767,100.26552817946164,100.85340881347656,19902800
2016-07-05 00:00:00-04:00,100.32152720257126,100.46149912946062,99.69632021170116,100.23754119873047,21167900
2016-07-06 00:00:00-04:00,99.76163367510196,101.10534548886251,99.44436354068512,101.0586929321289,24579300
2016-07-07 00:00:00-04:00,101.1520010001698,101.58124294848791,100.88139055289533,101.35729217529297,19161700
2016-07-08 00:00:00-04:00,101.89850144515925,102.98094318639728,101.7305365928729,102.92495727539062,29457900
2016-07-11 00:00:00-04:00,103.27023799177904,103.89543787888317,103.26091175055166,103.51285552978516,20218500
2016-07-12 00:00:00-04:00,104.14736407341591,104.31532892615269,103.89541323467756,104.03538513183594,21906100
2016-07-13 00:00:00-04:00,104.27800849344635,104.34332776656866,103.774113906817,103.783447265625,21107800
2016-07-14 00:00:00-04:00,104.47396328780731,104.68858781857587,104.23134580069213,104.49263000488281,20871000
2016-07-15 00:00:00-04:00,104.73523646475805,104.79122949462868,104.09137713500988,104.32466125488281,17999300
2016-07-18 00:00:00-04:00,104.389952413259,105.20177637547613,104.37128570190663,105.01515197753906,20713900
2016-07-19 00:00:00-04:00,104.65129611778089,104.95923297797918,104.44600487764869,104.63262939453125,18936700
2016-07-20 00:00:00-04:00,105.20181113917113,106.05096880469519,105.07117259359309,105.85501098632812,24997900
2016-07-21 00:00:00-04:00,105.92967455829755,106.13496577042457,105.32314140153609,105.61241149902344,18885400
2016-07-22 00:00:00-04:00,105.68702648458958,106.17225426095457,105.36043018133762,106.05094909667969,20003400
2016-07-25 00:00:00-04:00,105.96701387552913,106.08832621717276,105.70573670778727,106.06033325195312,12968100
2016-07-26 00:00:00-04:00,106.02297860071043,106.56419239532988,105.64972255253817,106.18161010742188,21223800
2016-07-27 00:00:00-04:00,107.07743951850517,107.19874473018652,106.47089922156195,106.91880798339844,27646100
2016-07-28 00:00:00-04:00,107.08676202426018,107.41335842204141,106.75083226675162,107.29205322265625,16939700
2016-07-29 00:00:00-04:00,107.53464056951525,107.8145843471841,107.18938464555846,107.52531433105469,22385300
2016-08-01 00:00:00-04:00,107.59998977828018,108.36516158167427,107.46935121081786,108.09455108642578,13990100
2016-08-02 00:00:00-04:00,107.93590255813612,108.02921478887491,106.58285741425644,107.27337646484375,21278400
2016-08-03 00:00:00-04:00,107.18938443312835,107.63728593339165,107.12406516770388,107.6279525756836,15011300
2016-08-04 00:00:00-04:00,107.590634271631,108.0385357755921,107.3386834462951,107.9358901977539,12835300
2016-08-05 00:00:00-04:00,108.48646702923438,109.21431246445016,108.36515471052006,108.97169494628906,23196600
2016-08-08 00:00:00-04:00,109.02767868900607,109.05567876764316,108.50512446272536,108.85038757324219,12358200
2016-08-09 00:00:00-04:00,108.93435295538232,109.44758087780049,108.8690336851897,109.1023178100586,13276500
2016-08-10 00:00:00-04:00,109.16764366461173,109.19563662220173,108.53311052192632,108.8223876953125,14688400
2016-08-11 00:00:00-04:00,109.19562109197051,109.52222453544816,108.97167034383473,109.2889404296875,12969800
2016-08-12 00:00:00-04:00,109.10232458756909,109.37293504353948,108.98101939803765,109.36360168457031,19379000
2016-08-15 00:00:00-04:00,109.50357330733199,110.0821205343783,109.46624699081929,109.83016967773438,11777800
2016-08-16 00:00:00-04:00,109.62488945939056,109.63421569939553,109.20497372335025,109.22364044189453,14161400
2016-08-17 00:00:00-04:00,109.25163656500176,109.45692775933226,108.64509634155274,109.41960144042969,15980300
2016-08-18 00:00:00-04:00,109.31696275357591,109.60623284427245,109.13033114726535,109.44760131835938,10036300
2016-08-19 00:00:00-04:00,109.25163656500176,109.66221183439538,108.95303313304849,109.41960144042969,18743000
2016-08-22 00:00:00-04:00,109.26096829001756,109.69021741931122,109.05568420464948,109.50358581542969,14500600
2016-08-23 00:00:00-04:00,109.93283098607297,110.11946259532026,109.65289425110399,109.69954681396484,11997900
2016-08-24 00:00:00-04:00,109.62487426299268,109.7741723943151,108.62641853729642,108.99034118652344,17728700
2016-08-25 00:00:00-04:00,108.7104189748622,109.1489943364187,108.57978041430505,108.81306457519531,24266300
2016-08-26 00:00:00-04:00,108.85038974684227,109.68088078130825,108.31850215039476,108.97169494628906,23896000
2016-08-29 00:00:00-04:00,108.99966701362035,109.41024933192237,108.98100741700033,109.12097930908203,11184900
2016-08-30 00:00:00-04:00,108.9436861522559,109.26094914435932,108.39313903562947,108.76638793945312,19843300
2016-08-31 00:00:00-04:00,108.59844878925632,108.76641368343928,108.19719971533416,108.6544418334961,16169800
2016-09-01 00:00:00-04:00,108.69176154195095,109.06501051140445,108.1598739292852,108.93437194824219,20944700
2016-09-02 00:00:00-04:00,109.47556486658966,109.69951561472543,108.87835812538366,109.2889404296875,18088200
2016-09-06 00:00:00-04:00,109.47559251854466,109.97015380859375,109.23297499387743,109.97015380859375,18525200
2016-09-07 00:00:00-04:00,110.07276484653849,110.22207008230183,109.61553002072787,110.03543853759766,17546900
2016-09-08 00:00:00-04:00,109.70887987724865,109.73687283874297,109.10233960755588,109.39161682128906,20125300
2016-09-09 00:00:00-04:00,108.47713531587216,108.7197528377155,106.62019537998894,106.63885498046875,50813300
2016-09-12 00:00:00-04:00,106.04163355453035,108.70107121245812,106.03230019593644,108.55177307128906,39646000
2016-09-13 00:00:00-04:00,108.01054072746001,108.32780369334272,107.05874471054601,107.581298828125,45863900
2016-09-14 00:00:00-04:00,107.69330914298295,108.68243175927417,107.66530906201133,108.09455108642578,28221800
2016-09-15 00:00:00-04:00,108.12253658942629,109.94215004750748,108.11320323036081,109.77418518066406,38521400
2016-09-16 00:00:00-04:00,109.65634932957359,109.83409181269374,109.17925521741758,109.72183227539062,27596500
2016-09-19 00:00:00-04:00,110.00242953900276,110.339200888671,109.02954245896467,109.24469757080078,16222900
2016-09-20 00:00:00-04:00,109.63760014850563,109.8995389836123,109.26341608684594,109.45050811767578,18078600
2016-09-21 00:00:00-04:00,109.91826910317388,110.68535801483524,109.27278932414121,110.52632904052734,31546800
2016-09-22 00:00:00-04:00,111.1717938953363,111.52727879783609,111.05954151526647,111.4056625366211,22614400
2016-09-23 00:00:00-04:00,111.32148371185866,111.32148371185866,110.53568842911487,110.69471740722656,22213400
2016-09-26 00:00:00-04:00,110.0679362759527,110.19890213876832,109.60954861899381,109.7685775756836,16403900
2016-09-27 00:00:00-04:00,109.69375795511164,110.90987070119361,109.59085517405249,110.85374450683594,20238400
2016-09-28 00:00:00-04:00,110.99404781928268,111.10630018846858,110.47017726036776,111.04081726074219,14794300
2016-09-29 00:00:00-04:00,110.85373714093481,111.05954268937793,109.75923360105601,110.23632049560547,27207500
2016-09-30 00:00:00-04:00,110.52631958653643,111.38695446022795,110.41406007110102,111.05953979492188,25543200
2016-10-03 00:00:00-04:00,110.91920378495058,111.04081289248592,110.47017291456001,110.90049743652344,19216400
2016-10-04 00:00:00-04:00,111.22790936782387,111.47113471410606,110.3111413008239,110.73210906982422,21239700
2016-10-05 00:00:00-04:00,111.05953995502797,111.48050064858488,111.01276337258635,111.1250228881836,14481300
2016-10-06 00:00:00-04:00,110.98469701411919,111.30276206373883,110.52631649550996,111.06889343261719,11987100
2016-10-07 00:00:00-04:00,111.17176638247372,111.33080244338848,110.28306862036878,110.82564544677734,19984200
2016-10-10 00:00:00-04:00,111.39633970339904,111.77053104681119,111.34956310905767,111.52730560302734,19687300
2016-10-11 00:00:00-04:00,111.4337309316131,111.4524372822815,109.45052231685607,109.93696594238281,27774400
2016-10-12 00:00:00-04:00,110.03987073863794,110.21761319022812,109.50665052097193,109.84342193603516,14267800
2016-10-13 00:00:00-04:00,109.09503040425768,109.74985964926563,108.45890750749133,109.45050811767578,22821000
2016-10-14 00:00:00-04:00,109.99310065392115,110.43277483976225,109.51600662916755,109.58148956298828,21313300
2016-10-17 00:00:00-04:00,109.48793290585922,109.73115826662736,109.14180478234702,109.2821273803711,14182700
2016-10-18 00:00:00-04:00,110.58242712228369,110.76952628311552,110.19888633250909,110.25501251220703,19276700
2016-10-19 00:00:00-04:00,110.17083445650215,110.40470309366957,110.04922533453268,110.24567413330078,13702900
2016-10-20 00:00:00-04:00,110.13343669585693,110.35794861960561,109.4786001406907,110.1147232055664,18132200
2016-10-21 00:00:00-04:00,110.19891434721549,110.59181197918971,109.83407981222442,110.52632904052734,15707800
2016-10-24 00:00:00-04:00,111.23728865344059,111.92953786242191,111.21857516457078,111.85469818115234,19143000
2016-10-25 00:00:00-04:00,111.92017486605596,111.93888835388042,111.33082846746532,111.49921417236328,20341800
2016-10-26 00:00:00-04:00,110.77892070179603,111.3495608832439,110.41408611196623,110.74150085449219,20463700
2016-10-27 00:00:00-04:00,111.21857165422776,111.31211768430973,110.07729153075566,110.23632049560547,19099800
2016-10-28 00:00:00-04:00,109.9182509713796,110.48889097292273,109.20728837096289,109.54405975341797,35369300
2016-10-31 00:00:00-04:00,109.94631920668733,109.94631920668733,109.38503592204168,109.441162109375,18749400
2016-11-01 00:00:00-04:00,109.6282415640513,109.64694791076077,107.67309645762532,108.61792755126953,23498700
2016-11-02 00:00:00-04:00,108.54309954984244,108.7956816487215,107.47665924527313,107.7479476928711,26960100
2016-11-03 00:00:00-04:00,107.57021339068451,107.92569827713587,106.56925593665821,106.69087219238281,36205200
2016-11-04 00:00:00-04:00,106.42893328315502,107.14925266224927,106.12958172144296,106.31668090820312,26997500
2016-11-07 00:00:00-05:00,108.03793681589889,108.95470487126461,107.86020153253969,108.84244537353516,26591200
2016-11-08 00:00:00-05:00,108.73020601668117,110.04922137151159,108.47762390085771,109.55342102050781,20777900
2016-11-09 00:00:00-05:00,108.27183374674689,110.23632907986487,108.1408678670127,110.05859375,70234400
2016-11-10 00:00:00-05:00,110.59180466225472,110.74147688196399,106.8311928990096,108.28118133544922,72825400
2016-11-11 00:00:00-05:00,107.81343569613084,108.56181814799548,107.42988772684662,108.32794952392578,41115200
2016-11-14 00:00:00-05:00,108.35602565614614,108.45892843408818,106.67216850537194,107.23345184326172,35906000
2016-11-15 00:00:00-05:00,108.04729013388399,109.09502400150906,107.88826120330162,108.72083282470703,31796600
2016-11-16 00:00:00-05:00,108.20633187924439,109.44115791295827,108.20633187924439,109.36632537841797,16538100
2016-11-17 00:00:00-05:00,109.31019850793402,110.18019011511164,109.08568661685395,110.16148376464844,20598600
2016-11-18 00:00:00-05:00,110.29245490141294,110.47954696340565,109.6469751544601,109.7498779296875,16428700
2016-11-21 00:00:00-05:00,110.02114469244388,110.99403892434339,109.98372486001276,110.8911361694336,20268500
2016-11-22 00:00:00-05:00,111.33080038981208,111.49918605224315,110.95660923584279,111.22789764404297,18850600
2016-11-23 00:00:00-05:00,110.86308130118532,110.98469041277777,110.29244130422168,110.77888488769531,22926000
2016-11-25 00:00:00-05:00,110.90983465901597,111.18112307209311,110.77886882333773,111.13435363769531,7162800
2016-11-28 00:00:00-05:00,110.9940343950562,111.39628865589711,110.76952254673427,110.88177490234375,13479000
2016-11-29 00:00:00-05:00,110.98468227868688,111.79854757629086,110.6666244084,111.26532745361328,18553000
2016-11-30 00:00:00-05:00,111.40568296062224,111.44310280654054,109.88086170925749,109.91828155517578,30405300
2016-12-01 00:00:00-05:00,109.88082582315742,109.89018256585763,107.85084802052715,108.01923370361328,39796600
2016-12-02 00:00:00-05:00,108.0847409156546,108.66473776263669,107.78538931591339,108.23441314697266,32876800
2016-12-05 00:00:00-05:00,108.79569400700143,109.50664953273711,108.29988649583501,109.07633209228516,21419700
2016-12-06 00:00:00-05:00,109.38504104837143,109.52536366038511,108.87988392738491,109.33826446533203,27293300
2016-12-07 00:00:00-05:00,109.11376832541605,110.86310858198459,108.78635360817208,110.72278594970703,26622400
2016-12-08 00:00:00-05:00,110.76955536923415,111.19987284648624,110.55439306205555,110.91922760009766,18578400
2016-12-09 00:00:00-05:00,111.33084212880043,111.8266425604214,111.32148538374004,111.78922271728516,21863100
2016-12-12 00:00:00-05:00,111.29339910150968,111.51791097645251,110.82566186540153,111.28404235839844,23259300
2016-12-13 00:00:00-05:00,111.62080795785947,113.29530803284679,111.62080795785947,112.68724822998047,54477900
2016-12-14 00:00:00-05:00,112.82759092179296,113.19242544108926,112.12598497897629,112.45339965820312,28746000
2016-12-15 00:00:00-05:00,112.60308619442787,113.29533543706653,112.33179768946424,112.63114929199219,22762300
2016-12-16 00:00:00-05:00,112.90791171141194,113.13309469177646,111.98843959532627,112.21361541748047,26283900
2016-12-19 00:00:00-05:00,112.32621052350372,113.36765857703085,112.16671127593557,112.67335510253906,21138700
2016-12-20 00:00:00-05:00,113.02988895682617,113.31135694830694,112.89853579582639,113.10494995117188,11461800
2016-12-21 00:00:00-05:00,113.15185333903817,113.22691433048833,112.76717828472387,113.02050018310547,7079300
2016-12-22 00:00:00-05:00,113.02990577851953,113.05805186603541,112.26054836750235,112.70152282714844,16645000
2016-12-23 00:00:00-05:00,112.5138516049483,112.82347283256323,112.41064452907666,112.77655792236328,9007500
2016-12-27 00:00:00-05:00,113.0205090374104,114.01504219830366,112.9736012827368,113.3582763671875,16110600
2016-12-28 00:00:00-05:00,113.60221175276284,113.70541882611197,112.4012645263839,112.476318359375,17975200
2016-12-29 00:00:00-05:00,112.44818666840145,112.71089301301687,111.9603044795744,112.31683349609375,13267500
2016-12-30 00:00:00-05:00,112.5326192881425,112.54199654351892,110.8437827530598,111.16278839111328,41749000
2017-01-03 00:00:00-05:00,111.90399667564017,112.57953131532948,111.54746768611992,112.1573257446289,22307600
2017-01-04 00:00:00-05:00,112.27931488596286,112.9736184796423,112.26993762852715,112.76720428466797,19749100
2017-01-05 00:00:00-05:00,112.68272479138875,113.48022808322374,112.68272479138875,113.4051742553711,20644300
2017-01-06 00:00:00-05:00,113.52716244027745,114.69996370515635,113.23631001721495,114.39972686767578,24074300
2017-01-09 00:00:00-05:00,114.49354924791847,114.98143858147336,114.41848824918527,114.7750244140625,18909200
2017-01-10 00:00:00-05:00,114.8219061917892,115.3754719844417,114.55919991386972,115.0283203125,16176600
2017-01-11 00:00:00-05:00,115.07522252302927,115.33792877197266,114.48412630469822,115.33792877197266,20686000
2017-01-12 00:00:00-05:00,114.92513823602133,115.23475948439689,114.09010431758597,115.15969848632812,19622500
2017-01-13 00:00:00-05:00,115.21598179832553,115.75077880835686,115.21598179832553,115.55374908447266,16930800
2017-01-17 00:00:00-05:00,115.25351938771648,115.43178746584385,114.86884430538085,115.20661163330078,14538500
2017-01-18 00:00:00-05:00,115.37547790712917,115.55374595838683,115.08462553567472,115.44115447998047,12499700
2017-01-19 00:00:00-05:00,115.61004061058595,116.01348446914342,115.14092017776144,115.3848648071289,12710700
2017-01-20 00:00:00-05:00,115.89152840940088,116.18238799511333,115.32858522530951,115.6382064819336,22091000
2017-01-23 00:00:00-05:00,115.56314148128232,115.90090881168643,115.000198316679,115.73202514648438,17434200
2017-01-24 00:00:00-05:00,115.95719917572266,116.6890331523472,115.76016942908896,116.5107650756836,17640900
2017-01-25 00:00:00-05:00,117.24258123760015,117.71170168452952,117.1393741666189,117.68355560302734,15036200
2017-01-26 00:00:00-05:00,117.84305722889974,118.04947137505188,117.5991125872463,117.80552673339844,16052200
2017-01-27 00:00:00-05:00,118.05884676351559,118.14328500328111,117.6460185027698,118.03070068359375,15053000
2017-01-30 00:00:00-05:00,117.63664922027642,117.63664922027642,116.46384801795914,117.11123657226562,25006700
2017-01-31 00:00:00-05:00,116.6984027724032,116.90481691962113,116.20113623131095,116.87667083740234,19091100
2017-02-01 00:00:00-05:00,117.70231727129215,117.91811582649203,117.14875857985626,117.68355560302734,22861900
2017-02-02 00:00:00-05:00,117.47713808579262,117.93687410627578,117.14875521401892,117.5803451538086,15101400
2017-02-03 00:00:00-05:00,117.7023151571723,118.04008244555139,117.58973083318581,117.9181137084961,16957200
2017-02-06 00:00:00-05:00,117.72110867836311,118.07763770946121,117.6085171725478,118.05887603759766,11630100
2017-02-07 00:00:00-05:00,118.30280313429114,118.73440028943142,118.19021879661166,118.4904556274414,17541100
2017-02-08 00:00:00-05:00,118.33094813697375,118.85636076478615,118.10576516087397,118.6874771118164,12569100
2017-02-09 00:00:00-05:00,118.80942028602568,119.38174770023981,118.7437437216835,119.1190414428711,17542700
2017-02-10 00:00:00-05:00,119.38177702703629,119.68201384609948,119.1753628717659,119.51313018798828,13915700
2017-02-13 00:00:00-05:00,119.8790617475265,120.33879788050207,119.83215398762944,120.18869018554688,19120200
2017-02-14 00:00:00-05:00,120.23555831974556,120.60147167590708,119.85088329633379,120.59209442138672,16333500
2017-02-15 00:00:00-05:00,120.50766434165452,121.36146700265323,120.44198060630688,121.30516052246094,17891400
2017-02-16 00:00:00-05:00,121.38023112601162,121.62418294357175,120.95802554786223,121.26764678955078,15098300
2017-02-17 00:00:00-05:00,121.08937956207478,121.80245187511949,121.0706107337259,121.79306030273438,15563700
2017-02-21 00:00:00-05:00,122.02761078671091,122.46858516089081,121.9619413673757,122.39352416992188,18479600
2017-02-22 00:00:00-05:00,122.28093046258235,122.52486792720596,122.07451633235503,122.4404296875,12110900
2017-02-23 00:00:00-05:00,122.62808616138456,122.62808616138456,121.49282265815266,121.98069763183594,17489000
2017-02-24 00:00:00-05:00,121.42715196952922,122.21527099609375,121.38962862768315,122.21527099609375,18624500
2017-02-27 00:00:00-05:00,121.99011150923754,122.37477947874268,121.78369732246745,122.36540222167969,12008700
2017-02-28 00:00:00-05:00,122.33721102514923,122.39350317961687,121.65229928509676,121.99006652832031,16598600
2017-03-01 00:00:00-05:00,122.76883658862961,123.54756399488303,122.53427634624892,123.32239532470703,25813800
2017-03-02 00:00:00-05:00,123.29422892404557,123.31298343252243,122.5530106630675,122.70313262939453,19951400
2017-03-03 00:00:00-05:00,122.61869302554226,122.96583754193863,122.29030301741373,122.92831420898438,13722700
2017-03-06 00:00:00-05:00,122.52487396033293,122.86264125220757,122.16835215854621,122.6562271118164,12026200
2017-03-07 00:00:00-05:00,122.41229813331906,122.98462568660503,122.23403006184004,122.44982147216797,15500900
2017-03-08 00:00:00-05:00,122.524858932099,123.05027147358867,122.40289736695047,122.66560363769531,15776000
2017-03-09 00:00:00-05:00,122.63746835575571,122.92832072994022,122.10266419696279,122.75942993164062,20855300
2017-03-10 00:00:00-05:00,123.32237419327221,123.47249615861334,122.74066947309859,123.27545928955078,21922600
2017-03-13 00:00:00-04:00,123.22853591964288,123.51001100621463,123.16286651207946,123.48186492919922,10731600
2017-03-14 00:00:00-04:00,123.2004094514701,123.2473243594354,122.68437409669153,123.181640625,14019700
2017-03-15 00:00:00-04:00,123.43496940380064,124.2324798881997,123.04090994731328,123.9416275024414,22709100
2017-03-16 00:00:00-04:00,124.176213472315,124.176213472315,123.57573974986593,123.8572006225586,18457300
2017-03-17 00:00:00-04:00,124.01138197124922,124.14300834417429,123.74812922539905,123.81394958496094,21234500
2017-03-20 00:00:00-04:00,123.7763007251781,124.20879546115201,123.59767625317058,123.9267349243164,10105200
2017-03-21 00:00:00-04:00,124.3968368747826,124.50965535633334,121.97113909807287,122.04635620117188,35841900
2017-03-22 00:00:00-04:00,122.08399059527835,122.99597838379893,121.92414526037673,122.87374877929688,29177900
2017-03-23 00:00:00-04:00,122.71389550559476,123.05236528673585,122.35661786266944,122.56346130371094,20311700
2017-03-24 00:00:00-04:00,122.95835251861864,123.43784544520842,122.34723323887502,122.81732940673828,22967600
2017-03-27 00:00:00-04:00,121.94295930566261,123.23103273247011,121.66089869816177,123.01477813720703,18472400
2017-03-28 00:00:00-04:00,123.01476523800461,124.13359644451275,122.74211576526923,123.76692199707031,23721900
2017-03-29 00:00:00-04:00,123.85152720225912,124.38744369744357,123.71990085459562,124.3404312133789,13710000
2017-03-30 00:00:00-04:00,124.29346148057554,124.67894389781976,124.18064295697269,124.54731750488281,16092400
2017-03-31 00:00:00-04:00,124.36865964521706,124.80115449673967,124.22763651221985,124.46268463134766,19841400
2017-04-03 00:00:00-04:00,124.56606709328312,124.86692113086326,123.69168090585899,124.3874282836914,23700300
2017-04-04 00:00:00-04:00,124.03016699799518,124.60368487717139,123.98315451356513,124.58487701416016,13400000
2017-04-05 00:00:00-04:00,124.7635153170126,125.49686416317734,123.84213088012287,124.07717895507812,32011200
2017-04-06 00:00:00-04:00,124.19940607058,124.47205551977024,123.82332055042625,124.14298248291016,18832200
2017-04-07 00:00:00-04:00,124.10538357637708,124.45325013652815,123.63528742646656,124.07717895507812,16743100
2017-04-10 00:00:00-04:00,124.19943892568612,124.64133056239031,123.78575191718012,124.12422180175781,15619300
2017-04-11 00:00:00-04:00,124.01133278412144,124.1993826818834,122.69506957694557,123.58824920654297,33778400
2017-04-12 00:00:00-04:00,123.56948933251908,123.6729110779721,122.95836996605937,123.08999633789062,15955200
2017-04-13 00:00:00-04:00,122.92073521581023,123.64467289128777,122.58226544494221,122.60105895996094,23683000
2017-04-17 00:00:00-04:00,122.94896465232209,123.63530109010752,122.90195216289622,123.61649322509766,13325500
2017-04-18 00:00:00-04:00,123.202777361328,123.78570627026315,123.11816350793545,123.42842864990234,12841100
2017-04-19 00:00:00-04:00,123.96438539718818,124.37805804148793,123.4566734193221,123.62591552734375,17764800
2017-04-20 00:00:00-04:00,124.12420825017635,124.93277431137912,123.93617263398458,124.66011047363281,21977900
2017-04-21 00:00:00-04:00,124.77298790060172,124.81998606179326,124.3122882820597,124.63195037841797,22454900
2017-04-24 00:00:00-04:00,126.01397798577432,126.25842282916193,125.79773776484696,126.1362075805664,22469900
2017-04-25 00:00:00-04:00,126.54989409514108,127.2738318642052,126.4370612594689,127.0481948852539,19384400
2017-04-26 00:00:00-04:00,127.09518194218559,127.40544710738459,126.79432788108659,126.86954498291016,25398500
2017-04-27 00:00:00-04:00,127.17984564250771,127.63113403320312,127.10462851969193,127.63113403320312,16136500
2017-04-28 00:00:00-04:00,128.138796689074,128.18580917127127,127.64990704356964,127.85675048828125,22771900
2017-05-01 00:00:00-04:00,128.2798437596836,129.1636268449932,128.223434515293,128.994384765625,24815500
2017-05-02 00:00:00-04:00,129.15422307662388,129.26705591801087,128.8251643502548,129.21063232421875,18345100
2017-05-03 00:00:00-04:00,128.9191818136016,128.96619430448808,128.44908559713286,128.79696655273438,23827600
2017-05-04 00:00:00-04:00,128.77815761331294,129.21063809498702,128.39267527593546,128.84396362304688,14630100
2017-05-05 00:00:00-04:00,129.17300279065216,129.31402587890625,128.6935099443941,129.31402587890625,19330700
2017-05-08 00:00:00-04:00,129.37989011367324,129.59613037109375,129.1166373621529,129.59613037109375,13279900
2017-05-09 00:00:00-04:00,129.79352265535962,130.33883579650401,129.68068984761712,130.04737854003906,28426100
2017-05-10 00:00:00-04:00,130.1226348876953,130.16964738143875,129.66194974912656,130.1226348876953,20499400
2017-05-11 00:00:00-04:00,129.76538440591,130.05684181143508,129.16366172625166,130.01922607421875,27232100
2017-05-12 00:00:00-04:00,130.0756056202391,130.33885830678193,129.9627727930097,130.31065368652344,19738600
2017-05-15 00:00:00-04:00,130.36705617118255,130.79953655686438,130.2448265922663,130.7243194580078,20481300
2017-05-16 00:00:00-04:00,131.0627946177133,131.28844592355944,130.6773266962447,131.26963806152344,21786000
2017-05-17 00:00:00-04:00,130.22600247160517,130.47046159891565,127.91313794186668,127.93194580078125,55642200
2017-05-18 00:00:00-04:00,127.88496717895293,129.48329130115184,127.74392971904918,129.05079650878906,41319900
2017-05-19 00:00:00-04:00,129.5115164894334,130.14144374101417,129.4269026077731,129.59613037109375,36730100
2017-05-22 00:00:00-04:00,129.8875981530161,130.7525879443764,129.84060000135102,130.686767578125,19509700
2017-05-23 00:00:00-04:00,131.07227647298703,131.08167323597965,130.4799504417829,130.81842041015625,19687500
2017-05-24 00:00:00-04:00,131.21321578084877,131.4858795415883,130.8465414116632,131.42005920410156,15891900
2017-05-25 00:00:00-04:00,131.9184099246282,132.87741031006533,131.63634929994677,132.5389404296875,23928600
2017-05-26 00:00:00-04:00,132.56709761238093,132.8303502755469,132.38845880247675,132.77394104003906,13851600
2017-05-30 00:00:00-04:00,132.70817142455124,133.04664131316147,132.6235575389486,132.88681030273438,20306400
2017-05-31 00:00:00-04:00,133.35686078651503,133.35686078651503,132.16282699866022,132.83975219726562,33229400
2017-06-01 00:00:00-04:00,133.11244295573277,133.4132970665176,132.54832177198946,133.3568878173828,20120700
2017-06-02 00:00:00-04:00,133.82694938453838,134.90817898250182,133.61070920342328,134.87997436523438,37222900
2017-06-05 00:00:00-04:00,134.87062976893148,135.08687005667824,134.66378624284295,134.85182189941406,15727500
2017-06-06 00:00:00-04:00,134.69191276987362,135.13380419698558,134.11839502486825,134.3158416748047,22393000
2017-06-07 00:00:00-04:00,134.69197298280747,134.95522573627923,134.0714568331664,134.8424072265625,18842400
2017-06-08 00:00:00-04:00,135.14324466373156,135.19965390562942,134.25005051302963,134.98341369628906,25417400
2017-06-09 00:00:00-04:00,135.14331894248744,135.29373888815834,129.85002886005543,131.60818481445312,109783700
2017-06-12 00:00:00-04:00,130.49872398255832,131.13804800673608,129.2482662157643,130.9029998779297,104454000
2017-06-13 00:00:00-04:00,131.63635046125304,132.1534592200311,130.9500139338928,131.96542358398438,51193000
2017-06-14 00:00:00-04:00,132.50129626791303,132.50129626791303,130.32945431235757,131.39187622070312,60093800
2017-06-15 00:00:00-04:00,130.0662303505499,130.95001361866133,129.26707531272527,130.80899047851562,55145200
2017-06-16 00:00:00-04:00,130.7410828962736,130.83536402520645,129.76062532766284,130.24142456054688,48087400
2017-06-19 00:00:00-04:00,131.5047020707893,132.54172237776356,131.30671748944005,132.41917419433594,39626500
2017-06-20 00:00:00-04:00,132.28723698253174,132.45692578322556,131.33504631658354,131.38218688964844,40935100
2017-06-21 00:00:00-04:00,131.68385060005426,132.74916705171682,131.59900620619143,132.6831817626953,35743400
2017-06-22 00:00:00-04:00,132.89055666644686,133.1356674290604,132.3060396397859,132.6454315185547,24099100
2017-06-23 00:00:00-04:00,132.49458671813522,133.32421450259653,132.12691338370868,133.15452575683594,21654300
2017-06-26 00:00:00-04:00,133.91816721805444,134.1444189015973,132.24006676713816,132.53231811523438,34411100
2017-06-27 00:00:00-04:00,132.0327243848641,132.19299086752883,130.11893457059713,130.12835693359375,65957800
2017-06-28 00:00:00-04:00,130.6091085136201,132.11752038689716,129.85491696226333,132.00439453125,57427200
2017-06-29 00:00:00-04:00,131.45758591890183,131.45758591890183,128.45019913834807,129.71348571777344,88769400
2017-06-30 00:00:00-04:00,130.08116822272046,130.73167066100066,129.33639903348828,129.76063537597656,68898300
2017-07-03 00:00:00-04:00,130.35462240578562,130.50545213934828,128.30884759423125,128.39369201660156,32797000
2017-07-05 00:00:00-04:00,128.7989817107324,130.0057050693667,128.36532314590167,129.65689086914062,42116600
2017-07-06 00:00:00-04:00,128.66705585108696,129.2138548716484,128.0259900661221,128.48793029785156,48430500
2017-07-07 00:00:00-04:00,128.92155754294942,130.2225621419188,128.91213518544913,129.8737335205078,36970400
2017-07-10 00:00:00-04:00,129.95863116240625,131.03337003542043,129.62866154254843,130.72225952148438,24853500
2017-07-11 00:00:00-04:00,130.5336835549497,131.25017118782864,130.0434476033589,131.08990478515625,31517700
2017-07-12 00:00:00-04:00,132.2117729089093,132.79627555029163,131.94780304600897,132.6454315185547,36045800
2017-07-13 00:00:00-04:00,132.80571341739392,133.25824556545328,132.55118026755088,132.9376983642578,31073600
2017-07-14 00:00:00-04:00,133.53161318008924,134.1538339799057,133.10737695667896,133.984130859375,34544800
2017-07-17 00:00:00-04:00,134.1255776645461,134.5215325062987,133.7956081037788,134.05015563964844,25343200
2017-07-18 00:00:00-04:00,133.95587595598116,134.9740517251533,133.5316396484796,134.94577026367188,25748500
2017-07-19 00:00:00-04:00,135.3416704360031,135.93560965774125,135.2851075358899,135.7376251220703,33752300
2017-07-20 00:00:00-04:00,136.08654279639362,136.1713872021437,135.30405526659118,135.91683959960938,36139400
2017-07-21 00:00:00-04:00,135.41717975158267,135.8602752685547,135.14378742965377,135.8602752685547,39697100
2017-07-24 00:00:00-04:00,135.84143316716955,136.57678020541823,135.6811666983498,136.48251342773438,26712700
2017-07-25 00:00:00-04:00,136.02993298614302,136.4541836841385,135.76596308555244,136.13363647460938,28120900
2017-07-26 00:00:00-04:00,136.4729719694547,136.65209741048903,136.25614272333277,136.57667541503906,18610600
2017-07-27 00:00:00-04:00,137.47233326069573,137.60431818583191,134.15383664762874,135.71881103515625,80665900
2017-07-28 00:00:00-04:00,134.90808423504023,135.83197899759656,134.6912404880449,135.605712890625,38013200
2017-07-31 00:00:00-04:00,135.99225267268517,136.16194147299072,134.73838823550025,135.0306396484375,33848600
2017-08-01 00:00:00-04:00,135.49261045481538,135.5303142865213,134.9269522822322,135.34176635742188,20149400
2017-08-02 00:00:00-04:00,136.21849143153338,136.24677289257048,134.44610981837917,135.7093963623047,41769700
2017-08-03 00:00:00-04:00,135.84133625730084,135.91675825681295,134.93630103370626,135.18141174316406,27112800
2017-08-04 00:00:00-04:00,135.48313675228863,135.7282475287054,134.8703382333275,135.4265594482422,29472900
2017-08-07 00:00:00-04:00,135.6717158472998,136.2845001220703,135.48316794623832,136.2845001220703,17933900
2017-08-08 00:00:00-04:00,136.0204856332116,137.142364697214,135.66223466883355,136.04876708984375,30810400
2017-08-09 00:00:00-04:00,134.92689056548087,135.93564382194174,134.61578015139327,135.86964416503906,36169500
2017-08-10 00:00:00-04:00,135.09658222719526,135.19084894798303,132.82454279263638,132.95652770996094,63331700
2017-08-11 00:00:00-04:00,133.13573434258558,134.25761401640378,132.83404612748433,133.96536254882812,45862500
2017-08-14 00:00:00-04:00,135.03059658514516,135.89792818687363,134.99289276997376,135.69052124023438,34161000
2017-08-15 00:00:00-04:00,136.02997721030587,136.03941395750394,135.417192824418,135.7848663330078,25509200
2017-08-16 00:00:00-04:00,136.1242112988203,136.66158783301117,135.5679900473206,136.0205078125,31913000
2017-08-17 00:00:00-04:00,135.4925916457621,135.69999865456475,133.23941040039062,133.23941040039062,70191000
2017-08-18 00:00:00-04:00,133.3148142431532,134.05958339290717,132.59831217043296,133.14511108398438,60751900
2017-08-21 00:00:00-04:00,133.13568450061175,133.42793585877735,132.15521255387762,132.9754180908203,37111500
2017-08-22 00:00:00-04:00,133.69190745305835,135.14375628888914,133.64476688833747,135.00233459472656,36294200
2017-08-23 00:00:00-04:00,134.32353030498498,134.82318856738854,134.22926357516607,134.52151489257812,25702300
2017-08-24 00:00:00-04:00,134.82316238686707,134.97400638762,133.3713284391282,134.1255340576172,38160800
2017-08-25 00:00:00-04:00,134.64408931292743,134.9834668324727,133.66361741664207,133.84274291992188,26380400
2017-08-28 00:00:00-04:00,134.24813161505858,134.5686788309165,133.8238952939678,134.257568359375,15362100
2017-08-29 00:00:00-04:00,133.10740664791837,135.01177328490158,132.98484405493363,134.78550720214844,24498300
2017-08-30 00:00:00-04:00,134.89861509276963,136.5955745243116,134.81377071751228,136.3693084716797,33642700
2017-08-31 00:00:00-04:00,136.75585821214628,137.8400336680139,136.68043618506394,137.83059692382812,38480700
2017-09-01 00:00:00-04:00,138.0097174453023,138.19826531354403,137.27437068946335,137.6420440673828,22293600
2017-09-05 00:00:00-04:00,137.2366253120368,137.52887657710423,135.3793998824348,136.40699768066406,44794300
2017-09-06 00:00:00-04:00,136.75583872013596,137.13294880179754,135.83194419430282,136.82183837890625,30722700
2017-09-07 00:00:00-04:00,137.07641060072405,137.49122461623537,136.64275186471335,137.1424102783203,22721100
2017-09-08 00:00:00-04:00,136.96322175583478,137.02922140308195,135.81306138181526,135.95448303222656,27890100
2017-09-11 00:00:00-04:00,137.0198271349045,137.75517391210013,136.98212331427322,137.5194854736328,27126300
2017-09-12 00:00:00-04:00,137.90598918131263,138.0285517470241,137.19892401348997,137.84942626953125,30256700
2017-09-13 00:00:00-04:00,137.61377331069153,138.0568687474299,137.3875072200332,138.0380096435547,28450900
2017-09-14 00:00:00-04:00,137.50062524145991,137.91542476272392,137.14237425212198,137.2272186279297,35296400
2017-09-15 00:00:00-04:00,137.19895006910764,138.19826672776736,136.97268399373397,137.6986083984375,46422400
2017-09-18 00:00:00-04:00,137.85832334944465,138.29293132121188,137.1024664745098,137.5181884765625,24858200
2017-09-19 00:00:00-04:00,137.7638375162226,137.9527981330713,137.2914287657154,137.75439453125,20871200
2017-09-20 00:00:00-04:00,137.7070989479152,137.85827315120937,136.27097285015168,137.3291778564453,34236200
2017-09-21 00:00:00-04:00,137.2346650550192,137.24410803469576,136.00640010921208,136.48826599121094,28841800
2017-09-22 00:00:00-04:00,136.05366965822935,136.55442159460242,135.91195285237495,136.35601806640625,21702400
2017-09-25 00:00:00-04:00,135.81746476293688,135.8930518646429,134.25852223845112,134.91989135742188,54947700
2017-09-26 00:00:00-04:00,135.60963556128564,135.86474028712573,134.79709204882045,135.26950073242188,29628800
2017-09-27 00:00:00-04:00,135.9874997330961,136.99846081223947,135.64737946358565,136.48826599121094,33249400
2017-09-28 00:00:00-04:00,136.15763770870743,136.58280266040603,135.8458462329899,136.4410858154297,24149400
2017-09-29 00:00:00-04:00,136.715092911315,137.52763655905298,136.35607205541075,137.4237060546875,43102400
2017-10-02 00:00:00-04:00,137.63149308416982,138.10390159249062,136.93232330182013,137.5464630126953,27351300
2017-10-03 00:00:00-04:00,137.7260430238484,138.00003373957824,137.423694521334,137.83941650390625,19715200
2017-10-04 00:00:00-04:00,137.5748733361533,138.2645860573342,137.44259946610805,137.97169494628906,26381100
2017-10-05 00:00:00-04:00,138.47240975634875,139.39832659725897,138.3306929397486,139.32275390625,31562400
2017-10-06 00:00:00-04:00,138.85036474407198,139.51173400878906,138.85036474407198,139.51173400878906,23561100
2017-10-09 00:00:00-04:00,139.69130071529426,139.8424605883857,139.17164810436614,139.35116577148438,13704800
2017-10-10 00:00:00-04:00,139.82347990252163,139.96519669279198,138.84086210076708,139.4550018310547,19223100
2017-10-11 00:00:00-04:00,139.3888455598297,139.899054793829,139.2093280299693,139.87069702148438,12439100
2017-10-12 00:00:00-04:00,139.66289010724213,140.1636420866921,139.47391512749232,139.6156463623047,14513500
2017-10-13 00:00:00-04:00,140.1825944756722,140.3148683741139,139.62515550486594,140.1542510986328,18409900
2017-10-16 00:00:00-04:00,140.50374304178206,140.67380318249627,140.2013946803834,140.63601684570312,21809400
2017-10-17 00:00:00-04:00,140.5888048523351,140.8344521388578,140.37150092899705,140.8155517578125,13138200
2017-10-18 00:00:00-04:00,140.9572992602861,140.97619964351298,140.43764684730928,140.6455078125,17218200
2017-10-19 00:00:00-04:00,139.82350522048978,140.1447396144448,139.143235670487,140.12583923339844,27680300
2017-10-20 00:00:00-04:00,140.69276003181574,140.8155764882632,140.33372481273287,140.50379943847656,30173300
2017-10-23 00:00:00-04:00,140.79667576173847,140.80611874454638,139.38889281790856,139.58731079101562,29297100
2017-10-24 00:00:00-04:00,139.86130319417086,140.11640790082348,139.3038644494729,139.82351684570312,20289500
2017-10-25 00:00:00-04:00,139.54955363574953,140.00306203730094,138.2551581649516,139.29444885253906,36179100
2017-10-26 00:00:00-04:00,139.20934723056226,139.55893935889455,138.81252578092122,138.85032653808594,28230200
2017-10-27 00:00:00-04:00,141.18403371893632,143.15871271379393,140.96672978971415,142.8941650390625,60165100
2017-10-30 00:00:00-04:00,142.79022820928336,143.79173213572238,142.65795437780588,143.21539306640625,31733400
2017-10-31 00:00:00-04:00,143.67837932617996,143.96181299380316,143.26265739130804,143.7539520263672,26319300
2017-11-01 00:00:00-04:00,144.33024859943134,144.39639271354244,143.13978429630902,143.70668029785156,29481600
2017-11-02 00:00:00-04:00,143.5460974711371,143.60279862396303,142.45012026824378,143.43272399902344,31017400
2017-11-03 00:00:00-04:00,143.95236186002572,144.83103501344485,143.46105283601557,144.81214904785156,26199200
2017-11-06 00:00:00-05:00,144.69875382535105,145.36013742350136,144.65152449699764,145.30343627929688,28693900
2017-11-07 00:00:00-05:00,145.19005555787425,145.57743406499927,144.87826415580528,145.3884735107422,21333100
2017-11-08 00:00:00-05:00,145.31288926157058,146.01204476773913,145.14281466766036,145.97425842285156,17373500
2017-11-09 00:00:00-05:00,144.77434682688764,145.28455622812663,143.71615609360302,145.20896911621094,40594500
2017-11-10 00:00:00-05:00,144.8688160541313,145.31288127016307,144.61371138567853,145.19949340820312,20150800
2017-11-13 00:00:00-05:00,144.65151422206108,145.56798802858128,144.65151422206108,145.37901306152344,12522400
2017-11-14 00:00:00-05:00,144.8688301912023,145.02944739315663,144.15077427362414,144.8499298095703,25173800
2017-11-15 00:00:00-05:00,144.2263644693832,144.5570563126229,143.40437797822648,144.169677734375,24808000
2017-11-16 00:00:00-05:00,144.89719212799716,146.34276154764424,144.8688487602997,146.01206970214844,34790600
2017-11-17 00:00:00-05:00,146.04982923085996,146.15375968866067,145.3128730452785,145.45458984375,28725800
2017-11-20 00:00:00-05:00,145.55856678335326,145.69084064308782,145.1334018354043,145.3412628173828,21143900
2017-11-21 00:00:00-05:00,146.03092178520882,146.9851962379524,145.96479208804396,146.91905212402344,20147800
2017-11-22 00:00:00-05:00,147.0513585483183,147.2403191179653,146.76791048546406,147.09860229492188,17299000
2017-11-24 00:00:00-05:00,147.24976664137716,147.68437448073965,147.16472213648765,147.6371307373047,8280600
2017-11-27 00:00:00-05:00,147.58993004748044,147.92060748215383,147.23089482783072,147.57102966308594,22653400
2017-11-28 00:00:00-05:00,147.90170034135338,148.04343159268387,147.10805723426927,147.94894409179688,25227300
2017-11-29 00:00:00-05:00,147.7788389851341,147.81662532394574,144.67038280179403,145.3695526123047,71986300
2017-11-30 00:00:00-05:00,145.98368129519136,146.87181165375455,145.64354657099193,146.58836364746094,56595500
2017-12-01 00:00:00-05:00,145.69086909383944,146.67348745812868,143.85792066759845,145.96487426757812,59015800
2017-12-04 00:00:00-05:00,146.88129800965712,147.04191521431162,144.1413192976373,144.28305053710938,51319100
2017-12-05 00:00:00-05:00,144.25471733931857,146.02153572514942,143.70673592029632,144.37754821777344,40604200
2017-12-06 00:00:00-05:00,143.83896977135439,145.25619551276256,143.66889518566722,145.02943420410156,28647800
2017-12-07 00:00:00-05:00,145.0200151872081,145.93648913810804,144.86884095645243,145.52076721191406,32666200
2017-12-08 00:00:00-05:00,146.5883728355197,146.94740796044664,145.93646112197686,146.1632080078125,28081700
2017-12-11 00:00:00-05:00,146.22939372425924,147.34427134146728,146.21993632348224,147.29702758789062,20821500
2017-12-12 00:00:00-05:00,147.23087613535154,147.5332101634333,146.78681086745897,147.09860229492188,20310300
2017-12-13 00:00:00-05:00,147.6938256952537,147.85444288279416,147.16471597440972,147.3820343017578,24418500
2017-12-14 00:00:00-05:00,147.63715800656385,148.01509360708374,147.11751998309867,147.27813720703125,24594700
2017-12-15 00:00:00-05:00,147.85444721099066,149.1110558033444,147.6087855149303,148.95042419433594,49816200
2017-12-18 00:00:00-05:00,149.93417883235168,150.32236753000066,149.6596151479892,150.19927978515625,26844500
2017-12-19 00:00:00-05:00,149.9151814858136,150.06667181421005,148.89264343950677,149.30923461914062,31415000
2017-12-20 00:00:00-05:00,149.83002294387984,149.85842558394518,148.56132353123613,149.14833068847656,38972600
2017-12-21 00:00:00-05:00,149.35660731218977,149.83000384883698,148.99682132132486,149.16725158691406,18638700
2017-12-22 00:00:00-05:00,148.94000564416297,149.0536161820089,148.5991595837103,148.99681091308594,23330400
2017-12-26 00:00:00-05:00,148.16361397264453,148.3813722766529,147.65233775829722,148.1920166015625,21918700
2017-12-27 00:00:00-05:00,148.2015510620298,148.60867968510067,148.06900058061765,148.2110137939453,22388200
2017-12-28 00:00:00-05:00,148.68438796054062,148.71280504582987,148.2109913917773,148.39088439941406,25393800
2017-12-29 00:00:00-05:00,148.523444692207,148.55184733245954,147.41569838160427,147.47250366210938,33186000
2018-01-02 00:00:00-05:00,148.22990254562927,150.09508582049682,147.8606538714984,150.05722045898438,32573300
2018-01-03 00:00:00-05:00,150.1992475565617,151.64783975460128,150.17084492106406,151.51528930664062,29383600
2018-01-04 00:00:00-05:00,152.03606425211956,152.23488274752748,151.56266761954237,151.78042602539062,24776100
2018-01-05 00:00:00-05:00,152.499998186538,153.408911631012,152.21595731754536,153.3047637939453,26992300
2018-01-08 00:00:00-05:00,153.30476074884282,153.97699031054225,153.24795546555637,153.9012451171875,23159100
2018-01-09 00:00:00-05:00,154.20419386909234,154.36514696903302,153.4467709157049,153.9106903076172,24782400
2018-01-10 00:00:00-05:00,153.22896666886737,153.57928988222977,152.54727459308208,153.55087280273438,34004000
2018-01-11 00:00:00-05:00,153.81602678878824,154.61132959484456,153.5793284931583,154.6018524169922,20473500
2018-01-12 00:00:00-05:00,154.46927768804107,155.8989444151264,154.27045924121256,155.7379913330078,37762700
2018-01-16 00:00:00-05:00,156.7699787021804,157.5652813144813,154.82905026148993,155.29298400878906,41231800
2018-01-17 00:00:00-05:00,156.031480008147,157.20549401228766,155.2740427638188,156.9687957763672,33849900
2018-01-18 00:00:00-05:00,156.72267530308872,157.35702500561777,156.3534265375295,156.99725341796875,26432200
2018-01-19 00:00:00-05:00,157.4611908627119,157.7452317411058,156.73215597911533,157.48959350585938,38937600
2018-01-22 00:00:00-05:00,157.4327546368143,159.1748504638672,157.25286163730806,159.1748504638672,26081400
2018-01-23 00:00:00-05:00,159.6672155036326,160.6329486782951,159.5914703088631,160.4909210205078,37989700
2018-01-24 00:00:00-05:00,160.83180379850262,161.18212720995277,158.5311025769983,159.44949340820312,54287400
2018-01-25 00:00:00-05:00,160.54769726785224,160.60450253681412,158.88133232809164,159.39260864257812,28925000
2018-01-26 00:00:00-05:00,160.28257203066994,161.85425179377037,159.97014307068457,161.83531188964844,32038200
2018-01-29 00:00:00-05:00,161.49450869067098,161.81641488277137,160.70866867095552,161.0495147705078,37277800
2018-01-30 00:00:00-05:00,159.58201632236458,160.40572188437966,158.8908612467303,159.72402954101562,44987700
2018-01-31 00:00:00-05:00,160.6234475483431,160.94536818984005,159.3831508686413,160.38674926757812,42449200
2018-02-01 00:00:00-05:00,159.15592692182747,160.69918986094157,158.51210009725204,159.02337646484375,38037900
2018-02-02 00:00:00-05:00,158.39849946160183,158.77721094899687,155.71907306987626,155.85162353515625,68478100
2018-02-05 00:00:00-05:00,154.3935777055045,156.93097660692078,149.59332913359566,149.70693969726562,105372200
2018-02-06 00:00:00-05:00,147.51988435548265,153.86339754766456,146.84766909980164,153.67404174804688,118537900
2018-02-07 00:00:00-05:00,153.1816657850335,154.8480310664731,151.67626806121106,151.6857452392578,91028300
2018-02-08 00:00:00-05:00,152.07388930965706,152.24431956459966,145.28538513183594,145.28538513183594,94184800
2018-02-09 00:00:00-05:00,147.3399167917831,148.8737312210823,142.14203265284976,147.7943878173828,113836600
2018-02-12 00:00:00-05:00,149.30930674907674,151.43959176294192,148.13529225413086,150.41705322265625,63050600
2018-02-13 00:00:00-05:00,149.55545699590942,151.49637145642114,149.32822143193087,151.1934051513672,31785600
2018-02-14 00:00:00-05:00,150.30338721589555,154.26097498098252,149.5932924731433,154.02427673339844,52107400
2018-02-15 00:00:00-05:00,155.40665645159513,156.88365173339844,153.7971106816023,156.88365173339844,51633900
2018-02-16 00:00:00-05:00,156.37238494548166,157.8872455578166,155.91791375955384,156.1830291748047,62256300
2018-02-20 00:00:00-05:00,155.63386681202076,157.81147955814131,155.56758435521527,156.4954376220703,36785600
2018-02-21 00:00:00-05:00,157.2623088133775,158.7961087112326,155.9557299688856,156.0504150390625,41161800
2018-02-22 00:00:00-05:00,156.7321577182965,157.5653404516523,155.63388846159583,156.0315399169922,37074400
2018-02-23 00:00:00-05:00,157.29070164218115,159.22215270996094,156.6468749883129,159.22215270996094,50096900
2018-02-26 00:00:00-05:00,159.97021730224768,161.33358764648438,159.83766680571406,161.33358764648438,39266700
2018-02-27 00:00:00-05:00,161.3808766793341,161.64597758447402,159.26006943821488,159.33580017089844,42209900
2018-02-28 00:00:00-05:00,160.24469884630565,160.76543783238233,158.20909988344872,158.31324768066406,42936300
2018-03-01 00:00:00-05:00,158.39847894005064,159.12751362809794,154.32726596687874,155.728515625,76809900
2018-03-02 00:00:00-05:00,153.853904706434,157.43278207246712,153.34264270282299,157.15821838378906,57445100
2018-03-05 00:00:00-05:00,156.4197055958498,159.30741319986544,155.832684007959,158.90029907226562,38540200
2018-03-06 00:00:00-05:00,159.67664232035384,160.11217348058747,158.5688961839809,159.57249450683594,29480900
2018-03-07 00:00:00-05:00,158.35115167144852,160.0743221099568,158.07658801921463,159.94175720214844,34609400
2018-03-08 00:00:00-05:00,160.6045225100492,160.93589143584174,159.96069567227863,160.82228088378906,25828400
2018-03-09 00:00:00-05:00,161.9679068851201,163.9467010498047,161.73120860378702,163.9467010498047,38310500
2018-03-12 00:00:00-04:00,164.429560374716,165.19646049487721,164.06031163364145,164.8177490234375,37635000
2018-03-13 00:00:00-04:00,165.19644356743788,165.8876128800213,162.1572460362273,162.57383728027344,55638900
2018-03-14 00:00:00-04:00,163.42596581364666,163.54905354586955,161.83534581300415,162.54544067382812,40536400
2018-03-15 00:00:00-04:00,162.65905003568795,163.3502049219649,161.80692761648115,162.40341186523438,28810400
2018-03-16 00:00:00-04:00,162.67806144699566,163.0378331427881,161.8448785678348,161.92062377929688,31176700
2018-03-19 00:00:00-04:00,160.36246333337064,160.47625819963685,157.08123814260344,158.46580505371094,71395100
2018-03-20 00:00:00-04:00,158.5321718123798,159.35721348794715,158.001109838665,158.98736572265625,34075700
2018-03-21 00:00:00-04:00,158.57008269015287,160.03998091771751,157.60278315463395,158.29505920410156,43863500
2018-03-22 00:00:00-04:00,156.1044586392178,157.20452390269915,154.1888297452732,154.3879852294922,66607300
2018-03-23 00:00:00-04:00,154.20776492210996,154.86211418648898,150.24374254631925,150.31961059570312,80110400
2018-03-26 00:00:00-04:00,153.36378881987596,156.09498135829975,150.93606855032337,155.90530395507812,57481500
2018-03-27 00:00:00-04:00,157.06224920041865,157.06224920041865,149.5325143926034,150.8601837158203,78889100
2018-03-28 00:00:00-04:00,149.99721692350883,151.52402740333153,147.9772712438351,149.124755859375,89369700
2018-03-29 00:00:00-04:00,149.93084994324363,153.35431888005857,148.53680488360385,151.85595703125,68692600
2018-04-02 00:00:00-04:00,150.77486648346974,151.48611339180113,145.92890363589106,147.47467041015625,85549400
2018-04-03 00:00:00-04:00,148.7643837909705,149.7601322568049,146.45995098494458,149.1342315673828,64090000
2018-04-04 00:00:00-04:00,146.2512742405576,151.95072533539724,146.08056752550158,151.48605346679688,65768700
2018-04-05 00:00:00-04:00,152.99396200071186,153.2310443168717,151.23954707298657,152.34909057617188,43054900
2018-04-06 00:00:00-04:00,150.67052937774895,152.1688910657311,147.82554212798996,148.5367889404297,59870900
2018-04-09 00:00:00-04:00,149.81705363035536,152.56721718836326,149.32393282990395,149.57997131347656,41810400
2018-04-10 00:00:00-04:00,151.9318131017785,153.3732629305298,150.85071849503805,152.88014221191406,48296800
2018-04-11 00:00:00-04:00,151.92231614104986,153.62931138382976,151.82749191500028,151.99818420410156,41622100
2018-04-12 00:00:00-04:00,152.91805844357725,154.35952264308526,152.8327123024469,153.82846069335938,30467900
2018-04-13 00:00:00-04:00,154.5966428591219,154.82423262467816,152.36806326900754,153.03189086914062,44604900
2018-04-16 00:00:00-04:00,154.10354078028527,154.75789043793293,153.13624065722527,154.19837951660156,28180800
2018-04-17 00:00:00-04:00,155.75359367401452,157.85888566451925,155.44064330025242,157.51748657226562,35536100
2018-04-18 00:00:00-04:00,157.5174915772263,158.3709820998015,156.76830337886395,157.8399200439453,29573900
2018-04-19 00:00:00-04:00,157.04334185845374,157.41318971603692,155.84843764906412,156.3889923095703,34705700
2018-04-20 00:00:00-04:00,155.99066143784182,156.1044563012031,153.3732638177011,153.913818359375,49197100
2018-04-23 00:00:00-04:00,154.66301664008176,155.26994679198245,152.69998258251087,153.5250244140625,33040600
2018-04-24 00:00:00-04:00,154.25521128889727,154.49229355837966,149.2575129965099,150.27223205566406,70256800
2018-04-25 00:00:00-04:00,150.53776845446654,151.07830852374502,148.38505731843796,150.45240783691406,52089300
2018-04-26 00:00:00-04:00,152.39650497312059,154.1319492073664,151.90336971985946,153.61985778808594,43005500
2018-04-27 00:00:00-04:00,155.87683436567752,155.91477562938294,152.84218443509744,153.7146453857422,51043400
2018-04-30 00:00:00-04:00,154.0750114037901,155.0328184696442,152.244728937525,152.6240692138672,35615300
2018-05-01 00:00:00-04:00,152.22581492257925,154.38800445013396,151.86544517786814,154.36903381347656,36513500
2018-05-02 00:00:00-04:00,154.63455233406268,155.11820947238124,153.27844856507443,153.45863342285156,38646800
2018-05-03 00:00:00-04:00,152.68098531412312,154.00864026784356,150.99296067138408,153.4396514892578,60337100
2018-05-04 00:00:00-04:00,152.77585273564426,156.71141345794322,152.66204338224694,156.35104370117188,41543200
2018-05-07 00:00:00-04:00,157.0812195735443,158.16231408633664,156.95793216942724,157.6502227783203,32500200
2018-05-08 00:00:00-04:00,157.31832215903162,157.83041353322002,156.34154429188465,157.48902893066406,26040200
2018-05-09 00:00:00-04:00,157.77345858006535,159.31923916197002,157.2139480582732,159.2054443359375,29122700
2018-05-10 00:00:00-04:00,159.71759869881342,160.96940016171084,159.59431127494645,160.8555908203125,27067600
2018-05-11 00:00:00-04:00,160.66593140924584,161.08319857271485,160.0021038629794,160.70387268066406,24688800
2018-05-14 00:00:00-04:00,161.0737205441597,161.9936010265649,160.7133508173417,160.9788818359375,21821700
2018-05-15 00:00:00-04:00,159.70808964782313,159.7934357845565,158.35197165931174,159.19598388671875,49361600
2018-05-16 00:00:00-04:00,159.40464485391703,160.61850501973626,159.328776784759,160.2486572265625,22941200
2018-05-17 00:00:00-04:00,159.68913009445174,160.84609270716274,158.85459588978068,159.63223266601562,27480200
2018-05-18 00:00:00-04:00,159.01582429964716,159.56585694092237,158.57012291362952,158.8072052001953,26217900
2018-05-21 00:00:00-04:00,160.0399921484744,160.74176079726993,159.0157951219965,159.69859313964844,22954600
2018-05-22 00:00:00-04:00,160.4288720037407,160.6944030601409,159.20553352749383,159.49002075195312,19477700
2018-05-23 00:00:00-04:00,158.27613896737807,160.85559556979388,158.25718280188104,160.83663940429688,26557800
2018-05-24 00:00:00-04:00,160.78919982910156,161.07370144968664,159.16755072101418,160.78919982910156,27696500
2018-05-25 00:00:00-04:00,160.77020885750298,161.52887492630407,160.46675111219355,160.9503936767578,27460500
2018-05-29 00:00:00-04:00,160.22022614037803,161.14010668340703,159.2813894307395,160.23919677734375,41220500
2018-05-30 00:00:00-04:00,160.81765366711244,161.6711440857028,160.4762546056055,161.3866424560547,22665800
2018-05-31 00:00:00-04:00,161.3866356811501,162.35393539320546,160.86506626410335,161.28233337402344,35670900
2018-06-01 00:00:00-04:00,162.08847128494276,163.9092621310006,162.04105191736826,163.81443786621094,45543300
2018-06-04 00:00:00-04:00,164.2316692755115,165.33173479029986,164.12736693894323,165.29380798339844,20459600
2018-06-05 00:00:00-04:00,165.68261997398508,166.08091654739832,165.07568979492345,165.80589294433594,24779300
2018-06-06 00:00:00-04:00,165.97655465259714,166.80159629692582,165.14202045672715,166.7731475830078,25036600
2018-06-07 00:00:00-04:00,166.80158943028712,166.8395162238322,164.58250301391533,165.41702270507812,39600300
2018-06-08 00:00:00-04:00,164.63942923496663,165.84381134319102,164.2316401636846,165.42654418945312,31780300
2018-06-11 00:00:00-04:00,165.30329576493216,166.2800738914673,165.27484704049778,165.87229919433594,22319700
2018-06-12 00:00:00-04:00,166.09983389607814,166.90591940863624,165.91966352454074,166.7447052001953,22511800
2018-06-13 00:00:00-04:00,167.0007299166746,167.98698563429522,166.3653368013567,166.73519897460938,37858600
2018-06-14 00:00:00-04:00,167.50339828818468,168.69828792123138,167.3801108564734,168.42327880859375,35916000
2018-06-15 00:00:00-04:00,167.78786202263066,168.16720234779416,167.01023967916464,167.8352813720703,49615700
2018-06-18 00:00:00-04:00,166.7785153799788,167.88092086010906,166.25581500072445,167.73837280273438,31633200
2018-06-19 00:00:00-04:00,165.61903637051,167.3011610485608,165.08683774911597,167.26315307617188,38236000
2018-06-20 00:00:00-04:00,168.03296583493164,169.14488408086777,167.88090492061724,168.4511260986328,33038000
2018-06-21 00:00:00-04:00,168.87881525962894,169.04988744448903,166.66447673661875,166.98760986328125,43469400
2018-06-22 00:00:00-04:00,167.5482910995439,167.61480868746378,166.01821256145996,166.616943359375,30073200
2018-06-25 00:00:00-04:00,165.10586973482756,165.35297236274906,161.3804640883687,162.86302185058594,77799700
2018-06-26 00:00:00-04:00,163.46174244775548,164.46912063332582,162.86301165766753,163.5282745361328,39008100
2018-06-27 00:00:00-04:00,164.22200610521307,164.96328482068498,161.1903591656505,161.3043975830078,52843500
2018-06-28 00:00:00-04:00,161.10487292516945,163.24318082362268,160.7722414515453,162.6919708251953,46407700
2018-06-29 00:00:00-04:00,163.47121911848802,164.33604914463746,162.89149964507553,163.12908935546875,36408500
2018-07-02 00:00:00-04:00,161.59907568317618,164.26959727736855,161.24744741156024,164.22207641601562,31770000
2018-07-03 00:00:00-04:00,164.8397496259443,164.8397496259443,162.15974504715328,162.32130432128906,25512700
2018-07-05 00:00:00-04:00,163.3762174695716,164.46912450766342,162.5398969178529,164.33607482910156,31626200
2018-07-06 00:00:00-04:00,164.71621677858695,167.01608365001005,164.41209496022037,166.8925323486328,37005600
2018-07-09 00:00:00-04:00,167.7573804511787,168.4321272434051,167.09213202879778,168.3941192626953,27362100
2018-07-10 00:00:00-04:00,168.70772330692532,168.89779219490532,167.93793488474398,168.5176544189453,23902500
2018-07-11 00:00:00-04:00,167.19662667905212,168.2800496968358,167.07308988859677,167.6623077392578,30280600
2018-07-12 00:00:00-04:00,168.40358656265124,170.55140686035156,168.28954814023365,170.55140686035156,27930100
2018-07-13 00:00:00-04:00,170.54193930629557,170.96959800532173,170.06675975152666,170.69400024414062,28049800
2018-07-16 00:00:00-04:00,170.73197870223444,171.01708928605575,170.000212755396,170.28530883789062,21405300
2018-07-17 00:00:00-04:00,168.47957425163483,171.68227814650953,168.47957425163483,171.32115173339844,31034100
2018-07-18 00:00:00-04:00,171.34014603431518,171.48270852545824,170.47533072719503,170.99801635742188,23220800
2018-07-19 00:00:00-04:00,170.38035096737119,170.9505721364677,169.94319397221366,170.14276123046875,31094100
2018-07-20 00:00:00-04:00,170.6559462030538,171.22615281408937,169.91465295645455,170.104736328125,35897300
2018-07-23 00:00:00-04:00,169.60103736350507,170.72245378379418,168.91677786927548,170.64642333984375,22184700
2018-07-24 00:00:00-04:00,172.40461516783964,173.012844296623,170.64644536520387,171.34971618652344,36900300
2018-07-25 00:00:00-04:00,171.42573571016183,173.84913920072938,171.340192391803,173.74461364746094,35026600
2018-07-26 00:00:00-04:00,171.38770399704794,171.93891384598405,170.88401498878858,171.1121063232422,40873500
2018-07-27 00:00:00-04:00,172.19549130075748,172.30952970176955,167.83334844617394,168.80270385742188,59456100
2018-07-30 00:00:00-04:00,168.81225156442017,168.90727875110102,165.6190451651664,166.41734313964844,60193000
2018-07-31 00:00:00-04:00,167.07309892634723,168.33707801414397,166.14175125688033,167.69082641601562,47285100
2018-08-01 00:00:00-04:00,168.08044186334882,168.83121886291934,167.35817446494406,168.32752990722656,37101900
2018-08-02 00:00:00-04:00,167.13960311698702,170.8175016571464,167.06357267028005,170.617919921875,47178200
2018-08-03 00:00:00-04:00,170.94107374109615,171.15015388738092,170.19029648949385,171.14065551757812,28934400
2018-08-06 00:00:00-04:00,171.02662403335418,172.19556162508772,170.81754387856236,172.14804077148438,24808800
2018-08-07 00:00:00-04:00,172.63266026574556,173.09834127137194,172.262020935169,172.7752227783203,29895700
2018-08-08 00:00:00-04:00,172.53767460460136,173.29796468395503,172.07199348693206,172.98434448242188,22680700
2018-08-09 00:00:00-04:00,172.87985229492188,173.5641121057156,172.62325124054146,172.87985229492188,18852900
2018-08-10 00:00:00-04:00,171.71082324442887,172.2240251238088,170.91252532242083,171.55877685546875,33818500
2018-08-13 00:00:00-04:00,171.87240240514498,172.97480764104336,171.29268293137446,171.36871337890625,26089200
2018-08-14 00:00:00-04:00,172.02442103348807,172.6421628819812,171.10257194527694,172.4425811767578,20913000
2018-08-15 00:00:00-04:00,171.07408817731056,171.61579967234317,169.27791056436416,170.3328094482422,58528000
2018-08-16 00:00:00-04:00,171.64430123164448,172.00544221140498,170.5608927936873,170.89352416992188,27711800
2018-08-17 00:00:00-04:00,170.4468712629918,171.35920766883967,169.42048193041867,170.93154907226562,36092600
2018-08-20 00:00:00-04:00,171.31169391491724,171.3782260000378,170.11424689468353,170.7794952392578,24939000
2018-08-21 00:00:00-04:00,171.29273034662617,172.43315837263296,171.188190264998,171.40676879882812,26258700
2018-08-22 00:00:00-04:00,171.04558638212865,172.2715574524811,170.8270079010965,172.0719757080078,18042400
2018-08-23 00:00:00-04:00,171.76785566983042,173.01282338441243,171.5397643361089,171.8248748779297,25776200
2018-08-24 00:00:00-04:00,172.39505864001111,173.56401025660765,172.35705067341766,173.42144775390625,23136100
2018-08-27 00:00:00-04:00,174.29582348578282,175.1891632080078,174.0202257742562,175.1891632080078,29343600
2018-08-28 00:00:00-04:00,175.65481984350825,175.83539033685028,175.07510039182705,175.44573974609375,20277000
2018-08-29 00:00:00-04:00,175.74983967276864,177.5650283965288,175.68332209982307,177.47000122070312,29175600
2018-08-30 00:00:00-04:00,177.12796926321792,178.21137827469798,176.5672462606226,177.15647888183594,29315500
2018-08-31 00:00:00-04:00,176.9378211033388,177.88818004664083,176.74775221494372,177.38449096679688,28653200
2018-09-04 00:00:00-04:00,176.8428155839242,177.14692294236286,175.67387800076742,176.62423706054688,29063500
2018-09-05 00:00:00-04:00,176.31057247335454,176.33908207786902,173.74460655777725,174.34332275390625,42623300
2018-09-06 00:00:00-04:00,174.4194242958276,174.6285044817081,171.61586753230577,172.78480529785156,46091400
2018-09-07 00:00:00-04:00,171.5398177218816,173.6020952307885,171.4827984960371,172.11953735351562,46629500
2018-09-10 00:00:00-04:00,173.1078355225081,173.20287719529824,171.75832787656364,172.69918823242188,26132000
2018-09-11 00:00:00-04:00,172.0054845249532,174.31484998660366,171.55881462473369,174.0297393798828,30116500
2018-09-12 00:00:00-04:00,173.77311094401526,173.8966477260934,172.02443974546424,173.51651000976562,36204000
2018-09-13 00:00:00-04:00,174.59993209740236,175.70235186275892,174.5239016479303,175.36972045898438,31133200
2018-09-14 00:00:00-04:00,175.49326026510477,175.7688579377419,174.16274923842084,174.8565216064453,31224100
2018-09-17 00:00:00-04:00,174.5619409137763,174.68549222898176,172.1765449519549,172.33810424804688,33071200
2018-09-18 00:00:00-04:00,172.48061993087097,174.60941431386883,172.39507661979943,173.7635955810547,31877300
2018-09-19 00:00:00-04:00,173.79212873208462,174.20079060290038,172.49964003814404,173.6305694580078,31843400
2018-09-20 00:00:00-04:00,174.82796465846582,175.7878215703054,174.40980457764206,175.55023193359375,33295800
2018-09-21 00:00:00-04:00,176.02549093681753,176.27257905043945,174.37186109582643,174.5904541015625,38605400
2018-09-24 00:00:00-04:00,173.32416998047074,175.1426253160669,172.6101182072972,175.0759735107422,34945600
2018-09-25 00:00:00-04:00,174.99981082961034,175.44728444804895,174.40000267565628,175.31399536132812,25277500
2018-09-26 00:00:00-04:00,175.46636609115419,177.07536545180778,175.09505966388213,175.43780517578125,36210600
2018-09-27 00:00:00-04:00,176.15183049700406,177.55137324849142,176.05661777519907,176.92300415039062,33113300
2018-09-28 00:00:00-04:00,176.42792909573444,177.3514373189477,176.1042290763914,176.88491821289062,28076800
2018-10-01 00:00:00-04:00,177.91318020403395,178.54154941011515,176.79926089912135,177.24673461914062,27371300
2018-10-02 00:00:00-04:00,177.09434972710352,178.20826871549235,176.43743431914604,176.84681701660156,25618600
2018-10-03 00:00:00-04:00,177.58944852684127,178.00836125632804,176.76115305644254,177.03724670410156,29128700
2018-10-04 00:00:00-04:00,176.32317850593466,176.4374366662725,172.38161336865528,173.6383514404297,80557300
2018-10-05 00:00:00-04:00,173.61932264531507,174.20008538071755,169.87768350675893,171.51524353027344,83325600
2018-10-08 00:00:00-04:00,170.91549132840134,171.9818043363321,168.44962070642367,170.468017578125,66864500
2018-10-09 00:00:00-04:00,170.5917750763233,172.34359367923273,170.182392238787,171.0202178955078,49097900
2018-10-10 00:00:00-04:00,169.95383665040103,170.05856482438804,163.2798380060877,163.49880981445312,114471100
2018-10-11 00:00:00-04:00,162.82289921587008,165.0888143194027,159.7667503058187,161.47096252441406,143084500
2018-10-12 00:00:00-04:00,165.8218568361367,166.47878677388903,162.73714803046397,165.9646759033203,102078400
2018-10-15 00:00:00-04:00,165.38392945307362,165.69809947137276,163.33697217533367,163.95582580566406,64885300
2018-10-16 00:00:00-04:00,165.67908941512553,169.1350907984661,165.37442029214515,168.7257080078125,71979700
2018-10-17 00:00:00-04:00,169.54443996739752,169.71580540484015,167.05953943254445,168.79229736328125,66987600
2018-10-18 00:00:00-04:00,168.1544537972353,168.211575623605,164.17481160097051,164.87933349609375,82486200
2018-10-19 00:00:00-04:00,166.21221512751114,167.6308032302345,164.12718160074417,164.72698974609375,82923700
2018-10-22 00:00:00-04:00,165.71717591837452,166.85014068162766,164.31763291993525,165.57437133789062,52909300
2018-10-23 00:00:00-04:00,162.461035242932,165.78376090778775,160.72827741275609,164.96498107910156,77567000
2018-10-24 00:00:00-04:00,164.7746206066615,165.0507142778861,157.12949169583248,157.4151153564453,102997400
2018-10-25 00:00:00-04:00,159.8619046848051,163.83203055747921,159.14785295531507,162.8609161376953,83481100
2018-10-26 00:00:00-04:00,157.28183228751163,161.81369107367436,156.35832398163006,158.67185974121094,130970900
2018-10-29 00:00:00-04:00,161.09963422268467,161.7184733859481,152.41675332095778,155.40625,111871900
2018-10-30 00:00:00-04:00,154.94927310151905,158.08157459580573,154.24473661453348,157.9673309326172,92584000
2018-10-31 00:00:00-04:00,160.53787965578863,163.04182592311986,160.4617123879793,161.6803741455078,73828600
2018-11-01 00:00:00-04:00,161.91836520423394,163.9843529791505,160.69018818478426,163.81297302246094,52706800
2018-11-02 00:00:00-04:00,163.30841743706063,164.27953202168183,160.15707092705455,161.261474609375,75966800
2018-11-05 00:00:00-05:00,161.47094174744802,161.52806357492466,159.07172330146813,160.8616180419922,39573500
2018-11-06 00:00:00-05:00,160.87112931316187,162.98472403927326,160.63311201992792,162.08026123046875,34410400
2018-11-07 00:00:00-05:00,164.02247547360042,167.164306640625,163.6321236272519,167.164306640625,51169600
2018-11-08 00:00:00-05:00,166.3835552141648,166.8976805539125,165.30772723917147,166.0979461669922,40296500
2018-11-09 00:00:00-05:00,164.546174180414,164.9460416289504,162.00415034708598,163.29896545410156,50602700
2018-11-12 00:00:00-05:00,162.15642721523568,162.4610817938873,158.21484692436925,158.357666015625,62578400
2018-11-13 00:00:00-05:00,159.10025989159791,161.3566588964998,158.04346266257664,158.49093627929688,64128100
2018-11-14 00:00:00-05:00,160.0618701705922,160.6140720530409,156.37736699429652,157.28182983398438,75270700
2018-11-15 00:00:00-05:00,156.99617689544667,160.46170757603178,155.62520969825405,160.0332794189453,73254300
2018-11-16 00:00:00-05:00,158.47189742410555,160.24274651594462,157.83401287589223,159.47157287597656,65390700
2018-11-19 00:00:00-05:00,158.70989687197084,158.90030776346043,153.79721742347246,154.29229736328125,67280500
2018-11-20 00:00:00-05:00,150.77918354550894,153.644920925807,149.59862712126255,151.5313262939453,102652800
2018-11-21 00:00:00-05:00,153.61637263485753,154.20665089547666,151.59797603376384,152.68333435058594,42965800
2018-11-23 00:00:00-05:00,151.46467554071668,153.13079653070835,151.46467554071668,151.5789337158203,23503700
2018-11-26 00:00:00-05:00,153.70200725752193,155.15867152860207,153.0545928440315,155.08250427246094,42012600
2018-11-27 00:00:00-05:00,154.2352039976085,155.99653775546375,153.45450031285287,155.60618591308594,36608100
2018-11-28 00:00:00-05:00,156.7296156515834,160.6140594482422,155.6347419622156,160.6140594482422,70141000
2018-11-29 00:00:00-05:00,159.93813404763316,161.14725165264412,158.8242146603999,160.0904541015625,44885700
2018-11-30 00:00:00-05:00,160.3093987603254,161.34715058661743,159.50964968020662,161.25193786621094,36722800
2018-12-03 00:00:00-05:00,164.8127117446104,165.00312269293354,161.38525656509674,164.07009887695312,50771700
2018-12-04 00:00:00-05:00,163.21317640595507,163.6701799708828,157.58645983919564,157.77687072753906,70594700
2018-12-06 00:00:00-05:00,154.5969966329966,158.9098688153558,154.01623385760004,158.8908233642578,71715500
2018-12-07 00:00:00-05:00,158.19578604742492,159.10976413774634,153.1498175210185,153.6448974609375,80432200
2018-12-10 00:00:00-05:00,153.35928361925218,155.92986713706762,151.76933005627959,155.25390625,73960800
2018-12-11 00:00:00-05:00,157.7864024031081,157.82449330114315,154.4541606686741,155.7680206298828,59058300
2018-12-12 00:00:00-05:00,158.04347030619365,159.5667866743304,157.05332483609985,157.13900756835938,53780000
2018-12-13 00:00:00-05:00,158.16721429787364,158.82414417693397,156.16786375529165,157.18658447265625,46378500
2018-12-14 00:00:00-05:00,155.3872260821561,155.95845890613484,152.99752300712734,153.35931396484375,56547400
2018-12-17 00:00:00-05:00,152.702378043532,153.92102545443825,148.68464486689876,149.88424682617188,74834100
2018-12-18 00:00:00-05:00,151.04578460962753,152.28347757213587,149.5129524963707,150.82681274414062,63642100
2018-12-19 00:00:00-05:00,150.59830746038915,153.0165714982704,145.9902957626341,147.12326049804688,81856500
2018-12-20 00:00:00-05:00,146.76141884839492,148.39897856014474,143.18164492342171,144.99057006835938,99002100
2018-12-21 00:00:00-05:00,145.71416010791742,146.704305453785,139.68756172894325,140.496826171875,141129400
2018-12-24 00:00:00-05:00,139.47616993139565,141.29027089150622,136.9746168125307,137.01280212402344,56163300
2018-12-26 00:00:00-05:00,138.5213719326297,145.64411964369242,137.57612160589193,145.5677490234375,98982100
2018-12-27 00:00:00-05:00,143.57220516546255,146.25517091060647,140.43094290299098,146.1310577392578,85824300
2018-12-28 00:00:00-05:00,147.1812901260806,148.55619395678204,144.86115083850734,146.0546417236328,77856600
2018-12-31 00:00:00-05:00,147.486859353438,147.9737984840545,145.80642910652125,147.28634643554688,53015300
2019-01-02 00:00:00-05:00,144.16418268302837,148.70899156234705,144.05915488311425,147.87832641601562,58576700
2019-01-03 00:00:00-05:00,145.70139635113395,146.3315485666856,142.73198997199054,143.0470733642578,74820200
2019-01-04 00:00:00-05:00,145.45316827768136,149.90250734249278,144.8803011948339,149.1673126220703,74709300
2019-01-07 00:00:00-05:00,149.53962981806083,151.6783707367254,149.05269078001254,150.94317626953125,52059300
2019-01-08 00:00:00-05:00,152.3276486002206,152.8718875311288,150.09343677319163,152.30856323242188,49388700
2019-01-09 00:00:00-05:00,152.90053792476,154.218156819009,152.26082841538826,153.5498046875,46491700
2019-01-10 00:00:00-05:00,152.38495332725424,154.07492627790188,151.52563097214423,153.98899841308594,38943400
2019-01-11 00:00:00-05:00,153.0819940832749,153.5880333090585,152.5663976014277,153.42572021484375,30176600
2019-01-14 00:00:00-05:00,152.1271857674301,152.7287100801181,151.4206336313995,152.0699005126953,30710200
2019-01-15 00:00:00-05:00,152.76687938885158,155.2493470065144,152.68095151575173,155.03929138183594,40874200
2019-01-16 00:00:00-05:00,155.2970615949166,156.37598224953632,154.9533355632049,155.01063537597656,33812200
2019-01-17 00:00:00-05:00,154.5141426280303,156.92976759132435,154.26590170942924,156.23277282714844,39329000
2019-01-18 00:00:00-05:00,157.3307719310709,158.51472036464,156.41417891132602,157.77952575683594,57183200
2019-01-22 00:00:00-05:00,156.6433275147163,156.71971269824772,153.49250789671987,154.61917114257812,56711700
2019-01-23 00:00:00-05:00,155.4116684862577,156.11820601755403,153.07242843269594,154.81968688964844,38106100
2019-01-24 00:00:00-05:00,155.32570818269798,156.05136013983042,154.73374122312916,155.82220458984375,32417800
2019-01-25 00:00:00-05:00,157.07298460204183,158.1614479936636,156.53830287548863,157.68405151367188,36515900
2019-01-28 00:00:00-05:00,155.6503392272823,155.74580977380063,154.43774819153273,155.73626708984375,33491200
2019-01-29 00:00:00-05:00,155.8222176294789,155.86041750883203,153.7121332182538,154.2659149169922,30784200
2019-01-30 00:00:00-05:00,156.0131822132278,158.76299092400328,155.5262429911055,158.1901092529297,41346500
2019-01-31 00:00:00-05:00,159.16399442970734,161.35047861663324,158.94439611316838,160.55799865722656,37258400
2019-02-01 00:00:00-05:00,159.7655411772362,160.9781325694958,159.44091499946194,159.88011169433594,32143700
2019-02-04 00:00:00-05:00,159.9087146846299,161.8660430908203,159.76550157375559,161.8660430908203,26718800
2019-02-05 00:00:00-05:00,162.0857025183483,163.4892498102334,162.0188745643958,163.2982940673828,28156400
2019-02-06 00:00:00-05:00,163.3364641971419,163.6228904747357,162.0761302997826,162.8113250732422,27970000
2019-02-07 00:00:00-05:00,161.3886695139231,161.78968085021774,159.4026982039502,160.6248321533203,42036200
2019-02-08 00:00:00-05:00,159.22123523245472,160.96850772955375,159.03983684620445,160.9398651123047,29020700
2019-02-11 00:00:00-05:00,161.52228861688394,161.91375714299383,160.38608290738418,160.78709411621094,21434100
2019-02-12 00:00:00-05:00,161.96157761116916,163.4033101199921,161.67513673306846,163.16461181640625,29722100
2019-02-13 00:00:00-05:00,163.8901959032232,164.37714960769725,163.09773061477298,163.2791290283203,26094100
2019-02-14 00:00:00-05:00,162.69675314574377,164.0621149782599,162.1525286053334,163.4796905517578,30326800
2019-02-15 00:00:00-05:00,164.72086533739756,164.75905064076144,163.40324655211333,164.16708374023438,32521700
2019-02-19 00:00:00-05:00,163.6610645244502,164.98822615409836,163.63242190121196,164.49172973632812,19487700
2019-02-20 00:00:00-05:00,164.6063173791591,165.25558423450155,163.57515369717936,164.46310424804688,32593000
2019-02-21 00:00:00-05:00,164.02388532959307,164.47263921132222,162.99272169602946,163.861572265625,25207400
2019-02-22 00:00:00-05:00,164.2148650398717,165.188743479738,164.1289225913068,165.0741729736328,27735400
2019-02-25 00:00:00-05:00,166.33448389576932,166.76413780344336,165.5610893791752,165.67567443847656,32608800
2019-02-26 00:00:00-05:00,165.2746823513627,166.37268852840353,164.9977842089532,165.84754943847656,21939700
2019-02-27 00:00:00-05:00,165.08372885142555,165.9430514228417,163.9952652494882,165.74253845214844,25162000
2019-02-28 00:00:00-05:00,165.22694051742988,165.9525779919175,164.8927571217265,165.36061096191406,25085500
2019-03-01 00:00:00-05:00,166.55407495601366,166.75457330535846,165.35102658401135,166.50633239746094,31431200
2019-03-04 00:00:00-05:00,167.60432115618778,167.84301935541095,164.67311484559787,166.5349578857422,38063500
2019-03-05 00:00:00-05:00,166.65911865234375,167.1747004545302,165.83799610146548,166.65911865234375,22319900
2019-03-06 00:00:00-05:00,166.82147662257063,166.85011925434844,165.44657202128204,165.7139129638672,27194600
2019-03-07 00:00:00-05:00,165.2937476490403,165.3510328938963,163.06907837023488,163.68014526367188,39407400
2019-03-08 00:00:00-05:00,161.84700074662558,163.51788895667252,161.68468764021398,163.4319610595703,39303200
2019-03-11 00:00:00-04:00,164.10981204922217,166.94554819228236,164.08116942708895,166.83096313476562,30518400
2019-03-12 00:00:00-04:00,167.27020781357135,168.17725835721112,166.86919645435123,167.7476043701172,33953500
2019-03-13 00:00:00-04:00,168.61646521775845,169.88632720446222,168.37776694568856,169.00791931152344,42426100
2019-03-14 00:00:00-04:00,169.12247734913709,169.32297570698708,168.67372350387515,168.72146606445312,23751500
2019-03-15 00:00:00-04:00,169.38031877949595,170.79342329632976,169.26574825018093,170.28738403320312,38192000
2019-03-18 00:00:00-04:00,170.21466669027356,171.20946697611117,169.8703149906379,170.69293212890625,32935100
2019-03-19 00:00:00-04:00,171.3911847843938,172.17554706017555,170.539872941083,171.266845703125,36893300
2019-03-20 00:00:00-04:00,171.27638479827368,172.9981429772888,170.49203721397245,171.94595336914062,50105000
2019-03-21 00:00:00-04:00,171.42942086898657,174.88249703098901,171.41028616962532,174.63380432128906,42428500
2019-03-22 00:00:00-04:00,173.87815636431912,174.34686168026096,170.61638304522566,170.79812622070312,70794500
2019-03-25 00:00:00-04:00,170.1763934448595,171.06596005852316,169.23898277791127,170.47291564941406,46336500
2019-03-26 00:00:00-04:00,171.79294057157594,172.83555565918653,170.39639915673365,171.266845703125,33248100
2019-03-27 00:00:00-04:00,171.52509554713254,171.90770199655512,168.9233308236576,170.16680908203125,37096700
2019-03-28 00:00:00-04:00,170.6068046705843,171.19984899382246,169.53549502976716,170.55897521972656,30368200
2019-03-29 00:00:00-04:00,171.87903655570042,172.01295029538667,170.82684674709208,171.850341796875,35205500
2019-04-01 00:00:00-04:00,173.61985576942988,174.33725368562102,172.91203249990662,174.12681579589844,30969500
2019-04-02 00:00:00-04:00,174.31817449358627,174.95904836432905,173.87816391303824,174.786865234375,22645200
2019-04-03 00:00:00-04:00,175.77210980243544,176.88168912961555,175.2460294931976,175.79124450683594,31633500
2019-04-04 00:00:00-04:00,175.8390679719113,176.47994189018772,174.7103539788331,175.7242889404297,28530800
2019-04-05 00:00:00-04:00,176.2311934914446,176.73815351445634,176.02075560315694,176.6329345703125,25674700
2019-04-08 00:00:00-04:00,176.3460172528495,177.22602382931026,175.64775386200049,177.08255004882812,22697500
2019-04-09 00:00:00-04:00,176.47993487388547,177.06341925322354,176.08775373791192,176.46080017089844,25631900
2019-04-10 00:00:00-04:00,176.6903473554767,177.46513486651628,176.49904413968292,177.40774536132812,24563000
2019-04-11 00:00:00-04:00,177.70429079996765,177.70429079996765,176.66167573121893,176.9868927001953,20654100
2019-04-12 00:00:00-04:00,177.7712251536275,177.86686946025878,177.01555777509446,177.75209045410156,24989100
2019-04-15 00:00:00-04:00,177.76162702175196,177.9816395484861,176.59465862832602,177.78076171875,21073000
2019-04-16 00:00:00-04:00,178.43119913522384,178.7851253572362,177.84771492649818,178.3929443359375,27195700
2019-04-17 00:00:00-04:00,179.58864902191283,179.76081755175247,178.48864449326794,179.0147247314453,29651600
2019-04-18 00:00:00-04:00,179.31127263443338,179.62691495869478,178.1921187391353,179.2443084716797,28580900
2019-04-22 00:00:00-04:00,178.45989805798604,179.81816958354872,178.32596977956047,179.75120544433594,17936000
2019-04-23 00:00:00-04:00,180.21031596983576,182.25729037895223,179.9520632785489,182.03729248046875,33665600
2019-04-24 00:00:00-04:00,182.1903826767647,182.41995527278428,181.4060205869884,181.4634246826172,24977100
2019-04-25 00:00:00-04:00,182.82170484159627,182.90778909578103,181.21472578598505,182.199951171875,29517500
2019-04-26 00:00:00-04:00,181.9129478465531,182.40078770073555,180.39206798521036,182.36251831054688,26359500
2019-04-29 00:00:00-04:00,182.3625349697948,183.00342325228686,182.066012848476,182.71646118164062,21716200
2019-04-30 00:00:00-04:00,181.24340701028248,181.59733324356984,180.02862370389855,181.30079650878906,31495300
2019-05-01 00:00:00-04:00,182.4869030869885,183.00343777423998,180.59297662322922,180.71731567382812,34797100
2019-05-02 00:00:00-04:00,180.65992612668325,181.5973366046341,178.7468649650669,179.93296813964844,44110100
2019-05-03 00:00:00-04:00,181.4251601065977,182.9364802306823,181.09994320021843,182.8025665283203,30386200
2019-05-06 00:00:00-04:00,178.91908308502047,181.932149166214,178.64168098880194,181.68345642089844,38371800
2019-05-07 00:00:00-04:00,179.70340687061966,180.4686343025898,176.48946333274444,178.14427185058594,58818100
2019-05-08 00:00:00-04:00,177.5608189364315,179.0338699618569,176.91994504517163,177.69473266601562,37165300
2019-05-09 00:00:00-04:00,175.71469479510404,177.35036878974984,174.17467971308113,176.73818969726562,55351700
2019-05-10 00:00:00-04:00,176.10690949462304,177.8095333764707,173.1607924889924,176.95822143554688,58526400
2019-05-13 00:00:00-04:00,172.45290472385992,173.38074062338464,170.31984545791624,170.81724548339844,67185800
2019-05-14 00:00:00-04:00,171.71636596329495,173.73464597870762,171.0850523064176,172.6920166015625,43360600
2019-05-15 00:00:00-04:00,171.55376479333103,175.57119029693308,171.51549539677862,175.1311798095703,40944500
2019-05-16 00:00:00-04:00,175.20773126997005,177.98167913172063,174.99729334268207,176.89122009277344,39281200
2019-05-17 00:00:00-04:00,175.14073233464828,177.51292377882785,174.93029446668513,175.0833282470703,44702300
2019-05-20 00:00:00-04:00,172.64417435161172,173.3041680566961,171.54415565214697,172.1276397705078,38608300
2019-05-21 00:00:00-04:00,173.61027703727237,174.40419906388863,173.05548762365513,173.92593383789062,31613800
2019-05-22 00:00:00-04:00,172.95991135307852,174.155574888274,172.89294718926655,173.15121459960938,24332600
2019-05-23 00:00:00-04:00,171.16161071009108,171.23813491974934,169.43985248153157,170.50160217285156,45351300
2019-05-24 00:00:00-04:00,171.41985688486199,172.03203589088756,170.20505892452258,170.41549682617188,25903300
2019-05-28 00:00:00-04:00,170.89375141782827,171.85028196699938,169.755477729035,169.7746124267578,24763800
2019-05-29 00:00:00-04:00,168.72243387914747,169.30591813563825,167.47894116583115,168.37808227539062,42178800
2019-05-30 00:00:00-04:00,168.8276548863731,169.5641875525038,168.12939161862525,169.08592224121094,30354800
2019-05-31 00:00:00-04:00,167.09634196531633,167.67025159932712,166.31197982468566,166.3885040283203,45446200
2019-06-03 00:00:00-04:00,165.93894999912084,166.3885206181118,161.91196372539434,162.72500610351562,75842300
2019-06-04 00:00:00-04:00,164.5519950519908,167.36419798533956,163.92068121072842,167.3068084716797,47797800
2019-06-05 00:00:00-04:00,168.90417410051919,168.93286885070958,166.79980971206464,168.55026245117188,34412700
2019-06-06 00:00:00-04:00,168.8371844462781,170.30067486688836,168.09109186304525,169.88937377929688,29913200
2019-06-07 00:00:00-04:00,170.7980963574995,173.86856591126056,170.57809841299272,173.1702880859375,45888300
2019-06-10 00:00:00-04:00,174.32774199157237,176.8147279624376,174.28948718078303,175.18861389160156,41385300
2019-06-11 00:00:00-04:00,177.0155635320225,177.34078045704422,174.83467477111253,175.42771911621094,41260300
2019-06-12 00:00:00-04:00,174.94950387046887,175.31299029985624,174.08863185881913,174.41384887695312,27758100
2019-06-13 00:00:00-04:00,175.14075618096476,175.87727422362002,174.79640458609404,175.44683837890625,23715800
2019-06-14 00:00:00-04:00,174.5477267239581,175.15034576546722,174.0312065423081,174.70077514648438,22844100
2019-06-17 00:00:00-04:00,175.08337702293323,176.2407856191689,174.89207379753492,175.75296020507812,20379500
2019-06-18 00:00:00-04:00,177.8286346509859,179.55995296751576,177.3694893837342,178.30690002441406,48177300
2019-06-19 00:00:00-04:00,178.54601980261103,179.37819682165104,177.50340486683677,178.97645568847656,31672900
2019-06-20 00:00:00-04:00,181.4730463661354,181.5113011807149,179.02432955895262,180.640869140625,40922000
2019-06-21 00:00:00-04:00,180.43040586899477,181.5208503753842,179.9903952877668,180.37301635742188,39980400
2019-06-24 00:00:00-04:00,180.73341726394594,180.9155622315701,180.2828527528023,180.37872314453125,19375200
2019-06-25 00:00:00-04:00,180.25414074584592,180.35959235265955,177.0139137617291,177.28233337402344,33921100
2019-06-26 00:00:00-04:00,178.46141342151023,179.58302667260116,177.81912282273677,178.10670471191406,22595700
2019-06-27 00:00:00-04:00,178.7490599053068,179.20920568438441,178.29849531595787,178.7873992919922,19709200
2019-06-28 00:00:00-04:00,179.21876340702494,179.41048957088825,178.37516536047264,179.0174560546875,21179200
2019-07-01 00:00:00-04:00,182.44940397503714,182.68906533085067,180.58962951348138,181.4332275390625,31025600
2019-07-02 00:00:00-04:00,181.37573637809552,182.17141394538373,180.85807421376495,182.15223693847656,18035800
2019-07-03 00:00:00-04:00,182.61239148264963,183.52310180664062,182.4206506752664,183.52310180664062,15792100
2019-07-05 00:00:00-04:00,182.26726364174047,183.48473282825694,181.55786074448602,183.1492156982422,21415600
2019-07-08 00:00:00-04:00,181.96052558661424,182.01804198425424,181.11691274716978,181.8646697998047,17598800
2019-07-09 00:00:00-04:00,181.00182980583799,183.00539511666486,180.8484430361123,182.77532958984375,19193500
2019-07-10 00:00:00-04:00,183.88738294699158,185.1048521742804,183.55185117797137,184.59677124023438,28374500
2019-07-11 00:00:00-04:00,184.87478007978802,185.34450698647373,183.8777806245724,184.46255493164062,23736100
2019-07-12 00:00:00-04:00,184.66388203043448,185.53623829321938,184.49131823896153,185.5266571044922,20211900
2019-07-15 00:00:00-04:00,185.9580647222689,186.15938672943233,185.44040254748813,186.12103271484375,15606100
2019-07-16 00:00:00-04:00,185.89094870162975,186.06349786685294,184.59677145137917,185.16236877441406,20190900
2019-07-17 00:00:00-04:00,185.1623581783531,185.48830874029272,184.23247094492385,184.25164794921875,16765100
2019-07-18 00:00:00-04:00,183.37928089696462,184.81724906571245,182.80410240612667,184.46255493164062,28877000
2019-07-19 00:00:00-04:00,185.72795213559561,185.81422670492674,182.91911370264745,183.11083984375,29387900
2019-07-22 00:00:00-04:00,183.52310355916498,184.96107186165185,183.52310355916498,184.56802368164062,18954900
2019-07-23 00:00:00-04:00,185.5745868133403,185.79507116969515,184.3379259989733,185.77589416503906,23786700
2019-07-24 00:00:00-04:00,185.06653443028273,187.08927721417612,185.04735742267007,187.07968139648438,20422900
2019-07-25 00:00:00-04:00,186.4470040816855,186.47576228194276,184.95150452944614,185.30621337890625,23434700
2019-07-26 00:00:00-04:00,186.48533229593943,187.46315492939848,186.38946188231293,187.21389770507812,20431200
2019-07-29 00:00:00-04:00,187.04132053155212,187.10841810883542,185.39244913270122,186.5715789794922,20451700
2019-07-30 00:00:00-04:00,185.1431827548449,186.4948615931308,185.00897298977512,185.76629638671875,18705000
2019-07-31 00:00:00-04:00,186.26482145296498,186.3894354196617,181.49077101314333,183.19715881347656,41627500
2019-08-01 00:00:00-04:00,183.51348771011567,186.9166819134034,181.40447068890458,182.2864227294922,63251600
2019-08-02 00:00:00-04:00,180.91555812374136,181.17439647331798,178.5093634747667,179.6022186279297,55214000
2019-08-05 00:00:00-04:00,175.84433662234596,175.92103001749456,171.7892702628374,173.25599670410156,75040000
2019-08-06 00:00:00-04:00,174.85696064058618,176.19907332672497,173.58197479902339,175.681396484375,41897200
2019-08-07 00:00:00-04:00,173.7736726548356,176.87967469115088,172.4507371932824,176.63043212890625,49990600
2019-08-08 00:00:00-04:00,177.42612348993245,180.5321403964102,176.9372195162246,180.474609375,38418100
2019-08-09 00:00:00-04:00,179.61186439348822,180.22539707501565,177.37821808930022,178.77784729003906,33608900
2019-08-12 00:00:00-04:00,177.6753834616484,178.2122226918561,175.9114789544597,176.72633361816406,24642900
2019-08-13 00:00:00-04:00,176.5729495068356,181.83590490939986,176.40998149715233,180.59925842285156,40241900
2019-08-14 00:00:00-04:00,177.69455666212252,178.2601540798423,174.87613613616753,175.2020721435547,51000500
2019-08-15 00:00:00-04:00,175.4320893624217,175.99768657702458,173.6681855264908,175.00070190429688,36685000
2019-08-16 00:00:00-04:00,176.59208585678573,178.26011958817796,176.4866342715324,177.80955505371094,32781400
2019-08-19 00:00:00-04:00,180.3787190028665,181.0210096549524,179.74600953862628,180.63754272460938,22494100
2019-08-20 00:00:00-04:00,180.18697916332533,180.8388509537362,179.18997984794015,179.2379150390625,19902900
2019-08-21 00:00:00-04:00,180.8101534358988,181.40450904750693,180.18703962552067,180.82933044433594,20418500
2019-08-22 00:00:00-04:00,181.16484421107228,181.6250046382273,178.82574657023355,180.2445526123047,24243700
2019-08-23 00:00:00-04:00,179.01749228509075,180.65676813982037,174.05170025774933,174.54061889648438,55372400
2019-08-26 00:00:00-04:00,176.52500849651847,177.2248157216373,175.5088464531967,177.17689514160156,27598900
2019-08-27 00:00:00-04:00,178.41351052537289,178.71068828315927,176.11276722889778,176.802978515625,28012800
2019-08-28 00:00:00-04:00,176.22782650357368,177.73289252415069,175.34587428638608,177.4357147216797,21792400
2019-08-29 00:00:00-04:00,179.6405854207639,180.66634315998814,178.9599406577178,180.14866638183594,25358900
2019-08-30 00:00:00-04:00,181.11691486656278,181.15526888395263,178.7011383707836,179.71730041503906,26319800
2019-09-03 00:00:00-04:00,178.5189538394535,179.43924526428412,177.37816343287164,177.97251892089844,27964200
2019-09-04 00:00:00-04:00,179.68852357801504,180.6951043274031,179.17084679134908,180.54171752929688,21592100
2019-09-05 00:00:00-04:00,182.53568991032395,184.3762874821664,182.46857770519148,183.84902954101562,33932600
2019-09-06 00:00:00-04:00,184.15583453502038,184.2229321238309,183.2642864773764,183.6669158935547,19487800
2019-09-09 00:00:00-04:00,184.24210816583866,184.31880157248523,182.35357508201045,183.28346252441406,24407600
2019-09-10 00:00:00-04:00,182.29601883924823,182.85203494507783,181.09771204938323,182.75616455078125,23744700
2019-09-11 00:00:00-04:00,183.1012966204671,184.56802311427336,182.67949024592443,184.47215270996094,25063600
2019-09-12 00:00:00-04:00,185.60331882890713,186.6578345197337,184.98978641636256,185.23902893066406,28689900
2019-09-13 00:00:00-04:00,184.97065438401563,185.40204195231652,184.33794481569691,184.57760620117188,27669800
2019-09-16 00:00:00-04:00,183.38888323385015,184.1366255379646,183.2067382522227,183.75315856933594,20319000
2019-09-17 00:00:00-04:00,183.77232690924416,184.63511657714844,183.37927877034673,184.63511657714844,20953400
2019-09-18 00:00:00-04:00,184.2516675717936,184.63513455968834,182.24810192876714,184.55844116210938,29781300
2019-09-19 00:00:00-04:00,184.88436560377437,186.0155602350535,184.51049445624344,184.8651885986328,26039400
2019-09-20 00:00:00-04:00,185.12406077047635,185.31578697359,182.29605904817802,182.9095916748047,29086100
2019-09-23 00:00:00-04:00,182.85572345400098,183.53774063673427,182.24095380161046,182.99020385742188,22485900
2019-09-24 00:00:00-04:00,183.82594406913967,184.22938537072093,179.77230071771646,180.5599822998047,40820700
2019-09-25 00:00:00-04:00,180.3774430862392,183.0670660194215,178.86934234990503,182.58677673339844,34704900
2019-09-26 00:00:00-04:00,182.3466403801891,182.5099369859888,180.5695640782084,181.9143829345703,26826000
2019-09-27 00:00:00-04:00,182.25060316526077,182.34666690371202,178.4275038226518,179.65704345703125,40773500
2019-09-30 00:00:00-04:00,180.3870878363966,181.65505889796285,180.0124626877101,181.36688232421875,26307700
2019-10-01 00:00:00-04:00,182.02967503188114,183.076702362605,179.58981143052011,179.88758850097656,32367600
2019-10-02 00:00:00-04:00,178.667635391801,178.69645157976666,175.8051150148275,176.7945098876953,48544300
2019-10-03 00:00:00-04:00,176.77536532044059,178.8694353176767,174.65249378092048,178.73495483398438,39392500
2019-10-04 00:00:00-04:00,179.70508509104732,181.62624270631537,179.51297226097438,181.36688232421875,31887600
2019-10-07 00:00:00-04:00,180.84815212530867,182.26020395700343,180.50234321433715,180.8193359375,21216000
2019-10-08 00:00:00-04:00,179.6858680555262,180.45433402729094,177.9664384520291,178.1105194091797,32379300
2019-10-09 00:00:00-04:00,179.61862209665486,180.6656493951779,179.08068569545804,179.84915161132812,20147400
2019-10-10 00:00:00-04:00,179.8971999118697,181.96243850822913,179.7435037832028,181.24200439453125,25177700
2019-10-11 00:00:00-04:00,183.30724151971057,185.03628617190788,183.20157727270774,183.57620239257812,40976700
2019-10-14 00:00:00-04:00,183.31683164852305,184.14292989905076,183.13431935428463,183.55697631835938,14975000
2019-10-15 00:00:00-04:00,184.1237287846674,186.32346234242564,184.0084640243547,185.89120483398438,23234200
2019-10-16 00:00:00-04:00,185.25723285180132,185.90081890594303,184.84417633510162,185.4301300048828,20457100
2019-10-17 00:00:00-04:00,186.5443837302758,186.83256027655185,185.20917990122254,185.92001342773438,19045200
2019-10-18 00:00:00-04:00,185.583830601042,186.03530383242418,183.1919986489002,184.13336181640625,27700800
2019-10-21 00:00:00-04:00,185.11309476372892,185.89116102701843,184.56555796673842,185.7662811279297,15801200
2019-10-22 00:00:00-04:00,186.4963987338322,186.75575915639067,184.22943180786424,184.28707885742188,22392300
2019-10-23 00:00:00-04:00,183.91239105450657,184.68084223313406,183.6145993669317,184.64242553710938,14828400
2019-10-24 00:00:00-04:00,185.95847700039167,186.55404592142108,185.14199368028383,186.4387664794922,18998500
2019-10-25 00:00:00-04:00,185.47814879997466,188.0236913021506,185.43973209886622,187.92762756347656,21507100
2019-10-28 00:00:00-04:00,188.80176072349929,190.03130038009007,188.80176072349929,189.78155517578125,18818700
2019-10-29 00:00:00-04:00,189.4645500499634,189.75271193716878,188.2830276833498,188.3118438720703,18569700
2019-10-30 00:00:00-04:00,188.67685887956483,189.5413884690305,187.5914003020515,189.22439575195312,21764300
2019-10-31 00:00:00-04:00,189.7719410189323,189.85838959119974,188.21580808904255,189.3108673095703,26801800
2019-11-01 00:00:00-04:00,190.127357525203,191.03991912386584,189.83919560696157,191.03030395507812,22131900
2019-11-04 00:00:00-05:00,192.29821002085916,192.62480318931247,191.03023938013757,192.21176147460938,19015900
2019-11-05 00:00:00-05:00,192.4519853403292,192.644098185743,191.6835193014035,192.3175048828125,15048900
2019-11-06 00:00:00-05:00,192.09653663000452,192.11575230927068,190.95344555860135,191.8852081298828,19725500
2019-11-07 00:00:00-05:00,192.84580136772814,193.76796349723455,191.9716857686282,192.52880859375,17832400
2019-11-08 00:00:00-05:00,192.1830114375095,193.31648740893957,191.67389117852713,193.29727172851562,15258800
2019-11-11 00:00:00-05:00,192.31748400577246,193.1147514948287,192.05812363111994,193.0379180908203,10147600
2019-11-12 00:00:00-05:00,193.20117514108932,194.23860176988032,192.90339812544178,193.59500122070312,14778300
2019-11-13 00:00:00-05:00,192.92261714280346,193.8255634404703,192.79775188227129,193.64305114746094,15774600
2019-11-14 00:00:00-05:00,192.91302618611647,193.61424454800726,192.32707258035344,193.48936462402344,16945400
2019-11-15 00:00:00-05:00,194.6613118779997,194.91107177734375,194.03694144418182,194.91107177734375,18427900
2019-11-18 00:00:00-05:00,194.60365466690814,195.372120634779,193.81598767636072,195.0647430419922,18365900
2019-11-19 00:00:00-05:00,195.80434789254411,195.80434789254411,194.6036245837585,195.35287475585938,16923300
2019-11-20 00:00:00-05:00,194.84380147711423,195.42975513502236,192.71131535536787,194.18099975585938,36629000
2019-11-21 00:00:00-05:00,193.96967780809953,194.10417291645842,193.1435940780313,193.74874877929688,17883600
2019-11-22 00:00:00-05:00,194.22899032490747,194.34426972404816,192.82655377454785,193.8735809326172,17189600
2019-11-25 00:00:00-05:00,194.70931920084348,196.20781977884954,194.6805030095179,196.16940307617188,17752800
2019-11-26 00:00:00-05:00,196.29426116487198,196.7937515304405,196.0060846264178,196.54400634765625,14780600
2019-11-27 00:00:00-05:00,197.05310287924823,197.92723296496362,196.81295821771764,197.91761779785156,16963100
2019-11-29 00:00:00-05:00,197.41815079284834,197.71592786318521,196.9186457337811,197.01470947265625,9854600
2019-12-02 00:00:00-05:00,197.02430400753673,197.09153689689512,193.82557507596331,194.9974822998047,28007000
2019-12-03 00:00:00-05:00,192.3174926696207,193.54703239091126,191.37611486951567,193.47018432617188,31104100
2019-12-04 00:00:00-05:00,194.45956634011807,194.91103952948296,194.17138978093027,194.449951171875,15300100
2019-12-05 00:00:00-05:00,195.14152974089694,195.14152974089694,193.8831741651095,194.8341522216797,14962300
2019-12-06 00:00:00-05:00,196.25583846621763,197.06272108366758,196.10214235129337,196.91864013671875,16555300
2019-12-09 00:00:00-05:00,196.56320548946195,197.48535274621793,195.93882059912676,196.02528381347656,13984100
2019-12-10 00:00:00-05:00,196.1213598759361,196.80337723153923,195.4201414987379,195.86199951171875,21799800
2019-12-11 00:00:00-05:00,196.30387518283317,197.1011573092682,195.99648294539233,196.89942932128906,18780800
2019-12-12 00:00:00-05:00,196.697773003164,199.1472524726504,196.4288120460796,198.36917114257812,32612000
2019-12-13 00:00:00-05:00,198.26345814950494,199.713941515907,197.84081579026684,199.02232360839844,32519400
2019-12-16 00:00:00-05:00,200.3287220215061,201.27008519010656,200.26147446654247,201.0203399658203,21296600
2019-12-17 00:00:00-05:00,201.27965528358234,201.44296656173643,200.7993659313518,201.1355743408203,15996100
2019-12-18 00:00:00-05:00,201.3084460209754,201.84636764313598,201.07790190122162,201.2892303466797,15443300
2019-12-19 00:00:00-05:00,201.37573067955844,202.6148708308799,201.35651500032137,202.54763793945312,17865900
2019-12-20 00:00:00-05:00,203.5082166932895,204.14220219267574,202.94147874259667,203.3641357421875,27672600
2019-12-23 00:00:00-05:00,204.08421416623082,204.2286074987485,203.72803415332257,203.90130615234375,23774700
2019-12-24 00:00:00-05:00,204.0841862940331,204.17082228171165,203.5450983408621,204.00717163085938,7089000
2019-12-26 00:00:00-05:00,204.33448713896883,205.8266151274795,204.30560847440154,205.80735778808594,17067500
2019-12-27 00:00:00-05:00,206.52931627903124,206.54857361492807,205.08532455667964,205.63404846191406,18134100
2019-12-30 00:00:00-05:00,205.52817296121955,205.65332362183074,203.27554920448603,204.28634643554688,21815500
2019-12-31 00:00:00-05:00,203.6317261002722,204.81579528450203,203.3140461359092,204.67140197753906,18170900
2020-01-02 00:00:00-05:00,206.3945739224965,208.0888671875,205.9902579449058,208.0888671875,30969400
2020-01-03 00:00:00-05:00,205.33569868817486,207.4246723581111,205.3164413454475,206.18283081054688,27518900
2020-01-06 00:00:00-05:00,204.56553489290675,207.54015491021366,204.31524823238857,207.5112762451172,21655300
2020-01-07 00:00:00-05:00,207.58828468928186,208.06961534518254,206.827788716139,207.48239135742188,22139300
2020-01-08 00:00:00-05:00,207.4535153257553,209.99494063359947,207.12621400096043,209.04190063476562,26397300
2020-01-09 00:00:00-05:00,210.76503539121364,211.21748730868322,209.58096628481454,210.81317138671875,23547000
2020-01-10 00:00:00-05:00,211.64110091224714,211.66034356288264,209.8986715526782,210.27410888671875,21898500
2020-01-13 00:00:00-05:00,211.14050559485497,212.72889087103113,210.8035682627954,212.70001220703125,22756900
2020-01-14 00:00:00-05:00,212.59416629438275,212.95036104490543,211.5352474370925,211.862548828125,24418100
2020-01-15 00:00:00-05:00,211.97799059898475,212.94065178670863,211.25599470819185,211.94911193847656,25742100
2020-01-16 00:00:00-05:00,213.00809446050664,214.01889187956053,212.55564242234962,213.98037719726562,18805000
2020-01-17 00:00:00-05:00,214.94297361788767,215.21251755626315,213.82628319373603,215.03924560546875,24325200
2020-01-21 00:00:00-05:00,214.44243566990113,215.48211168395406,214.34617834894308,214.94302368164062,21146300
2020-01-22 00:00:00-05:00,216.03083166997536,216.7431916501498,215.24144233199746,215.510986328125,20736400
2020-01-23 00:00:00-05:00,215.38583305580516,216.30035830419158,214.3846571313682,216.20408630371094,26496100
2020-01-24 00:00:00-05:00,217.21490071712287,217.4459447231068,213.39313408295115,214.38467407226562,37436500
2020-01-27 00:00:00-05:00,209.54243847232684,211.0923234205187,209.07072924842754,209.95639038085938,42264400
2020-01-28 00:00:00-05:00,211.43893603364953,213.67231739217365,210.8805906940185,213.1813507080078,26731900
2020-01-29 00:00:00-05:00,214.36541898599006,214.60608431969396,212.584504330009,213.5279083251953,28924500
2020-01-30 00:00:00-05:00,212.15129715965054,214.38466368644922,211.48705852754097,214.2884063720703,39568100
2020-01-31 00:00:00-05:00,215.18368965188355,215.21256831716073,210.1393389071386,210.89022827148438,52015800
2020-02-03 00:00:00-05:00,211.9202327776276,214.56755103761793,211.77583947542755,214.07659912109375,25408600
2020-02-04 00:00:00-05:00,217.00308881724794,219.35198452662482,216.26183557049177,218.97654724121094,30691200
2020-02-05 00:00:00-05:00,221.61429467698002,221.65279467107086,218.37975167858292,219.69859313964844,38534800
2020-02-06 00:00:00-05:00,220.2472666224085,221.6527585469502,219.46751333998242,221.59500122070312,22467100
2020-02-07 00:00:00-05:00,220.60349829673962,221.835703760241,220.00663821760304,220.64199829101562,25884900
2020-02-10 00:00:00-05:00,219.9103396565095,223.3181540393469,219.8525823314005,223.30853271484375,21478900
2020-02-11 00:00:00-05:00,224.54076655472767,225.2820199291705,222.75983712872844,223.34706115722656,30198000
2020-02-12 00:00:00-05:00,224.66589136104858,225.62855262876883,224.1075460630854,225.5226593017578,24471300
2020-02-13 00:00:00-05:00,223.9535301346014,226.15801810640116,223.68398613863585,225.23387145996094,22773200
2020-02-14 00:00:00-05:00,225.59004388911814,226.09063187443948,224.82954793078483,225.87884521484375,23438500
2020-02-18 00:00:00-05:00,224.78143050256236,226.38907323212206,224.54076515941188,225.9654998779297,24394500
2020-02-19 00:00:00-05:00,227.3131708265222,228.60313317846052,227.04362689295425,228.1314239501953,22230500
2020-02-20 00:00:00-05:00,227.63088940490908,228.1025840242257,223.2218990442658,226.01361083984375,42604000
2020-02-21 00:00:00-05:00,224.88728193021853,225.27234053187954,220.75747187458455,221.6719970703125,66017200
2020-02-24 00:00:00-05:00,213.40276152038396,215.87680824645918,212.0357841628467,213.12359619140625,84522600
2020-02-25 00:00:00-05:00,214.91414523856622,215.6265199218146,206.7219024819188,207.328369140625,97743000
2020-02-26 00:00:00-05:00,208.61834956856265,212.0550429818306,206.8759201700028,208.3969268798828,79537700
2020-02-27 00:00:00-05:00,203.0252787407927,208.33917366018667,197.82691317530848,197.96168518066406,121822600
2020-02-28 00:00:00-05:00,191.22303392584632,199.4345333769781,190.77058195419983,198.11569213867188,148173700
2020-03-02 00:00:00-05:00,201.0806973544826,208.48356511314225,198.25047077787218,208.3391571044922,112933900
2020-03-03 00:00:00-05:00,209.00340544932334,211.41005881468837,199.86774398634094,201.65829467773438,131953500
2020-03-04 00:00:00-05:00,205.35491080541635,210.17783851853628,203.47770956270426,210.0719451904297,73086200
2020-03-05 00:00:00-05:00,204.74843219637864,208.2813973693051,202.2551429797237,203.6894989013672,78705500
2020-03-06 00:00:00-05:00,197.02790140158754,201.34062023865172,195.33362267357404,200.25282287597656,89828400
2020-03-09 00:00:00-04:00,186.25571076647086,193.64895744898524,184.9368694395479,186.3423614501953,116424000
2020-03-10 00:00:00-04:00,193.6008161265127,196.67170804748878,186.44823497394106,196.48880004882812,100599200
2020-03-11 00:00:00-04:00,191.90658297486783,193.2543032489293,185.53375362139317,187.9307861328125,89168800
2020-03-12 00:00:00-04:00,175.2910115179422,183.65654146842257,170.33331116327355,170.69912719726562,137820700
2020-03-13 00:00:00-04:00,180.08502018897545,187.21832782230044,171.47882754923367,185.15823364257812,134882000
2020-03-16 00:00:00-04:00,167.64742851181632,177.7842489508168,162.8437589142779,162.97853088378906,92054400
2020-03-17 00:00:00-04:00,168.918192252125,177.5051299343978,163.44064669091188,175.33914184570312,121257100
2020-03-18 00:00:00-04:00,165.20231138074408,172.52816468747216,160.57191273504014,170.00599670410156,114156300
2020-03-19 00:00:00-04:00,169.12998408539326,176.63874595959146,165.22158114311028,171.02642822265625,120896500
2020-03-20 00:00:00-04:00,174.9540837622137,176.04188112854132,163.7487059331409,164.3262939453125,118983900
2020-03-23 00:00:00-04:00,164.88870592266807,168.06261919939575,159.11007109457017,164.4449462890625,124639800
2020-03-24 00:00:00-04:00,173.5615103968468,177.3431833950466,171.67066653757124,177.17918395996094,94881800
2020-03-25 00:00:00-04:00,177.91232809492413,182.82271258391634,173.6290010211754,175.8671417236328,88754900
2020-03-26 00:00:00-04:00,177.38177379165785,185.91948969091635,177.1309537121269,185.12841796875,79887600
2020-03-27 00:00:00-04:00,180.33376341717982,183.78743713744916,178.14387587751088,178.76129150390625,58845000
2020-03-30 00:00:00-04:00,180.45914755758488,185.69754494822178,179.7645532657839,185.26341247558594,49356900
2020-03-31 00:00:00-04:00,184.9547789434561,188.3602146817124,182.523698043279,183.6813507080078,62659300
2020-04-01 00:00:00-04:00,178.24996973899405,181.03798885377915,174.4779395483002,175.87677001953125,53715400
2020-04-02 00:00:00-04:00,174.84454356405624,183.39189909121444,174.584067000671,179.4462127685547,56465300
2020-04-03 00:00:00-04:00,179.00248056889478,180.4688482906454,174.89279421614447,176.89939880371094,47487600
2020-04-06 00:00:00-04:00,183.75850613958147,190.675495755822,182.51403299538356,189.54678344726562,64763500
2020-04-07 00:00:00-04:00,195.2289258635497,195.50870082071944,189.08370999909098,189.46958923339844,69904500
2020-04-08 00:00:00-04:00,191.1578290474795,194.0712657278729,189.2477018889726,193.49244689941406,45940400
2020-04-09 00:00:00-04:00,195.2096595639199,196.04895506935992,192.00680569704667,193.77223205566406,68252600
2020-04-13 00:00:00-04:00,192.9425526091154,196.24186849228946,191.73666165530844,195.86563110351562,42853900
2020-04-14 00:00:00-04:00,199.9174236171041,205.0014640471716,199.13600862705067,204.38404846191406,63959600
2020-04-15 00:00:00-04:00,201.12327513593752,204.35506817638338,199.8112654345451,202.0397491455078,47036000
2020-04-16 00:00:00-04:00,204.22002618544127,206.8054490590431,202.29060085755438,205.7249755859375,64657400
2020-04-17 00:00:00-04:00,208.54199102410055,208.8699898853912,204.59631869764576,207.6930389404297,62863200
2020-04-20 00:00:00-04:00,205.8311036176268,208.2621837593495,205.06898705655595,205.2329864501953,38249100
2020-04-21 00:00:00-04:00,203.168520189689,203.70875699876774,196.44447084168215,197.66000366210938,72932800
2020-04-22 00:00:00-04:00,201.7214586373907,204.85677533483243,200.97862563660664,203.5254669189453,40089100
2020-04-23 00:00:00-04:00,204.31649839571924,206.8729959097003,202.68614628073763,203.09132385253906,43278500
2020-04-24 00:00:00-04:00,203.5254683224947,206.73796383493092,202.10733927501343,206.294189453125,34231900
2020-04-27 00:00:00-04:00,208.5612649924583,208.98574098460935,206.93089798640045,207.9534912109375,36451700
2020-04-28 00:00:00-04:00,209.65137833959244,209.65137833959244,203.75698294826117,204.0367431640625,46862800
2020-04-29 00:00:00-04:00,208.56125422254138,212.20786728265963,207.54830287909775,211.2720947265625,48716400
2020-04-30 00:00:00-04:00,212.18853634004532,212.27535694235462,209.68029237780573,211.18524169921875,43359500
2020-05-01 00:00:00-04:00,206.93087551406245,209.02430032042034,204.21037861636245,205.2329864501953,48795000
2020-05-04 00:00:00-04:00,203.99815849028087,207.8473528266269,203.67014497762716,207.62547302246094,32841000
2020-05-05 00:00:00-04:00,209.767116901888,212.37183806228848,209.19793998231296,209.97935485839844,37783100
2020-05-06 00:00:00-04:00,211.65797394294648,213.2401022826785,210.41350095781186,211.2720947265625,36455200
2020-05-07 00:00:00-04:00,213.9925994873047,214.87047694425198,212.64199274061437,213.9925994873047,38624800
2020-05-08 00:00:00-04:00,215.6615217181276,217.0603521546101,214.62927208878122,216.92529296875,31852300
2020-05-11 00:00:00-04:00,215.60366075294203,219.8869730565774,215.37212439044205,218.8643798828125,35714100
2020-05-12 00:00:00-04:00,219.46256219485414,220.05103770435164,214.2531032451176,214.28204345703125,41054100
2020-05-13 00:00:00-04:00,214.8029511519797,216.68413812912272,209.0629130544002,211.60009765625,65521200
2020-05-14 00:00:00-04:00,210.2784810169111,214.04085560027218,208.36835351461633,214.0022735595703,51549300
2020-05-15 00:00:00-04:00,211.05986788943042,215.44931412930026,210.6257500679816,215.3914337158203,55747200
2020-05-18 00:00:00-04:00,218.29517315352297,220.61047758178333,217.51375827699377,219.4045867919922,42398100
2020-05-19 00:00:00-04:00,219.6651221405356,221.73926368654432,218.7100658003225,218.85476684570312,36237300
2020-05-20 00:00:00-04:00,221.401547244776,223.5817924760534,221.3822488705958,223.224853515625,37417000
2020-05-21 00:00:00-04:00,223.27309601930102,223.9483919240255,220.28248094364704,220.7937774658203,43642900
2020-05-22 00:00:00-04:00,220.38866014657674,221.75855070488282,219.47218583113226,221.55596923828125,28762400
2020-05-26 00:00:00-04:00,225.12537573858546,225.32797190006696,220.71663125237555,220.9578094482422,33055300
2020-05-27 00:00:00-04:00,220.62019500202894,222.2795023642407,216.03780873646346,222.16372680664062,55665600
2020-05-28 00:00:00-04:00,221.02531573597636,225.23146347699497,220.96743533225654,221.874267578125,42784300
2020-05-29 00:00:00-04:00,222.25052635957226,225.3569025684961,220.68768170666104,225.1253662109375,50691800
2020-06-01 00:00:00-04:00,224.2571579531959,226.1769271239198,223.81338356056148,225.80068969726562,25776000
2020-06-02 00:00:00-04:00,226.22516213312986,227.37317277383752,223.8230218499596,227.31529235839844,33383400
2020-06-03 00:00:00-04:00,227.92302597587337,229.0903348647583,227.04514857254634,228.33786010742188,37228700
2020-06-04 00:00:00-04:00,227.99059513357238,229.3990676853187,225.4340971868914,226.73646545410156,38716100
2020-06-05 00:00:00-04:00,227.88445534473067,231.82048527560306,227.31527833422862,231.2320098876953,47365600
2020-06-08 00:00:00-04:00,231.08734567056086,233.15183090288596,229.51487348953265,233.02642822265625,32937300
2020-06-09 00:00:00-04:00,232.16778889183445,235.5635673917598,231.98449110228037,234.71463012695312,35046300
2020-06-10 00:00:00-04:00,236.40287348902956,239.07513205434915,235.88192033604716,237.53158569335938,58084400
2020-06-11 00:00:00-04:00,233.61487784348546,234.9944102155441,225.7042350601566,225.76211547851562,72919400
2020-06-12 00:00:00-04:00,230.65317733072695,231.91694872983695,223.56254715943328,227.55645751953125,72034800
2020-06-15 00:00:00-04:00,224.23782981046676,231.00046076334,223.30205728267734,230.32516479492188,45307400
2020-06-16 00:00:00-04:00,235.1776934477975,235.76616886523365,230.66284445134943,234.280517578125,48890100
2020-06-17 00:00:00-04:00,235.7758055046554,236.83699548662523,234.16473687410073,235.02333068847656,34749300
2020-06-18 00:00:00-04:00,234.70499363235834,235.9012429208972,233.93323509301771,235.66006469726562,30578600
2020-06-19 00:00:00-04:00,238.0235854158861,238.28406199401456,233.8946158026866,235.6214599609375,49422100
2020-06-22 00:00:00-04:00,235.49002211302061,238.57281006462253,235.20011676944222,238.4471893310547,24068700
2020-06-23 00:00:00-04:00,240.04173550092696,242.70896797011602,239.490900584289,240.4766082763672,32767400
2020-06-24 00:00:00-04:00,239.7227863406425,240.95010620622034,234.02108921019752,235.5189971923828,46032400
2020-06-25 00:00:00-04:00,235.60595537163584,238.0605802171073,233.035353664259,237.76100158691406,36940800
2020-06-26 00:00:00-04:00,237.51947632844215,237.69343430128964,231.624487873306,232.14634704589844,52824600
2020-06-29 00:00:00-04:00,231.9047323814369,234.68794177514607,229.3727939582953,234.6782684326172,34377800
2020-06-30 00:00:00-04:00,234.6106070254222,239.8194508134417,234.42699048577506,239.2782745361328,38909200
2020-07-01 00:00:00-04:00,239.31696319324513,243.066563370996,238.77578682654914,242.07118225097656,34689200
2020-07-02 00:00:00-04:00,244.51612565075843,245.72411376198428,243.25015646954552,243.71401977539062,31956500
2020-07-06 00:00:00-04:00,246.86448292549113,250.22751818141214,246.84515098406868,249.7056884765625,34589000
2020-07-07 00:00:00-04:00,249.45437549713066,252.11194927639178,247.68586443037847,247.98544311523438,36578200
2020-07-08 00:00:00-04:00,249.30942154293714,251.2808368476071,247.87915304473862,251.25184631347656,30426300
2020-07-09 00:00:00-04:00,253.1652456340036,254.03499092854446,248.97111564273374,253.36817932128906,40312900
2020-07-10 00:00:00-04:00,253.22331399209335,255.34938499343983,250.54642279249265,255.09811401367188,32885300
2020-07-13 00:00:00-04:00,257.93919022151636,260.7223984831561,249.02907214396316,249.8505096435547,64108100
2020-07-14 00:00:00-04:00,247.32822859109743,252.02490014284447,244.2647735283862,251.61900329589844,72230500
2020-07-15 00:00:00-04:00,253.02994618159673,253.86105713238123,248.83581603561476,252.13121032714844,54523900
2020-07-16 00:00:00-04:00,249.34805164975458,251.04890826795977,247.0287204834085,250.4110870361328,47594100
2020-07-17 00:00:00-04:00,250.86531968295154,251.56112205959127,248.52667106417573,250.7010498046875,35137900
2020-07-20 00:00:00-04:00,251.3387421859511,258.441715826729,250.09212010205616,257.8135681152344,40610100
2020-07-21 00:00:00-04:00,259.379218243059,259.38889158598613,254.2863506514043,255.12710571289062,43243800
2020-07-22 00:00:00-04:00,255.61995039275118,256.953573948241,253.72580385416447,256.02581787109375,29865500
2020-07-23 00:00:00-04:00,255.6199629915737,256.3254091883803,247.9274733052082,249.3384246826172,51363500
2020-07-24 00:00:00-04:00,245.50181607372636,248.29468380070477,242.87324769475924,246.97073364257812,54054500
2020-07-27 00:00:00-04:00,248.61359438120672,251.7640069121067,247.8308205460294,251.37745666503906,36445700
2020-07-28 00:00:00-04:00,250.59467147831046,251.11653050875375,247.88879037951583,248.17869567871094,31302400
2020-07-29 00:00:00-04:00,249.71523464680553,251.8992860487309,249.24171286181425,251.0391845703125,27556900
2020-07-30 00:00:00-04:00,249.07749844062172,252.91407021964505,247.92749129204472,252.35357666015625,41774500
2020-07-31 00:00:00-04:00,256.97289573249157,257.01155960937103,252.08296226957665,256.85693359375,53686300
2020-08-03 00:00:00-04:00,258.9926095304385,261.0703428503079,258.8669740683068,260.32623291015625,32081600
2020-08-04 00:00:00-04:00,259.82379185692565,261.3893695786525,259.07968162810596,261.292724609375,24911300
2020-08-05 00:00:00-04:00,261.77585464764775,262.3943292112802,260.8867624407989,261.94012451171875,21612100
2020-08-06 00:00:00-04:00,261.7468267378474,265.7380235188245,261.1090055811203,265.4094543457031,28048200
2020-08-07 00:00:00-04:00,264.868334760949,265.64146497137733,260.20068092633954,262.3460693359375,44969400
2020-08-10 00:00:00-04:00,262.6359279347779,262.8388911680453,257.70736012153776,261.2250061035156,35088400
2020-08-11 00:00:00-04:00,260.0652409560689,261.35055638014745,255.73583192815087,256.2770080566406,43104300
2020-08-12 00:00:00-04:00,258.43218383312404,263.6700043008446,258.38384660861874,262.7229309082031,38773400
2020-08-13 00:00:00-04:00,263.4960867993288,265.59313806305636,262.38474341380515,263.3221435546875,31895700
2020-08-14 00:00:00-04:00,263.9405745434047,264.2111627097795,261.62124318992045,263.0128479003906,30799500
2020-08-17 00:00:00-04:00,264.72338374822584,266.5691934292546,263.0515467980899,266.0666809082031,24803000
2020-08-18 00:00:00-04:00,267.12970037354484,269.1011159467353,265.67044114245454,268.6275939941406,23529500
2020-08-19 00:00:00-04:00,268.5889777256039,269.64234011841415,266.30830968067283,266.82049560546875,31999400
2020-08-20 00:00:00-04:00,266.02798786526216,271.0048932702151,265.62209086020533,270.5216979980469,27723400
2020-08-21 00:00:00-04:00,270.71497434945246,272.8506890877729,270.06747974073045,272.396484375,34748900
2020-08-24 00:00:00-04:00,275.6628683241252,276.38766114180476,271.8166238212234,274.0973205566406,36418500
2020-08-25 00:00:00-04:00,273.3242182700818,276.44567027218886,272.87968688784093,276.25238037109375,34866600
2020-08-26 00:00:00-04:00,277.4990333194689,282.3986403586406,276.2233907485783,282.1473693847656,42216700
2020-08-27 00:00:00-04:00,283.1233963607817,283.973824630563,279.00656382383795,281.2679138183594,49482700
2020-08-28 00:00:00-04:00,282.50489127652946,283.3263290108986,281.1519506215127,282.69818115234375,28021000
2020-08-31 00:00:00-04:00,283.2200434874042,286.7763531049731,282.78515600775756,284.9692077636719,36321000
2020-09-01 00:00:00-04:00,287.61715824965336,289.95583641788903,285.84867647361267,289.8398742675781,36216200
2020-09-02 00:00:00-04:00,293.0869852287328,293.29959237322646,286.91176367732436,292.58447265625,50836800
2020-09-03 00:00:00-04:00,288.0808956682407,288.5834079048363,274.8510127958089,277.75018310546875,110083300
2020-09-04 00:00:00-04:00,275.9624136196439,279.21914423449357,262.66487356215526,274.0489501953125,123959000
2020-09-08 00:00:00-04:00,263.0708013495206,268.86914387034597,260.5968442333201,260.8771057128906,99568600
2020-09-09 00:00:00-04:00,266.3758528930931,270.63760842633246,263.82456818747903,268.5405578613281,64837900
2020-09-10 00:00:00-04:00,271.4977312190594,272.71539260479386,261.4665937831789,263.186767578125,69667500
2020-09-11 00:00:00-04:00,264.9358863094109,265.9699309751441,257.92955686018064,261.3602600097656,71809000
2020-09-14 00:00:00-04:00,265.1388572857662,267.9027491790809,263.7859166175224,265.9119873046875,38525200
2020-09-15 00:00:00-04:00,269.6519481845029,271.02423571240985,265.88303101898157,269.6809387207031,41849900
2020-09-16 00:00:00-04:00,270.47335910313967,270.93720763616034,265.03257624671886,265.3804626464844,42321000
2020-09-17 00:00:00-04:00,258.557729481427,265.1775093575876,257.71697458543355,261.2346496582031,81570800
2020-09-18 00:00:00-04:00,262.65516480569056,262.94507002929953,253.8030282449221,257.9005126953125,86251100
2020-09-21 00:00:00-04:00,253.64848815537488,258.6543833234212,251.36779148738935,258.51910400390625,57168600
2020-09-22 00:00:00-04:00,260.91581070287015,263.90195437015853,257.5817805462991,263.3221435546875,41128900
2020-09-23 00:00:00-04:00,263.00317383139145,263.1867903893421,254.4023041111969,255.28172302246094,48837300
2020-09-24 00:00:00-04:00,252.60480575598547,259.6691173588937,252.4405064083363,256.4703674316406,70631700
2020-09-25 00:00:00-04:00,256.9729132377426,263.2447784344016,255.41700912524527,262.4330139160156,55242400
2020-09-28 00:00:00-04:00,267.2843273958283,267.8835144042969,262.53937500165097,267.8835144042969,58438300
2020-09-29 00:00:00-04:00,267.3228494328274,268.37621120008805,266.11486169625954,266.6753845214844,27050000
2020-09-30 00:00:00-04:00,266.86865970226773,271.6426298619708,266.59807161390717,268.5018615722656,49380800
2020-10-01 00:00:00-04:00,272.3192015146066,273.3725636757455,270.4347281441541,272.76373291015625,50020200
2020-10-02 00:00:00-04:00,266.7430035486573,272.7539515731661,264.2497298917003,265.0904846191406,75497400
2020-10-05 00:00:00-04:00,267.0523087458991,271.06282284456194,266.9460199623273,270.7439270019531,28184600
2020-10-06 00:00:00-04:00,270.0578103987121,271.73932026553695,265.0325684973553,265.9119873046875,49704200
2020-10-07 00:00:00-04:00,268.5502828158838,271.30447227673994,267.9607692474055,270.5120544433594,27539700
2020-10-08 00:00:00-04:00,272.9086212791073,272.97627567976207,270.88886904334345,271.951904296875,25443300
2020-10-09 00:00:00-04:00,273.5947401934564,276.1846885783184,273.2081899767563,276.10736083984375,30201100
2020-10-12 00:00:00-04:00,280.7846765810854,287.4624367771106,279.7409880829066,284.63092041015625,79370700
2020-10-13 00:00:00-04:00,286.4285130159509,287.06630483441944,283.25872365827956,284.621337890625,64240000
2020-10-14 00:00:00-04:00,285.423420825431,286.389811260261,280.50449705117353,282.2439880371094,36949100
2020-10-15 00:00:00-04:00,277.5472669031893,280.9392763244148,276.9094458559099,280.34979248046875,42514200
2020-10-16 00:00:00-04:00,281.99272738717144,283.4133225579384,278.4654080695763,278.8133239746094,40570700
2020-10-19 00:00:00-04:00,280.7267198834933,281.6834663727205,273.2855319750937,274.2615661621094,36756800
2020-10-20 00:00:00-04:00,274.99605740192214,277.95320974762217,273.4401829713871,274.8511047363281,32195400
2020-10-21 00:00:00-04:00,275.1023973454302,277.6633262788834,274.1553240358202,274.6385192871094,29306100
2020-10-22 00:00:00-04:00,275.4695390091383,276.36830438824296,271.38172697740964,274.6287841796875,32196200
2020-10-23 00:00:00-04:00,275.198942920618,275.33425171273075,272.30944548904887,275.1699523925781,24658500
2020-10-26 00:00:00-04:00,272.8893580043621,275.71120178918295,267.4582480355334,271.0435485839844,38421100
2020-10-27 00:00:00-04:00,272.03886532178143,273.9813192327098,270.78256974760245,273.1598815917969,30559100
2020-10-28 00:00:00-04:00,268.66621736451685,269.27504806427874,262.25904398800714,262.51031494140625,53413500
2020-10-29 00:00:00-04:00,263.82462976777094,270.09649522850515,263.3607516697765,267.1007080078125,43246300
2020-10-30 00:00:00-04:00,265.1195207094076,265.989266111691,258.09387359780874,260.32623291015625,65838300
2020-11-02 00:00:00-05:00,262.713304245053,264.32716011597347,257.9973131517606,260.9061584472656,39987400
2020-11-03 00:00:00-05:00,262.8195357753075,267.5162086489686,261.73718320133173,265.41912841796875,43604100
2020-11-04 00:00:00-05:00,274.05869660957654,279.0645926549374,272.3965036591907,277.2671203613281,75728200
2020-11-05 00:00:00-05:00,283.6645554752687,285.46205684443345,282.1859794339378,284.49566650390625,52054200
2020-11-06 00:00:00-05:00,283.8385673696389,285.4331059191332,280.0889672219941,284.70831298828125,40959800
2020-11-09 00:00:00-05:00,287.64602595986383,289.08596735642266,278.43632889123074,278.8905334472656,86537100
2020-11-10 00:00:00-05:00,275.58556185295663,277.0254741037576,271.18846786161714,273.8943786621094,69024900
2020-11-11 00:00:00-05:00,276.4166844625286,280.49485371342126,273.8557554346704,280.0213317871094,36102900
2020-11-12 00:00:00-05:00,280.9876360025549,282.2536048593282,277.5955968181297,278.7069396972656,34414600
2020-11-13 00:00:00-05:00,280.41757126067967,281.7705121920819,278.1948552023256,281.1520080566406,24806900
2020-11-16 00:00:00-05:00,280.85236889928893,283.6452512673449,280.24353823818916,283.3456726074219,30168400
2020-11-17 00:00:00-05:00,283.538986508823,283.86755576263226,281.80913913585965,282.44696044921875,21843500
2020-11-18 00:00:00-05:00,281.8960837168814,283.5099391249952,280.27252547573397,280.3594970703125,28069600
2020-11-19 00:00:00-05:00,279.80864730820457,282.8624441034292,279.1418356618987,282.5531921386719,22718400
2020-11-20 00:00:00-05:00,282.4759366779504,283.22007625179197,280.5335117908258,280.6204833984375,25907300
2020-11-23 00:00:00-05:00,281.6159264343047,282.91088647469917,278.38818493208476,280.6302185058594,26875600
2020-11-24 00:00:00-05:00,281.69311366936597,285.06583604517687,279.8956417745686,284.5729675292969,24516800
2020-11-25 00:00:00-05:00,285.6360755244479,286.960025922202,284.6890021233279,286.32220458984375,23326800
2020-11-27 00:00:00-05:00,288.28393358751885,290.0814351653389,287.8877099628817,288.9604187011719,17163100
2020-11-30 00:00:00-05:00,289.27930809920895,289.88813878949003,284.87257009285486,289.5498962402344,27836200
2020-12-01 00:00:00-05:00,291.82092142657996,294.88439208815726,290.7192221723429,293.2608337402344,27521300
2020-12-02 00:00:00-05:00,292.09143459430805,293.97590725941365,290.25529913378017,293.6376647949219,23620000
2020-12-03 00:00:00-05:00,293.94696439192273,295.59948362513694,293.3284604146421,294.0532531738281,22828700
2020-12-04 00:00:00-05:00,294.1016407663072,295.3966301339444,293.4251850358244,295.25164794921875,19332100
2020-12-07 00:00:00-05:00,295.4352123826209,297.2906949990062,295.25159584014904,296.9234619140625,20851000
2020-12-08 00:00:00-05:00,296.4499819508995,298.228137068231,294.7008173711153,297.9285583496094,18341500
2020-12-09 00:00:00-05:00,297.7159143781888,297.9961463758119,290.1200700704839,291.18310546875,48839300
2020-12-10 00:00:00-05:00,289.15363690227525,293.47340277519385,288.07128447188796,292.3523864746094,27519500
2020-12-11 00:00:00-05:00,290.6998713412504,291.8305609980783,288.4385215194869,291.7049255371094,26760400
2020-12-14 00:00:00-05:00,292.8935940648919,295.7637747777363,292.8259691496675,293.82135009765625,28804800
2020-12-15 00:00:00-05:00,296.0730659271686,296.962158203125,293.88901386267713,296.962158203125,25709000
2020-12-16 00:00:00-05:00,297.3582975144847,299.378049637304,296.31457950869407,298.59527587890625,25461900
2020-12-17 00:00:00-05:00,300.18986457531184,300.77934858265223,298.9915498771804,300.54742431640625,23730500
2020-12-18 00:00:00-05:00,301.18529946977486,301.49455154140685,297.2713998246905,299.6390686035156,41173400
2020-12-21 00:00:00-05:00,296.6968099330535,299.6109270127023,293.92793779990836,299.0784606933594,37095500
2020-12-22 00:00:00-05:00,299.9789139342805,300.8115021759439,297.07448687578244,299.89178466796875,26176300
2020-12-23 00:00:00-05:00,299.94001126828306,300.29821901010206,298.2264109039014,298.3813171386719,21201300
2020-12-24 00:00:00-05:00,298.6427269429837,300.1433350390343,298.565288592526,299.697998046875,16785000
2020-12-28 00:00:00-05:00,302.30236444379983,303.19306815724786,300.47256173105023,302.7186584472656,22497700
2020-12-29 00:00:00-05:00,304.0450174468872,304.664642578281,302.08938102346127,302.98974609375,25871900
2020-12-30 00:00:00-05:00,304.1514809415962,304.47095478764754,302.3797646138136,302.9993896484375,18138100
2020-12-31 00:00:00-05:00,302.9026855013199,304.2290357637168,301.8280616987738,303.7449645996094,21611400
2021-01-04 00:00:00-05:00,305.0712675012697,305.24555554776396,295.4576227654511,299.4560546875,45305900
2021-01-05 00:00:00-05:00,298.46849923876596,302.1958517702346,298.46849923876596,301.92474365234375,29323400
2021-01-06 00:00:00-05:00,297.21965709452303,301.9441957847156,296.2321626812209,297.7424621582031,52809600
2021-01-07 00:00:00-05:00,300.39515450501295,305.7780226635541,300.36611142141976,304.9454345703125,30394800
2021-01-08 00:00:00-05:00,307.2302314187697,309.21494058631947,305.0422206690552,308.86639404296875,33955800
2021-01-11 00:00:00-05:00,305.91349728743285,307.08494074854116,303.7545301499624,304.4031982421875,32746400
2021-01-12 00:00:00-05:00,304.44190378881314,305.52621802584207,301.2857811800355,303.91912841796875,29266800
2021-01-13 00:00:00-05:00,304.180580307871,306.76550326758513,303.58033691034495,305.9716491699219,22898400
2021-01-14 00:00:00-05:00,306.41701010065316,307.41419539720755,303.8611004791803,304.33551025390625,23500100
2021-01-15 00:00:00-05:00,304.1224448556124,305.08089596114627,300.6855230999575,301.92474365234375,35118700
2021-01-19 00:00:00-05:00,304.2387345086473,306.83334892446953,303.14472892221784,306.3299255371094,24537000
2021-01-20 00:00:00-05:00,309.94096147562493,314.39439057112713,306.4266016578569,313.4552917480469,30728100
2021-01-21 00:00:00-05:00,314.791416370408,316.7083484771748,313.4166710531678,315.9628601074219,25130600
2021-01-22 00:00:00-05:00,314.9269322177987,316.0596418583159,314.36539328964204,315.05279541015625,21609400
2021-01-25 00:00:00-05:00,318.43166652611484,319.79675062490884,311.17059975297013,317.6571350097656,39080600
2021-01-26 00:00:00-05:00,318.37349150244887,319.2545042371562,316.795415370245,318.12176513671875,25498100
2021-01-27 00:00:00-05:00,315.86602767429855,315.8756890037456,307.249539984331,309.25360107421875,55264000
2021-01-28 00:00:00-05:00,310.4542094973697,316.02102781483035,309.8345842333062,311.08349609375,42836300
2021-01-29 00:00:00-05:00,309.39881972207684,310.5025158279426,302.79611347273107,304.53875732421875,55259000
2021-02-01 00:00:00-05:00,307.97562688848154,313.23266022286646,305.9522137232358,312.1483459472656,35646000
2021-02-02 00:00:00-05:00,315.1108585701582,318.3928444800677,314.9462614355462,317.2407531738281,33930800
2021-02-03 00:00:00-05:00,319.31261928071063,319.68051798841714,315.92412209235215,315.9822082519531,24824500
2021-02-04 00:00:00-05:00,317.3763812339645,319.80639805087463,316.0596924861001,319.7192687988281,22350900
2021-02-05 00:00:00-05:00,320.6679423024838,321.81034258592155,319.03178022478727,320.803466796875,22732000
2021-02-08 00:00:00-05:00,322.4881000643742,323.107695569179,320.85193775141437,322.9527893066406,20462800
2021-02-09 00:00:00-05:00,322.0234101778319,324.14364367200585,322.0137193026321,322.88507080078125,17597500
2021-02-10 00:00:00-05:00,324.31789017397597,324.7729181112913,319.00279986741936,322.1492614746094,28068700
2021-02-11 00:00:00-05:00,323.6789239561336,324.32759214036884,321.5393382627716,323.92095947265625,22046100
2021-02-12 00:00:00-05:00,323.07871567261896,325.89601293620257,322.03313512769773,325.7314453125,20346800
2021-02-16 00:00:00-05:00,326.5252390518274,327.41594268454725,323.6885901057488,324.8503723144531,27080800
2021-02-17 00:00:00-05:00,321.8782078068329,324.9665834947725,319.6514927767243,323.29168701171875,31360300
2021-02-18 00:00:00-05:00,319.7095148778247,323.2335360809982,317.89906468065965,321.8781433105469,32236200
2021-02-19 00:00:00-05:00,323.223915842976,323.34977904654954,319.4578583383026,320.4743957519531,39157700
2021-02-22 00:00:00-05:00,316.09850257161986,317.3570759091966,311.9645450426185,312.1678466796875,47256900
2021-02-23 00:00:00-05:00,306.90102481836163,312.90351724809113,301.0921726135977,311.2383117675781,97241900
2021-02-24 00:00:00-05:00,308.5855640910335,314.11367604871,305.89413057856177,313.8038635253906,58206300
2021-02-25 00:00:00-05:00,311.1511841201916,313.70706373976833,301.3245187872966,302.8638610839844,110182600
2021-02-26 00:00:00-05:00,305.78762497172283,308.9437474743472,300.97595854773266,304.1321105957031,104739800
2021-03-01 00:00:00-05:00,309.0986863548367,313.6199225043149,307.8110704920777,313.28106689453125,49164500
2021-03-02 00:00:00-05:00,313.9200764118382,313.9975147800033,308.0047423534335,308.2564392089844,48370000
2021-03-03 00:00:00-05:00,307.16234599468015,308.10144474617294,299.25264383463156,299.31072998046875,86301100
2021-03-04 00:00:00-05:00,298.9428537741916,302.09900581292595,290.5490505272397,294.4119567871094,139131600
2021-03-05 00:00:00-05:00,297.02598795684276,299.7464649262253,287.9738828516121,298.8460998535156,121523700
2021-03-08 00:00:00-05:00,298.3039161618704,300.18211405491843,289.96822750430505,290.384521484375,88409800
2021-03-09 00:00:00-05:00,297.6746172502684,303.73519552966866,297.14215097676424,301.8376159667969,80391100
2021-03-10 00:00:00-05:00,306.0878642326224,306.387985973286,300.2887014783937,300.97607421875,76798100
2021-03-11 00:00:00-05:00,305.7101663433619,309.66986328829904,304.81949231390325,307.9078674316406,53484800
2021-03-12 00:00:00-05:00,303.86106196290876,308.0918677112033,301.46977936589934,305.41009521484375,69315600
2021-03-15 00:00:00-04:00,305.72953835863865,308.83726557970624,304.0933761867674,308.67266845703125,42955700
2021-03-16 00:00:00-04:00,310.8607969227256,313.87173473626626,308.9342032661756,310.3670349121094,54925900
2021-03-17 00:00:00-04:00,307.33677366413497,313.53287824746974,305.62314294705027,311.6449890136719,78258700
2021-03-18 00:00:00-04:00,306.77514227085976,307.7529751181446,301.6440016318715,302.0990295410156,82718100
2021-03-19 00:00:00-04:00,301.9345029977423,304.7034050515938,299.7949170097811,303.1640625,78446200
2021-03-22 00:00:00-04:00,305.5535301852278,310.914117396103,305.5535301852278,308.849365234375,56194800
2021-03-23 00:00:00-04:00,309.93497635860996,311.2532981091528,306.68759879999,307.5018615722656,53455400
2021-03-24 00:00:00-04:00,308.8687426018364,308.9075254809563,302.17042759765224,302.3158264160156,64803700
2021-03-25 00:00:00-04:00,300.4739755782604,303.3045335029563,297.97302768248255,301.79229736328125,78729000
2021-03-26 00:00:00-04:00,301.5790969053566,306.6391828174355,300.183238678992,306.3193054199219,63519600
2021-03-29 00:00:00-04:00,305.78615611278667,307.2789566937248,302.8974381878525,306.2320556640625,54608000
2021-03-30 00:00:00-04:00,304.2739151212453,305.26265651500455,301.9959020456259,304.69073486328125,44635700
2021-03-31 00:00:00-04:00,306.4743486799786,310.9140260124671,306.135065116699,309.3533630371094,55032500
2021-04-01 00:00:00-04:00,313.17275305842713,314.76249625213046,312.92070869566726,314.6268005371094,55685600
2021-04-05 00:00:00-04:00,317.10837001238053,321.67407077598705,316.86602876786066,320.90826416015625,42172500
2021-04-06 00:00:00-04:00,320.5980329341779,322.6336753606198,319.90976262240673,320.6852722167969,33537200
2021-04-07 00:00:00-04:00,320.2102655032343,322.29442351628467,319.2796835663621,321.46075439453125,32046400
2021-04-08 00:00:00-04:00,324.3106687623888,324.9989094525258,323.51578256664493,324.8147277832031,29940800
2021-04-09 00:00:00-04:00,323.4576177958282,326.98611963222544,322.72092071316445,326.78253173828125,36664900
2021-04-12 00:00:00-04:00,325.7454658904397,326.7729905594872,324.47559993939643,326.3561706542969,25833000
2021-04-13 00:00:00-04:00,327.8779634603512,330.6309561353368,327.6647020061011,330.1656799316406,30374000
2021-04-14 00:00:00-04:00,330.40802884439285,330.53405101338524,325.3867258114292,326.20098876953125,42564300
2021-04-15 00:00:00-04:00,329.07028894600836,331.5324839641165,325.91985316308563,331.14471435546875,36342800
2021-04-16 00:00:00-04:00,331.6682274547277,331.7457932207016,329.66163481322775,331.53253173828125,40860100
2021-04-19 00:00:00-04:00,329.9621943432663,331.11571157437174,326.57909009208146,328.4984436035156,34533100
2021-04-20 00:00:00-04:00,327.8392364774025,329.1187757229305,324.1362552848905,326.10406494140625,38081800
2021-04-21 00:00:00-04:00,324.82446872643175,329.0799946790539,323.7387848119833,328.89581298828125,36598100
2021-04-22 00:00:00-04:00,328.5080497708654,329.4870880981797,323.7775448352505,324.93109130859375,45936100
2021-04-23 00:00:00-04:00,325.56127115250854,330.3305308254871,325.56127115250854,329.02191162109375,36381900
2021-04-26 00:00:00-04:00,329.2642070255575,331.4452781726139,328.5177770778778,331.1641540527344,30812000
2021-04-27 00:00:00-04:00,331.4549606694149,331.66822214842335,328.7795334395574,329.7294921875,33187200
2021-04-28 00:00:00-04:00,329.3997764511633,330.40792390022557,327.9651062191384,328.6145935058594,33615700
2021-04-29 00:00:00-04:00,331.88146141564596,332.29828122950687,326.5790341440886,329.7973327636719,37708900
2021-04-30 00:00:00-04:00,327.35452560683456,329.8360972860039,326.7244147806382,327.6356201171875,38263400
2021-05-03 00:00:00-04:00,328.83774745260627,329.5841479614614,325.44496945888534,325.890869140625,29729700
2021-05-04 00:00:00-04:00,323.3413342392819,323.6612412033449,316.21649673606737,320.026123046875,65147000
2021-05-05 00:00:00-04:00,322.0714596460376,322.93420853069864,318.17462374116377,318.9501037597656,46219300
2021-05-06 00:00:00-04:00,318.6883728457284,321.50922789045813,316.449142582441,321.3541259765625,46814300
2021-05-07 00:00:00-04:00,324.12650640824586,326.33665698916013,321.52861582031727,323.96173095703125,53324500
2021-05-10 00:00:00-04:00,322.5852033976276,322.7596819544518,315.5766855385403,315.7802734375,60700500
2021-05-11 00:00:00-04:00,309.90593294309514,316.1389413976423,309.2467424078614,315.34405517578125,71963600
2021-05-12 00:00:00-04:00,310.4196815194903,312.73644786644485,306.3192580171597,307.1820068359375,91164900
2021-05-13 00:00:00-04:00,310.1192550864064,312.52326128582257,307.19175393590643,309.5570068359375,69877800
2021-05-14 00:00:00-04:00,312.7170903364963,317.30216690670983,312.2130017076869,316.3909912109375,44370000
2021-05-17 00:00:00-04:00,314.6849106165879,316.3715959603401,311.60233754605224,314.4716491699219,39395000
2021-05-18 00:00:00-04:00,315.4216237712998,316.64300329263045,312.0773034068647,312.3487243652344,36528500
2021-05-19 00:00:00-04:00,306.9591909360268,313.00802037972346,306.6102040774482,312.70751953125,66319100
2021-05-20 00:00:00-04:00,314.1904352561538,319.6091795759763,313.96750034110534,318.7561340332031,46466100
2021-05-21 00:00:00-04:00,320.30721556639253,320.7240353459111,316.6333441385424,316.99200439453125,50330400
2021-05-24 00:00:00-04:00,319.2796667771913,323.4479530014382,316.88533463286603,322.323486328125,32475800
2021-05-25 00:00:00-04:00,323.83568579264556,324.55300623379526,321.5964556098517,322.7693786621094,31280300
2021-05-26 00:00:00-04:00,323.43828770635344,324.3591665878998,322.7500469283273,323.8938903808594,25444900
2021-05-27 00:00:00-04:00,323.4480270791408,324.2913698816061,322.4786620955859,322.6822204589844,27931700
2021-05-28 00:00:00-04:00,323.88425497353353,325.28984616903244,323.38019578297695,323.7000732421875,29927400
2021-06-01 00:00:00-04:00,325.02799863948223,325.5030074975126,321.2765616771264,322.6239929199219,31145400
2021-06-02 00:00:00-04:00,323.04082791067566,324.09743201993837,321.5383242650881,323.25408935546875,22047900
2021-06-03 00:00:00-04:00,320.42351966107435,321.69338516999375,318.2230722364377,319.890380859375,37057800
2021-06-04 00:00:00-04:00,321.68378984335567,325.76480832028534,321.6159271916839,325.31890869140625,38736500
2021-06-07 00:00:00-04:00,324.78558363912896,326.3462759620017,324.0973430854274,326.2881164550781,32611900
2021-06-08 00:00:00-04:00,328.0330718893326,328.8958208385621,324.76631695292076,326.4433288574219,27282800
2021-06-09 00:00:00-04:00,327.8101459251218,328.5856260231153,326.33669232319687,326.5208740234375,21485300
2021-06-10 00:00:00-04:00,326.8601433007051,330.0299557799059,326.4142437430809,329.92333984375,33702100
2021-06-11 00:00:00-04:00,329.933056363857,330.7958054113523,329.28359838179995,330.7861022949219,21222800
2021-06-14 00:00:00-04:00,331.2125829407871,333.9655756321318,330.0299566115849,333.9559020996094,27827700
2021-06-15 00:00:00-04:00,333.60680284866294,333.917006603462,331.0573693574761,331.77471923828125,35963800
2021-06-16 00:00:00-04:00,332.2401845927961,333.30649211832093,327.11226451818015,330.5632019042969,55399500
2021-06-17 00:00:00-04:00,329.554982803743,335.7686152979436,329.5065263923153,334.7604675292969,59722700
2021-06-18 00:00:00-04:00,333.1028181318173,334.24666145193623,331.38702356897403,332.1334533691406,55414900
2021-06-21 00:00:00-04:00,332.3246859109161,334.5180014836792,330.1119712118141,334.1977233886719,32992600
2021-06-22 00:00:00-04:00,333.99381104261124,337.75931341267454,333.6929617970937,337.3128967285156,28941600
2021-06-23 00:00:00-04:00,337.254742209473,338.62313566064245,336.64332921884596,337.4779357910156,27188500
2021-06-24 00:00:00-04:00,339.4092018150596,341.08812919220435,338.8657302272349,339.5644836425781,32581600
2021-06-25 00:00:00-04:00,340.1274205664771,340.3700429160233,338.5455181087182,339.147216796875,28682800
2021-06-28 00:00:00-04:00,340.428202252157,343.40761122051816,340.36997526919714,343.271728515625,39130300
2021-06-29 00:00:00-04:00,343.0971013990546,344.5431210644073,342.2624947676922,344.5140075683594,29426000
2021-06-30 00:00:00-04:00,344.35870982124544,344.74692923994303,343.3882205084683,343.97052001953125,32724000
2021-07-01 00:00:00-04:00,343.62120059607673,344.6110891554649,342.27220606826614,344.1064453125,29290000
2021-07-02 00:00:00-04:00,345.9988123519383,348.3765228310219,345.7659044123315,348.0562744140625,32727200
2021-07-06 00:00:00-04:00,348.65802936372256,349.84202760975387,345.9697547859461,349.5605773925781,38842400
2021-07-07 00:00:00-04:00,351.7538908214984,352.05474016267107,348.34746358933484,350.29815673828125,35265200
2021-07-08 00:00:00-04:00,345.2418224398353,349.0364388088404,343.9607991902347,348.1824035644531,50890000
2021-07-09 00:00:00-04:00,347.600137407865,350.83185348316795,347.01783795171673,350.3563232421875,35184500
2021-07-12 00:00:00-04:00,351.7538144183957,352.1808320260807,350.18159707174846,351.7247009277344,25717700
2021-07-13 00:00:00-04:00,351.3461959321584,354.684681073889,350.8706657123643,351.7247009277344,39723000
2021-07-14 00:00:00-04:00,354.0636320114519,354.70415856449887,351.53066891334356,352.3555908203125,35336400
2021-07-15 00:00:00-04:00,352.2682233868746,352.4720178509438,347.88159271368477,349.88079833984375,53391600
2021-07-16 00:00:00-04:00,350.7348139072601,351.7150175408342,346.697575017042,347.0469665527344,47262000
2021-07-19 00:00:00-04:00,343.6017324357535,344.6983901077833,341.6510690390563,344.2034606933594,64404600
2021-07-20 00:00:00-04:00,345.1350937044425,349.64786275416617,343.359081806931,348.20184326171875,42183700
2021-07-21 00:00:00-04:00,347.77478337195515,350.8900451660156,347.551560211411,350.8900451660156,30259900
2021-07-22 00:00:00-04:00,351.0938448612465,353.21921844324305,351.0938448612465,353.20953369140625,30252200
2021-07-23 00:00:00-04:00,354.5294392236291,357.6155880495975,353.180474514925,357.33416748046875,31960800
2021-07-26 00:00:00-04:00,356.64514169924155,358.00385055881424,355.78142153027045,357.6156311035156,28438100
2021-07-27 00:00:00-04:00,357.3535470119616,357.3535470119616,349.53140615344574,353.6753845214844,57933100
2021-07-28 00:00:00-04:00,354.81089455029075,356.6063056814547,352.52052439792925,355.0340881347656,42066200
2021-07-29 00:00:00-04:00,354.47117411731733,356.829455724109,354.47117411731733,355.6648864746094,25672500
2021-07-30 00:00:00-04:00,351.7441324187549,354.3935787806666,351.7150189254144,353.811279296875,36484600
2021-08-02 00:00:00-04:00,355.4709305614941,356.0532302466259,353.13204706449255,353.84051513671875,27334100
2021-08-03 00:00:00-04:00,354.50032105152934,356.1016224312695,351.31711741542796,355.98516845703125,35558500
2021-08-04 00:00:00-04:00,355.94632574720885,357.45060183033047,354.8399834211076,356.49951171875,29602200
2021-08-05 00:00:00-04:00,357.31475398314,358.9937111841423,356.6063157279587,358.76080322265625,21443900
2021-08-06 00:00:00-04:00,357.4991317933084,358.46962107455283,356.0822257354465,357.1885681152344,33332100
2021-08-09 00:00:00-04:00,357.64471717626753,358.3725841736592,356.5480891117972,357.8485412597656,25960200
2021-08-10 00:00:00-04:00,358.3629100233557,358.6540449841331,354.83031454200466,356.0143127441406,35130800
2021-08-11 00:00:00-04:00,357.27592932393196,357.77085870550394,354.073297005322,355.4028625488281,34249800
2021-08-12 00:00:00-04:00,354.89826305920906,357.04303629212944,353.5492686074497,356.6839599609375,25969200
2021-08-13 00:00:00-04:00,357.03330415696774,358.26581484152007,356.5383451623687,357.93585205078125,19336200
2021-08-16 00:00:00-04:00,356.8197869708104,358.1299237331186,352.96694355657974,358.09112548828125,34856900
2021-08-17 00:00:00-04:00,355.34460058109624,356.3150897426544,352.5107888148548,354.93701171875,44793900
2021-08-18 00:00:00-04:00,354.4032895790549,355.80079659606537,351.19097223749185,351.52093505859375,38541900
2021-08-19 00:00:00-04:00,349.58967858596617,354.8885422009641,349.33734187482844,353.21929931640625,48499400
2021-08-20 00:00:00-04:00,354.2868322168747,357.2759559368995,353.97626852339454,356.8780517578125,39486000
2021-08-23 00:00:00-04:00,357.9164688468706,362.90479843928557,357.9067840926924,362.21575927734375,34034700
2021-08-24 00:00:00-04:00,362.8077243638605,363.9237811600913,362.341878827467,363.32208251953125,21732900
2021-08-25 00:00:00-04:00,363.5744132863753,364.31199463604713,362.82711756621313,363.7393798828125,20441900
2021-08-26 00:00:00-04:00,362.8853603678298,363.56468508570066,360.9928944471551,361.42962646484375,29133300
2021-08-27 00:00:00-04:00,362.0603950572188,365.44739272038265,361.57515048120206,364.9427490234375,27104700
2021-08-30 00:00:00-04:00,365.7288969907494,369.52351369079594,365.7094682499672,369.03826904296875,27295700
2021-08-31 00:00:00-04:00,369.28092896693454,369.34884071563806,367.1943530752369,368.7374572753906,29628200
2021-09-01 00:00:00-04:00,369.79526233368057,371.4159629281201,369.1450214515688,369.34881591796875,28138300
2021-09-02 00:00:00-04:00,370.6977780055514,371.0277407947319,367.96099122725343,369.1741027832031,25453400
2021-09-03 00:00:00-04:00,368.02894510390183,370.70750498800527,368.0095459804599,370.3096008300781,24605400
2021-09-07 00:00:00-04:00,370.41631491144716,371.4838589668425,369.26143038110774,370.8336181640625,23970200
2021-09-08 00:00:00-04:00,370.65899507579223,370.65899507579223,367.28171104948837,369.5429382324219,32949200
2021-09-09 00:00:00-04:00,369.76613774278206,370.87248014416735,368.0289536026869,368.2715759277344,29399000
2021-09-10 00:00:00-04:00,369.9796161815492,370.69776872726254,365.14656920150003,365.4765319824219,40249400
2021-09-13 00:00:00-04:00,367.8058098493796,368.2328276030597,363.1765855496527,365.22430419921875,48741800
2021-09-14 00:00:00-04:00,366.70907000117154,367.43693697085075,363.2347313640418,364.1858215332031,41826600
2021-09-15 00:00:00-04:00,364.64198082794206,367.24288522558624,362.3516105190871,366.89349365234375,34097900
2021-09-16 00:00:00-04:00,365.563941041,367.7184286993201,363.64239097884035,367.1458435058594,35193100
2021-09-17 00:00:00-04:00,366.67024577672095,366.71875839113625,361.7595726718765,362.7979736328125,60912300
2021-09-20 00:00:00-04:00,357.0113261247993,358.7504360667191,350.66700680296344,355.3013916015625,76203200
2021-09-21 00:00:00-04:00,357.1280094341518,358.3230455927462,354.61165851630665,355.7386779785156,41927500
2021-09-22 00:00:00-04:00,356.65187839398413,360.51871870143844,355.55400493496865,359.0613708496094,46972900
2021-09-23 00:00:00-04:00,360.2176654536046,363.4043993835014,359.5764286101107,362.3745422363281,44652000
2021-09-24 00:00:00-04:00,360.1106895280067,363.1322731716639,359.7414899525931,362.7144775390625,36056800
2021-09-27 00:00:00-04:00,359.6735155077415,360.69364729673265,357.2737478333367,359.8192443847656,43338100
2021-09-28 00:00:00-04:00,355.2722726687899,359.77059480277074,349.1319732652067,349.6371765136719,97701600
2021-09-29 00:00:00-04:00,350.900329448349,353.037755787493,348.4422698859462,349.0640563964844,58076600
2021-09-30 00:00:00-04:00,350.7059766261453,352.3673452197888,346.9460231327196,347.78155517578125,61384600
2021-10-01 00:00:00-04:00,348.4032033364507,350.97784457081445,344.3031979868906,349.9382629394531,56375500
2021-10-04 00:00:00-04:00,348.32561367199827,348.6559423473053,340.35879524735253,342.5933837890625,76766000
2021-10-05 00:00:00-04:00,343.6523598204089,349.4623310874055,343.42891877348393,347.218017578125,47232900
2021-10-06 00:00:00-04:00,344.01182553733474,349.71493870708895,343.10827693175275,349.4429016113281,56806500
2021-10-07 00:00:00-04:00,352.48386870945467,355.29170657655396,351.94951966995245,352.6490478515625,39411200
2021-10-08 00:00:00-04:00,353.7273952760795,353.9605910531941,350.3560633197142,350.89044189453125,41822300
2021-10-11 00:00:00-04:00,349.35541514023294,352.8725062066949,348.11181282191984,348.19927978515625,34847200
2021-10-12 00:00:00-04:00,349.64685059679607,350.08403709898795,346.3435352088206,346.9847717285156,43905100
2021-10-13 00:00:00-04:00,349.28740081060675,350.4338405855879,347.2665286701431,349.7634582519531,40120800
2021-10-14 00:00:00-04:00,353.3485822512437,356.4187321217917,352.68792497082467,356.2049865722656,43433900
2021-10-15 00:00:00-04:00,357.4194230091557,358.56586286925926,356.3895662331551,358.44927978515625,40419900
2021-10-18 00:00:00-04:00,357.1570749799005,362.2675175062636,356.5547092896847,362.05377197265625,34513500
2021-10-19 00:00:00-04:00,363.1224858069732,364.8421455006068,362.10235422851224,364.7935791015625,29091000
2021-10-20 00:00:00-04:00,365.2502908972937,365.8623818299415,362.84079808380676,364.3175964355469,31390300
2021-10-21 00:00:00-04:00,363.5208959360905,366.73677488164685,363.2197130487294,366.5424499511719,25469300
2021-10-22 00:00:00-04:00,365.28916363209765,366.25100387400335,361.8012474626446,363.4626159667969,36275800
2021-10-25 00:00:00-04:00,364.8810498429271,368.0969285094743,362.9379193060493,367.18365478515625,32597800
2021-10-26 00:00:00-04:00,369.41832729284755,371.8277905388129,367.1642884209636,368.3398742675781,47191300
2021-10-27 00:00:00-04:00,368.78678421938156,372.2552798390462,368.5244722333737,369.1948547363281,45760500
2021-10-28 00:00:00-04:00,371.0893877086592,373.54744679468445,370.32184280003185,373.2948303222656,38007000
2021-10-29 00:00:00-04:00,370.2246498535982,375.29622161802354,369.8749005973432,375.13104248046875,37310100
2021-11-01 00:00:00-04:00,375.5682561701875,376.53982140855203,373.48912197799297,376.41351318359375,30765300
2021-11-02 00:00:00-04:00,375.80149609519265,378.4636055326598,375.75292968366983,377.9875183105469,25135300
2021-11-03 00:00:00-04:00,378.47315309194227,382.4177048200845,377.43360102305667,381.99993896484375,33748900
2021-11-04 00:00:00-04:00,383.2630838420163,387.8488731677204,382.719009655053,386.896728515625,40265300
2021-11-05 00:00:00-04:00,388.6650478197639,389.58801720000713,385.86693460211114,387.2659912109375,43383800
2021-11-08 00:00:00-05:00,387.23677975210165,388.25691143350406,386.10003533155617,386.74127197265625,29256300
2021-11-09 00:00:00-05:00,387.81006185572306,388.20840724129505,382.71906847393984,384.0792541503906,50490700
2021-11-10 00:00:00-05:00,381.3102427732296,384.1180511334133,376.51070771481966,378.4344177246094,54937400
2021-11-11 00:00:00-05:00,381.4073523210302,381.58222693861705,379.1435888329395,379.483642578125,32243000
2021-11-12 00:00:00-05:00,380.63009799400083,384.0111556551073,379.03674644093985,383.476806640625,34730600
2021-11-15 00:00:00-05:00,384.65242647558927,384.9730299828314,380.95076500650976,383.3893737792969,33716900
2021-11-16 00:00:00-05:00,382.66061624762506,386.6148933225803,382.4663210174151,386.1194152832031,27872900
2021-11-17 00:00:00-05:00,386.4401304650816,388.3541154524981,385.36170712360547,386.32354736328125,28703300
2021-11-18 00:00:00-05:00,388.36383413413324,390.83158881405245,386.14866628730584,390.3263854980469,45721500
2021-11-19 00:00:00-05:00,391.9585198841586,393.77534196390036,391.13268357978086,392.5025939941406,45191700
2021-11-22 00:00:00-05:00,394.03771684540067,397.0884162450373,387.8391259434944,387.94598388671875,61715400
2021-11-23 00:00:00-05:00,386.78982609208884,388.8495693207287,381.74742974006676,386.1777648925781,70098700
2021-11-24 00:00:00-05:00,383.70024480865015,387.70308876680224,381.37821935323643,387.4213562011719,46954400
2021-11-26 00:00:00-05:00,384.84674538412554,386.2361064003588,378.68702448181364,380.0763854980469,51533300
2021-11-29 00:00:00-05:00,384.63295430341805,389.33532622839266,383.9042804165969,388.32489013671875,54447100
2021-11-30 00:00:00-05:00,387.440812314893,389.78228826501027,380.6107093860575,382.6218566894531,81332700
2021-12-01 00:00:00-05:00,386.9550697583902,389.09252551727917,375.6460638199846,376.1123962402344,77766500
2021-12-02 00:00:00-05:00,374.82978918763297,380.6008880298681,373.4113124985763,378.82293701171875,84416600
2021-12-03 00:00:00-05:00,380.18323734532777,381.1839484767018,368.1261077111133,372.23583984375,105349100
2021-12-06 00:00:00-05:00,372.7215760878553,376.5786912592903,368.51468201368897,375.218505859375,67588800
2021-12-07 00:00:00-05:00,381.8543205406165,387.1299131676193,381.8154496254589,386.517822265625,56005300
2021-12-08 00:00:00-05:00,386.8481048239432,388.45118137491477,384.9535409410944,388.24713134765625,39204000
2021-12-09 00:00:00-05:00,387.02301998348895,388.8204216107013,382.3400684022684,382.5343933105469,49973700
2021-12-10 00:00:00-05:00,385.3421676711023,386.9549693890545,382.1748557726093,386.6926574707031,52545800
2021-12-13 00:00:00-05:00,386.6830072813978,387.0036107993027,380.73703211440903,381.1062316894531,50166400
2021-12-14 00:00:00-05:00,376.28721914398113,378.99789456315466,372.7215911886639,377.1616516113281,75199200
2021-12-15 00:00:00-05:00,376.90903385524365,386.1194833044048,372.9644812243369,385.7599792480469,73858000
2021-12-16 00:00:00-05:00,386.7217814802278,387.1492724970688,374.2565846183747,375.8402404785156,82591400
2021-12-17 00:00:00-05:00,372.4301201552073,378.1235083343343,370.91448063171447,373.9652099609375,80492500
2021-12-20 00:00:00-05:00,369.2481081379167,371.1256172416419,367.2052088944607,370.337646484375,65336800
2021-12-21 00:00:00-05:00,373.6061413324086,378.9371290270754,369.8608618932605,378.6258239746094,48899500
2021-12-22 00:00:00-05:00,378.33401801404176,383.4412499594031,377.67251700140145,383.2369689941406,37042200
2021-12-23 00:00:00-05:00,383.58721159285807,387.5951683998454,383.42185116342694,386.1262512207031,29595500
2021-12-27 00:00:00-05:00,387.4200560757079,392.5078430175781,387.39087307820034,392.5078430175781,32820700
2021-12-28 00:00:00-05:00,393.40276638176255,393.57786434825493,389.81310963024373,390.6886291503906,33113700
2021-12-29 00:00:00-05:00,390.82482210428793,392.089458066764,388.25659993794494,390.6302490234375,32248500
2021-12-30 00:00:00-05:00,390.4163132880544,392.59541944240806,388.8792924991095,389.4629821777344,23850100
2021-12-31 00:00:00-05:00,388.7916603229614,390.15358282325826,386.5347432152214,387.0308837890625,34752900
2022-01-03 00:00:00-05:00,388.19832024519195,391.00974454371743,386.0873473183604,390.7568054199219,40575900
2022-01-04 00:00:00-05:00,391.30155766728365,391.34047822796384,382.5949599614313,385.6884765625,58027200
2022-01-05 00:00:00-05:00,384.00549782002093,385.12424866501397,373.5867520579978,373.8396911621094,75739800
2022-01-06 00:00:00-05:00,372.02056019679407,376.8164876394273,369.79282568546137,373.5770263671875,70814300
2022-01-07 00:00:00-05:00,373.58667375327485,375.2696387611996,367.759575519835,369.5300598144531,72652300
2022-01-10 00:00:00-05:00,364.6272526796805,370.288992287326,359.267080640251,369.77337646484375,91770500
2022-01-11 00:00:00-05:00,369.0437150608484,375.49342437997234,366.9619254037455,375.32806396484375,68295700
2022-01-12 00:00:00-05:00,377.89632906917427,379.5890322281386,374.54016512828366,376.8165283203125,54576400
2022-01-13 00:00:00-05:00,378.19784650025264,378.8788226987878,366.4560985140958,367.3899841308594,77994000
2022-01-14 00:00:00-05:00,364.8704215155353,370.0068369648737,364.66611084234313,369.67608642578125,80121200
2022-01-18 00:00:00-05:00,363.86841067713556,365.9891209009165,359.71450953046275,360.4732971191406,75450900
2022-01-19 00:00:00-05:00,362.0298017987283,364.5007377255495,356.25133090845486,356.5140075683594,81791500
2022-01-20 00:00:00-05:00,359.73406878042016,363.70310562915995,351.34848278642613,351.8835144042969,88610700
2022-01-21 00:00:00-05:00,349.6946830737125,352.3309798433953,341.8441290801608,342.1262512207031,143388900
2022-01-24 00:00:00-05:00,336.5034209388335,344.35397467492515,325.0632096858729,343.69244384765625,198685800
2022-01-25 00:00:00-05:00,337.2427024792045,341.48412280913794,332.38837987086396,335.72509765625,124398400
2022-01-26 00:00:00-05:00,343.31309150880196,347.1751338941979,331.51294576874983,335.19989013671875,146559500
2022-01-27 00:00:00-05:00,339.8984675125725,341.7176102878764,330.80272394836476,331.8241882324219,95255700
2022-01-28 00:00:00-05:00,333.70165598123504,342.4471728139953,328.7598143418449,342.233154296875,108167900
2022-01-31 00:00:00-05:00,343.5950999780343,353.76090512883263,341.9607632930475,353.1772155761719,94326400
2022-02-01 00:00:00-05:00,354.51978388230384,356.23193242737494,349.37366005965646,355.58013916015625,74433000
2022-02-02 00:00:00-05:00,359.7048738939835,360.0356244798105,354.3836221433139,358.4693908691406,78777100
2022-02-03 00:00:00-05:00,348.78019330152955,352.08772832642944,342.875252752368,343.93560791015625,95384800
2022-02-04 00:00:00-05:00,344.45123232666253,351.5721813751419,342.3986253392621,348.2743835449219,86318300
2022-02-07 00:00:00-05:00,348.8678018823196,351.2317141430203,344.2177888048599,345.47271728515625,58198100
2022-02-08 00:00:00-05:00,344.3345030373818,350.4437252968105,343.206044188482,349.35418701171875,64720900
2022-02-09 00:00:00-05:00,353.86793648921247,356.83498305189136,352.2725203250536,356.7571716308594,55766400
2022-02-10 00:00:00-05:00,349.7432469581747,356.52370682890097,346.84430370922803,348.6828918457031,112468500
2022-02-11 00:00:00-05:00,348.6829020313012,350.2783183711059,336.3963555781641,337.6221008300781,101569100
2022-02-14 00:00:00-05:00,337.06753824749495,341.43545733374987,334.53826642159675,338.04034423828125,80254400
2022-02-15 00:00:00-05:00,343.31299780023323,346.6788985298237,342.2526427338725,346.4454345703125,55128800
2022-02-16 00:00:00-05:00,344.19830964180295,347.37937534683465,341.17286680940686,346.3579406738281,58947100
2022-02-17 00:00:00-05:00,343.14764391072606,343.84806555084964,335.63757898128034,336.055908203125,61801400
2022-02-18 00:00:00-05:00,336.9898283493977,337.37894492539755,329.9175373534109,332.22308349609375,80001500
2022-02-22 00:00:00-05:00,329.2851761441837,334.6842686128457,325.2577737302446,328.8863220214844,85967100
2022-02-23 00:00:00-05:00,332.0382416486685,332.8748407868643,320.15054789735365,320.46185302734375,86215400
2022-02-24 00:00:00-05:00,310.1694970315348,331.7658045821459,309.60528254944063,331.2307434082031,130614100
2022-02-25 00:00:00-05:00,332.02848018101594,336.5714981761726,328.21509652010724,336.3671875,78842100
2022-02-28 00:00:00-05:00,333.1958841481367,339.0619047530669,332.0382423149123,337.36920166015625,77515500
2022-03-01 00:00:00-05:00,336.3477776117557,338.6144032240385,329.68404853136684,332.20361328125,67407000
2022-03-02 00:00:00-05:00,333.75027875813333,339.1104494682078,330.98751320333344,337.7777099609375,70609000
2022-03-03 00:00:00-05:00,340.41404313685024,340.5210672491219,331.0945734414268,332.95263671875,71089400
2022-03-04 00:00:00-05:00,330.59846912175567,332.0284954824209,325.8122790448653,328.1275329589844,76936300
2022-03-07 00:00:00-05:00,328.11775851142414,329.27540007745154,315.8214758794869,316.0257568359375,89933800
2022-03-08 00:00:00-05:00,315.2378618637905,324.14877091450364,311.2396423195089,314.5569152832031,116153900
2022-03-09 00:00:00-05:00,322.72839753239333,327.2324941605689,320.14072995348494,325.8802795410156,64723400
2022-03-10 00:00:00-05:00,321.82372966537287,323.46777439300604,317.8254810506982,322.261474609375,69362700
2022-03-11 00:00:00-05:00,325.2286210465374,325.5399261987879,315.0919659731186,315.578369140625,66228400
2022-03-14 00:00:00-04:00,314.3429336489785,317.7088354468759,308.8174004770983,309.517822265625,79802600
2022-03-15 00:00:00-04:00,312.15405848421847,320.00461165026024,310.54893419032584,319.2263488769531,76471000
2022-03-16 00:00:00-04:00,323.13700512453204,331.1821006306383,319.4695072428963,331.06536865234375,105243000
2022-03-17 00:00:00-04:00,329.16842359825154,335.13173025381406,327.8746044366326,335.0733642578125,67810000
2022-03-18 00:00:00-04:00,333.41958640270553,342.2235002966636,332.2619446534584,341.931640625,85446300
2022-03-21 00:00:00-04:00,341.0978630452481,343.31860172102,336.5979178245118,340.98095703125,73799100
2022-03-22 00:00:00-04:00,341.4777583376518,348.5490720835401,341.0979103437439,347.68218994140625,63345900
2022-03-23 00:00:00-04:00,344.8088475078949,348.36397350473,342.62704769272557,342.68548583984375,70615500
2022-03-24 00:00:00-04:00,344.604348920767,350.351025410237,342.4517974996988,350.30230712890625,53555300
2022-03-25 00:00:00-04:00,350.2438234026969,351.29576956009686,345.71468839424256,350.01007080078125,57584200
2022-03-28 00:00:00-04:00,350.00033128092554,355.5229744553533,348.7633507609772,355.4255676269531,56833900
2022-03-29 00:00:00-04:00,359.31183941200896,362.1656780545059,356.54565799435034,361.5423278808594,68073000
2022-03-30 00:00:00-04:00,359.68197082403816,361.3377976846079,356.06840647526775,357.54888916015625,68757700
2022-03-31 00:00:00-04:00,357.6949804858477,358.0456391088496,352.279493961754,353.1171569824219,67011400
2022-04-01 00:00:00-04:00,353.38013902507805,354.1593341944505,349.2698205991994,352.4450988769531,54527800
2022-04-04 00:00:00-04:00,353.2827919009814,359.71125717005106,353.019820174865,359.7015075683594,45950200
2022-04-05 00:00:00-04:00,358.25019063157123,358.96122778866624,350.57499618285163,351.714599609375,62738700
2022-04-06 00:00:00-04:00,346.4062655140077,347.5069003465268,341.4485636915753,344.0783996582031,90077100
2022-04-07 00:00:00-04:00,343.08487346263547,347.08806535874953,339.627153877945,344.89654541015625,63777400
2022-04-08 00:00:00-04:00,343.1627857534905,343.9127618247843,339.4420650231139,340.0751647949219,61956100
2022-04-11 00:00:00-04:00,335.8480054578386,336.76357619913693,331.68899816767185,332.0299072265625,66107400
2022-04-12 00:00:00-04:00,336.77331286308385,338.65314282857037,329.2539632767462,330.6273193359375,72790200
2022-04-13 00:00:00-04:00,330.96827562873204,338.3999697129645,330.24751841669115,337.3480529785156,61367800
2022-04-14 00:00:00-04:00,337.43560901526075,337.95183248717245,329.4195059388165,329.6337890625,73519400
2022-04-18 00:00:00-04:00,328.58197736293215,332.17607333665285,327.0625255377948,329.88714599609375,58560600
2022-04-19 00:00:00-04:00,329.2442411729046,337.8350071673093,328.2215436745014,337.2603454589844,56515700
2022-04-20 00:00:00-04:00,338.06876059500115,338.52654598737115,331.12407207271315,332.3415832519531,65500000
2022-04-21 00:00:00-04:00,336.2180920752476,338.82842846347995,324.5397363520494,325.46502685546875,75801000
2022-04-22 00:00:00-04:00,325.62092815310405,326.838439334833,316.51393856889234,316.9425048828125,82562100
2022-04-25 00:00:00-04:00,315.31583650464313,321.3254533350625,314.04960740276744,321.0137634277344,101755900
2022-04-26 00:00:00-04:00,318.95862177122086,319.14368579729404,308.62437427991836,308.8971252441406,105819600
2022-04-27 00:00:00-04:00,308.9945743408159,314.4879988119312,306.81280391367983,308.5270690917969,111204200
2022-04-28 00:00:00-04:00,313.4848115156932,321.31585242137135,309.2673357800152,319.4847106933594,99450000
2022-04-29 00:00:00-04:00,315.2866493407325,318.72489909461126,304.47514609679433,305.1082458496094,91977900
2022-05-02 00:00:00-04:00,304.69921802742374,310.4361452229706,301.60187658563825,310.202392578125,115511800
2022-05-03 00:00:00-04:00,310.2218793092127,312.82249652532755,307.767387228648,310.5335693359375,78185500
2022-05-04 00:00:00-04:00,311.01076573447637,321.7053936845587,305.73165437547124,321.0333251953125,116083400
2022-05-05 00:00:00-04:00,316.71847764967674,316.79638528062134,301.57262187157147,304.8647766113281,154607400
2022-05-06 00:00:00-04:00,302.868107446833,306.90048921029944,297.1798687855756,301.2122802734375,139572800
2022-05-09 00:00:00-04:00,295.5921888671596,301.3096155262985,288.0338713858974,289.42669677734375,113387300
2022-05-10 00:00:00-04:00,296.59540378071733,297.8129146763731,288.86177219356085,292.94287109375,124124600
2022-05-11 00:00:00-04:00,290.68319437612166,296.18633825965026,283.38787783221585,284.2547302246094,140326100
2022-05-12 00:00:00-04:00,279.9788270613995,288.0630877961864,277.53405558723375,283.5826416015625,120910900
2022-05-13 00:00:00-04:00,288.03394787771657,295.12473233696886,286.4365588211198,294.09228515625,83684900
2022-05-16 00:00:00-04:00,292.3488051794956,294.403979694894,289.40730860193224,290.6832580566406,59190400
2022-05-17 00:00:00-04:00,296.53704468062864,298.5921893526094,292.73838589410195,298.21234130859375,62715300
2022-05-18 00:00:00-04:00,293.70259100455945,294.39412885704473,282.3164269513766,283.5729064941406,79477100
2022-05-19 00:00:00-04:00,281.77105612186665,286.73850768800816,280.1054794237619,282.0534973144531,79920700
2022-05-20 00:00:00-04:00,285.51129331912716,286.1638627729328,272.92708262077974,281.17694091796875,91764200
2022-05-23 00:00:00-04:00,282.21907844050895,286.23199034784994,279.8230248721788,285.8521423339844,63648400
2022-05-24 00:00:00-04:00,280.6411435224921,281.35215088037694,274.91396736497427,279.7742614746094,73491100
2022-05-25 00:00:00-04:00,278.2841124050644,285.7645243666123,278.079578831032,283.68988037109375,67144500
2022-05-26 00:00:00-04:00,282.8911258210658,293.0987490190363,282.60865493867686,291.550048828125,59462200
2022-05-27 00:00:00-04:00,294.6766361236019,301.21222696962036,294.5597598213431,301.0661315917969,66985600
2022-05-31 00:00:00-04:00,301.03696198777624,303.23820206563914,296.42013921910774,300.2674865722656,60968300
2022-06-01 00:00:00-04:00,302.40054336965414,304.523875630762,295.8357329172192,298.0467224121094,65341700
2022-06-02 00:00:00-04:00,296.92664928605205,306.3842683433846,295.5143243477627,306.2089538574219,59291300
2022-06-03 00:00:00-04:00,300.99794802786283,302.40052312325975,296.9947859978607,298.24151611328125,60914700
2022-06-06 00:00:00-04:00,302.6732043655573,304.23162423476253,297.67653496477914,299.2349548339844,51785000
2022-06-07 00:00:00-04:00,295.9136101442326,302.59532594620396,294.8227250478429,301.81610107421875,44900300
2022-06-08 00:00:00-04:00,301.01746101503045,303.6180780499389,298.7967217470481,299.6441345214844,38342100
2022-06-09 00:00:00-04:00,297.959125360913,301.0174984578301,291.4527517501581,291.6183166503906,55900500
2022-06-10 00:00:00-04:00,286.0176516344523,287.20594344916174,280.8846364355447,281.3326721191406,85963500
2022-06-13 00:00:00-04:00,272.4789956879142,275.00167522673036,267.3946679306064,268.2518005371094,94442000
2022-06-14 00:00:00-04:00,270.44325420714733,271.41726288913327,266.2355295671153,268.7387390136719,64697500
2022-06-15 00:00:00-04:00,272.1575818938242,279.37496173778936,269.4205895185,275.44970703125,86051400
2022-06-16 00:00:00-04:00,268.42706149435605,268.884846785,262.2810688052266,264.33624267578125,81910300
2022-06-17 00:00:00-04:00,265.10573474580815,269.98552883699915,263.4791565316729,267.5505065917969,82703400
2022-06-21 00:00:00-04:00,272.02683895071556,276.61349173532,271.9195063318225,274.3006286621094,51633700
2022-06-22 00:00:00-04:00,271.8024357299077,278.30180844546015,271.2071624610074,273.9006042480469,67472900
2022-06-23 00:00:00-04:00,276.3793377182855,278.82880933870996,273.5492878730118,277.97979736328125,57457800
2022-06-24 00:00:00-04:00,280.80003470957627,287.92398502775217,280.5658327618819,287.50433349609375,58422300
2022-06-27 00:00:00-04:00,288.8608509108106,289.42684893372103,284.2644585476467,285.396484375,54151500
2022-06-28 00:00:00-04:00,285.9331509640633,288.5192298202316,276.51590467871944,276.7013244628906,61609800
2022-06-29 00:00:00-04:00,276.5646401698879,278.4578514920173,274.0663874568449,276.9549865722656,57302700
2022-06-30 00:00:00-04:00,273.97862381270477,277.09168696089944,269.12849346614837,273.51995849609375,79313600
2022-07-01 00:00:00-04:00,272.2220228817609,275.71566383513857,270.34831821646026,275.3253173828125,56675100
2022-07-05 00:00:00-04:00,271.5974828130593,280.15594985091695,270.0751105884705,280.0388488769531,61829300
2022-07-06 00:00:00-04:00,280.419402086532,283.93257952732887,278.7018420529149,281.83441162109375,63194700
2022-07-07 00:00:00-04:00,282.64450756949054,288.5681142475734,282.64450756949054,287.865478515625,56620100
2022-07-08 00:00:00-04:00,285.0353208882049,289.5926984461402,284.0984834291946,288.2264709472656,59895500
2022-07-11 00:00:00-04:00,285.8160750990645,286.0405087026964,281.1904079923632,282.0686950683594,55273900
2022-07-12 00:00:00-04:00,283.3177929939941,285.2305115091865,277.74549076739095,279.336181640625,55797100
2022-07-13 00:00:00-04:00,273.8322492499436,281.10254575215123,273.2662215205759,278.76043701171875,73939400
2022-07-14 00:00:00-04:00,276.16459414754115,280.62437810279306,273.0515309298952,279.755859375,63741800
2022-07-15 00:00:00-04:00,282.7420134428055,284.93774569739867,281.1317859642174,284.83038330078125,63818100
2022-07-18 00:00:00-04:00,287.6116464040557,289.01691741139587,281.24891307414424,282.4199523925781,59519600
2022-07-19 00:00:00-04:00,286.0404609545284,291.3980678086759,284.44003162699636,291.10528564453125,55172600
2022-07-20 00:00:00-04:00,291.52500565321566,296.90209088858387,290.74428281343535,295.7212829589844,67769400
2022-07-21 00:00:00-04:00,296.1799156552056,300.0248895951628,293.525517855766,299.9663391113281,55049400
2022-07-22 00:00:00-04:00,299.0392748591571,301.10813827886636,292.88146674837793,294.70635986328125,57127700
2022-07-25 00:00:00-04:00,294.73562410111066,295.2040577901947,291.0272875191682,293.02783203125,40582400
2022-07-26 00:00:00-04:00,291.3298418811851,291.5835805480421,286.46020374795387,287.2701721191406,50074100
2022-07-27 00:00:00-04:00,291.82753909562643,301.09841102643696,291.2615112895609,299.4101257324219,69304400
2022-07-28 00:00:00-04:00,299.1953693285458,302.91347376867895,295.4479896479993,302.33770751953125,55139900
2022-07-29 00:00:00-04:00,303.8795969019885,308.7590018701451,302.45478920858915,307.8514099121094,57501000
2022-08-01 00:00:00-04:00,306.0850930494122,311.120642967431,304.9921110110565,307.666015625,46358800
2022-08-02 00:00:00-04:00,305.37278238610025,310.8669689606227,304.31881392899396,306.7487487792969,48676500
2022-08-03 00:00:00-04:00,308.4272114359011,315.92200095901455,308.36866095210183,315.1022644042969,53735700
2022-08-04 00:00:00-04:00,315.1803636806415,316.8881558420076,313.0334130508828,316.57586669921875,38973700
2022-08-05 00:00:00-04:00,311.4914928430166,316.0195656918979,310.7107998702354,313.98974609375,53894000
2022-08-08 00:00:00-04:00,314.90704761459637,318.59587666591256,311.51097095563654,312.97479248046875,43878500
2022-08-09 00:00:00-04:00,311.081675885975,311.33541455782307,307.8124973077939,309.43243408203125,39764200
2022-08-10 00:00:00-04:00,316.7612012446482,318.3616603344505,314.29222357583757,318.0688781738281,51459600
2022-08-11 00:00:00-04:00,320.3914759563342,322.3920200139805,315.5608532862781,316.26348876953125,45897700
2022-08-12 00:00:00-04:00,318.3129056437859,322.6165450793937,317.25896710802823,322.42138671875,40928400
2022-08-15 00:00:00-04:00,321.4747554105668,325.5246558976248,321.4552187289758,325.0269470214844,38266600
2022-08-16 00:00:00-04:00,324.05108255008014,326.35417748127685,321.2210332564173,324.2657775878906,41186900
2022-08-17 00:00:00-04:00,321.13322746982783,323.43629276250306,318.48856802587005,320.56719970703125,47842200
2022-08-18 00:00:00-04:00,320.5183981966612,322.5189425848019,318.90820030114213,321.338134765625,41937200
2022-08-19 00:00:00-04:00,318.30322313147957,318.95704693798035,314.31184232639384,315.0730285644531,51770600
2022-08-22 00:00:00-04:00,310.8181468831801,311.052348829549,305.9680163669286,306.7779846191406,51098900
2022-08-23 00:00:00-04:00,306.54376837538723,309.35431072684594,305.7728139625083,306.5242614746094,39497100
2022-08-24 00:00:00-04:00,306.0460655965721,309.2274475970766,305.4410240635622,307.4123229980469,38057100
2022-08-25 00:00:00-04:00,309.18843732695433,312.86752862816047,308.1442670437042,312.8479919433594,38098300
2022-08-26 00:00:00-04:00,312.5552127027734,313.7555572354442,299.9370766142662,300.02490234375,69047700
2022-08-29 00:00:00-04:00,297.2728893341187,299.81018609423813,295.9652122628593,297.0679626464844,48321900
2022-08-30 00:00:00-04:00,298.71719702917835,299.3320068591553,291.2419445706575,293.75970458984375,51184500
2022-08-31 00:00:00-04:00,296.6581011353187,297.555924896819,291.9446082866473,292.05194091796875,50044000
2022-09-01 00:00:00-04:00,289.5634482261889,292.5496420822986,285.8843871110546,292.1788024902344,57990700
2022-09-02 00:00:00-04:00,295.0478932133879,296.42388916155085,286.4406146175746,288.05084228515625,64666800
2022-09-06 00:00:00-04:00,288.52899865452224,289.44632923624584,283.85452002401945,285.98193359375,57005400
2022-09-07 00:00:00-04:00,286.46018830853086,292.7546044547529,286.19668131283277,291.75921630859375,49260400
2022-09-08 00:00:00-04:00,289.6903525885628,294.5892657011136,288.32412480633064,293.2718200683594,55649800
2022-09-09 00:00:00-04:00,295.5261163242872,300.1810891122113,293.27183293928664,299.6833801269531,56125200
2022-09-12 00:00:00-04:00,301.05930574029827,303.5770657606081,300.747016654849,303.2452697753906,45905700
2022-09-13 00:00:00-04:00,294.52085317393227,295.7114291014608,285.7281862337515,286.6162414550781,79562200
2022-09-14 00:00:00-04:00,287.75808045201677,289.7683933119644,285.9917378884854,288.8901062011719,54907200
2022-09-15 00:00:00-04:00,286.9773782296725,289.37803753073274,282.4785506213726,284.0790100097656,65299400
2022-09-16 00:00:00-04:00,280.78059431997553,282.73235709718057,278.731237447603,282.3420104980469,79920400
2022-09-19 00:00:00-04:00,279.7014041555219,284.69710512565416,279.6427484371487,284.5406799316406,52613800
2022-09-20 00:00:00-04:00,282.0378693199994,284.5601839494864,279.9750741000764,282.27252197265625,51271100
2022-09-21 00:00:00-04:00,283.11327668494283,287.3757802061988,277.08128628170294,277.2181396484375,82931000
2022-09-22 00:00:00-04:00,275.69307230182534,276.7000351668306,272.58420013628125,273.8062438964844,62757100
2022-09-23 00:00:00-04:00,271.3425285725791,271.63583691551656,265.9362092867827,269.3481750488281,74815200
2022-09-26 00:00:00-04:00,268.8789462776998,273.2391899171992,267.4418216694611,268.23370361328125,71176700
2022-09-27 00:00:00-04:00,271.59675876301304,273.94307663877163,266.0242277024173,268.34124755859375,69780100
2022-09-28 00:00:00-04:00,268.32162792209664,274.95977629745494,266.84541972207256,273.6790771484375,79652100
2022-09-29 00:00:00-04:00,269.69036575980726,270.0716577150531,262.8273790808432,265.78961181640625,81216000
2022-09-30 00:00:00-04:00,264.968325807129,269.0352896512245,261.12622867977745,261.28265380859375,78482400
2022-10-03 00:00:00-04:00,263.0521722036864,269.00596386306034,261.5466064329693,267.41241455078125,61267400
2022-10-04 00:00:00-04:00,272.75025106206186,276.5239359047589,272.75025106206186,275.8200378417969,66696900
2022-10-05 00:00:00-04:00,272.05623146486425,277.4625511231233,269.2602100468539,275.6734924316406,55766300
2022-10-06 00:00:00-04:00,274.6762872643789,277.82427276832533,273.1805070928327,273.5031433105469,53489400
2022-10-07 00:00:00-04:00,268.86912454819236,268.9962218517526,261.75194406425254,263.08154296875,71354700
2022-10-10 00:00:00-04:00,263.277039731882,263.66811751995755,257.7436530181784,260.4516906738281,60393000
2022-10-11 00:00:00-04:00,258.7800271190582,261.6444908483016,255.19209311619318,256.8736267089844,66522500
2022-10-12 00:00:00-04:00,257.50902376665675,259.4251797950677,256.0914710787955,256.78558349609375,50580200
2022-10-13 00:00:00-04:00,249.45327606305003,264.1275826002605,248.57339587396288,262.8077697753906,112894100
2022-10-14 00:00:00-04:00,265.13459059619925,265.7309335503903,254.3219512425765,254.90850830078125,77244300
2022-10-17 00:00:00-04:00,260.8720851805675,264.1960377721946,260.7743157265391,263.3259582519531,64576500
2022-10-18 00:00:00-04:00,270.3454004390657,271.01018506656084,262.72961557378073,265.4083557128906,69781000
2022-10-19 00:00:00-04:00,263.8930174905795,267.5591488670149,262.0746306486932,264.44049072265625,53115400
2022-10-20 00:00:00-04:00,263.55082875225395,268.6931983717576,261.9279809158459,263.0913391113281,60605500
2022-10-21 00:00:00-04:00,261.9865874878013,269.7978800833209,260.85252752642265,269.26019287109375,77897700
2022-10-24 00:00:00-04:00,269.52419104231006,273.1512084780125,265.8873877095541,272.22247314453125,63963600
2022-10-25 00:00:00-04:00,273.16091157723685,278.23483799147164,271.6846736520999,277.8535461425781,59014500
2022-10-26 00:00:00-04:00,272.2321650011446,277.62872793281883,271.2252023988285,271.7140197753906,63492400
2022-10-27 00:00:00-04:00,270.59958454005965,272.05625105959984,266.2490971046528,266.7672424316406,57760300
2022-10-28 00:00:00-04:00,266.1415825130853,275.39978700768586,265.97537143833364,274.9305114746094,62651300
2022-10-31 00:00:00-04:00,272.6818884119261,273.50309799405767,269.8173960162846,271.73358154296875,47742000
2022-11-01 00:00:00-04:00,275.2041929031402,275.7614518928756,268.595372187097,268.95709228515625,45895900
2022-11-02 00:00:00-04:00,268.9278309425427,271.98783336025116,259.66962601443583,259.7380676269531,79803100
2022-11-03 00:00:00-04:00,257.1277827515424,258.58444930817916,254.28286141146174,254.66412353515625,70038900
2022-11-04 00:00:00-04:00,259.5913715372942,260.64720401130904,253.28561503914713,258.7603759765625,78313200
2022-11-07 00:00:00-05:00,259.80650185570005,262.1430638319726,257.675264711144,261.6053466796875,47333800
2022-11-08 00:00:00-05:00,263.12073170240666,266.7477496601227,259.58166749062383,263.51177978515625,63213800
2022-11-09 00:00:00-05:00,261.77151778448103,262.55361373285587,257.14729418920933,257.4308166503906,64862100
2022-11-10 00:00:00-05:00,269.83701981536905,276.71954806888135,267.7253248392745,276.42626953125,99256700
2022-11-11 00:00:00-05:00,276.24049229556425,282.18452870756767,274.90113736604735,281.51971435546875,66961800
2022-11-14 00:00:00-05:00,279.4666506715696,282.74173299667166,278.0784260572565,279.0560607910156,55290700
2022-11-15 00:00:00-05:00,285.6746934620761,286.70122803572764,279.57426106914244,282.91778564453125,73985400
2022-11-16 00:00:00-05:00,280.9624604558637,283.005713469215,278.23485119486327,279.0560607910156,48859800
2022-11-17 00:00:00-05:00,274.5981177562604,279.9164544303959,274.44169257936795,278.4402160644531,55462100
2022-11-18 00:00:00-05:00,281.45132801777515,281.5490676405468,276.00589441916804,278.4499816894531,53588600
2022-11-21 00:00:00-05:00,277.0617493138327,278.21535143793466,274.7545450656288,275.5855407714844,40083500
2022-11-22 00:00:00-05:00,276.3187488109687,279.71111335033106,274.18748200532116,279.5547180175781,41873400
2022-11-23 00:00:00-05:00,279.5742388647001,282.9861749393081,279.39827175235274,282.3605041503906,46390000
2022-11-25 00:00:00-05:00,280.76700247136256,281.47090087588236,280.01423425009193,280.5030517578125,15498800
2022-11-28 00:00:00-05:00,278.52816875015134,280.5420941973852,275.45841076977536,276.38714599609375,38714200
2022-11-29 00:00:00-05:00,276.6119416675165,277.01277544177344,272.9262698920914,274.2949523925781,35618900
2022-11-30 00:00:00-05:00,274.55908926455623,286.90662766097387,273.7085513420581,286.799072265625,74718100
2022-12-01 00:00:00-05:00,287.12161208618227,289.13553770503285,284.3744602516807,287.15093994140625,51547300
2022-12-02 00:00:00-05:00,282.0868144885837,286.88700597383513,281.9108175119256,286.0071105957031,53583200
2022-12-05 00:00:00-05:00,283.8855883761072,285.15650163901466,279.7501825716484,281.2068786621094,41482100
2022-12-06 00:00:00-05:00,281.05045709162715,281.1873104465043,273.9919327917334,275.3801574707031,53937600
2022-12-07 00:00:00-05:00,274.19723419124455,276.25027324305955,272.54502898857334,274.2558898925781,45614300
2022-12-08 00:00:00-05:00,275.6050946410666,278.46955811599247,273.53251315292846,277.501708984375,42594900
2022-12-09 00:00:00-05:00,276.48491532642936,279.25163871744275,275.2921995910729,275.7321472167969,47860500
2022-12-12 00:00:00-05:00,275.90812369116725,279.2516481889468,274.871833080141,279.1929626464844,35732500
2022-12-13 00:00:00-05:00,290.0153218239279,290.2401885409192,279.5155349090662,282.1942443847656,80667700
2022-12-14 00:00:00-05:00,281.6077090523937,284.8925776911261,276.856417960983,280.1021728515625,64984400
2022-12-15 00:00:00-05:00,276.01563277082005,276.68044714031987,269.5046109553816,270.69732666015625,60554100
2022-12-16 00:00:00-05:00,270.02273272438384,271.55759662339494,266.51299768012547,268.1163330078125,68300400
2022-12-19 00:00:00-05:00,268.3858829093709,268.47407711477496,263.11360998326035,264.348388671875,44167900
2022-12-20 00:00:00-05:00,263.1822522783271,265.8869945818374,261.6045058722679,264.14263916015625,51064200
2022-12-21 00:00:00-05:00,265.1814285278099,269.27771974731354,264.33863388039197,267.974365234375,46394700
2022-12-22 00:00:00-05:00,264.9657185869975,265.093120157277,257.2043012809809,261.418212890625,60278400
2022-12-23 00:00:00-05:00,260.1540875111518,262.6726316300907,258.2529327193007,262.0062255859375,39373600
2022-12-27 00:00:00-05:00,261.39866722805584,261.50648008934456,257.76296633096587,258.30194091796875,38009000
2022-12-28 00:00:00-05:00,257.9000868310476,260.15401783097843,254.52896974676278,254.8915557861328,47139000
2022-12-29 00:00:00-05:00,257.6943196587652,262.0454127740725,256.9985455070873,261.1046447753906,45893600
2022-12-30 00:00:00-05:00,258.34110733474483,261.07524704462577,257.03775322586284,260.9478454589844,37858300
2023-01-03 00:00:00-05:00,263.27034850860764,264.740311403582,256.8809205581157,259.1838684082031,42335300
2023-01-04 00:00:00-05:00,261.300672498505,262.09445023311,257.27295778358507,260.4186706542969,47754900
2023-01-05 00:00:00-05:00,258.7527412605254,258.919320349099,256.02841054713053,256.34197998046875,45396700
2023-01-06 00:00:00-05:00,258.0765107602251,264.5345446367725,255.1267754282982,263.4173583984375,54659700
2023-01-09 00:00:00-05:00,265.40669938269843,269.77741078699546,264.5149481705316,265.1225280761719,45568700
2023-01-10 00:00:00-05:00,264.09358467777196,267.4745120737934,263.58400819036984,267.36669921875,35247800
2023-01-11 00:00:00-05:00,268.4349015637978,272.1000003561461,267.65090322153156,271.9921875,44077000
2023-01-12 00:00:00-05:00,272.55078814271513,274.4911504479409,268.25849055952096,273.462158203125,60600000
2023-01-13 00:00:00-05:00,270.96322776853043,275.5887133592469,270.6300396848258,275.3437194824219,44802900
2023-01-17 00:00:00-05:00,275.14771295019546,277.1860787569483,273.98153970173576,275.9023132324219,36269700
2023-01-18 00:00:00-05:00,277.4408347282873,278.9892126837552,272.1097958051242,272.3155822753906,47754500
2023-01-19 00:00:00-05:00,270.6888397747378,271.8256149685803,268.4055099682429,269.6402587890625,44150400
2023-01-20 00:00:00-05:00,271.24737024419835,277.3525971911707,270.18898017810113,277.0194091796875,60613600
2023-01-23 00:00:00-05:00,277.8622557058228,284.39867540350957,277.06847796030434,283.1737060546875,52799900
2023-01-24 00:00:00-05:00,281.55674841928726,283.7518838905232,281.03736261916526,282.59552001953125,44875100
2023-01-25 00:00:00-05:00,278.08762887043525,282.5857126972859,275.54949598721333,281.9683532714844,50872000
2023-01-26 00:00:00-05:00,285.38846018754776,287.64239182663204,282.7425144316851,287.46600341796875,51596300
2023-01-27 00:00:00-05:00,286.152809973951,292.28746540168373,286.0352177137922,290.3275146484375,56441900
2023-01-30 00:00:00-05:00,287.06422753687195,288.485204031386,284.08512343019765,284.4574890136719,49405800
2023-01-31 00:00:00-05:00,284.4966755594997,288.81837095968,284.3888926131909,288.7203674316406,46705100
2023-02-01 00:00:00-05:00,288.5145464564292,297.35391334937026,286.4467829160311,294.8941955566406,67562200
2023-02-02 00:00:00-05:00,301.41101371232133,307.39864851001664,300.5878380395017,305.4779052734375,83070600
2023-02-03 00:00:00-05:00,298.8336683313794,306.13449622905244,298.44168419535396,300.048828125,76170800
2023-02-06 00:00:00-05:00,297.43235731063703,299.7842924007308,296.16818061095165,297.5107421875,40802300
2023-02-07 00:00:00-05:00,297.383319099846,304.8017398705444,296.26616272305125,303.6747741699219,67584000
2023-02-08 00:00:00-05:00,302.3615647853608,303.3023326290738,297.58909021691113,298.2750549316406,56720900
2023-02-09 00:00:00-05:00,302.6555733935558,302.80256370985006,294.1886022038024,295.6389465332031,49137800
2023-02-10 00:00:00-05:00,293.48307362724574,295.53121883431214,291.297717495013,293.69866943359375,50050100
2023-02-13 00:00:00-05:00,295.099923808721,298.9904263782206,293.92394165774846,298.4024353027344,39636700
2023-02-14 00:00:00-05:00,296.8248219904053,301.5580909500732,294.88445954815694,300.6075134277344,64079100
2023-02-15 00:00:00-05:00,298.7944315657326,303.0769183913256,298.1084668717564,302.91033935546875,43100600
2023-02-16 00:00:00-05:00,298.28489155405015,302.25377962239094,297.07951114869655,297.22650146484375,59498600
2023-02-17 00:00:00-05:00,295.04116982572447,295.88393422598153,292.13064199756906,295.1293640136719,58230700
2023-02-21 00:00:00-05:00,291.3074820247996,292.7480469851319,288.0049698813135,288.14215087890625,46526700
2023-02-22 00:00:00-05:00,288.72028256453945,290.4254298065943,286.70153608752975,288.3576965332031,51389200
2023-02-23 00:00:00-05:00,292.00324737529,292.1600470153091,286.6917679806115,290.87628173828125,69294400
2023-02-24 00:00:00-05:00,285.9176041512956,287.10336589485115,284.2418248494622,286.00579833984375,74332000
2023-02-27 00:00:00-05:00,289.1613320021509,290.55288024334476,287.4659638902868,288.053955078125,48995000
2023-02-28 00:00:00-05:00,287.4267764126198,290.1903142523565,287.0935883612757,287.68157958984375,48243100
2023-03-01 00:00:00-05:00,287.387613022248,288.0441798329406,284.3888905066176,285.3688659667969,58287000
2023-03-02 00:00:00-05:00,282.87970005937706,288.53414730120545,282.59549882206886,287.7305603027344,53565900
2023-03-03 00:00:00-05:00,289.4748830840981,293.91416945797494,288.9652768498143,293.678955078125,60511500
2023-03-06 00:00:00-05:00,294.9138281640149,297.91255078931,293.8162603935119,294.0122375488281,56736300
2023-03-07 00:00:00-05:00,294.0612025121971,294.9823817088426,289.79830387350347,290.4058837890625,65955800
2023-03-08 00:00:00-05:00,290.8273005687011,292.4540633879132,288.97516253842946,291.8562927246094,50876300
2023-03-09 00:00:00-05:00,292.35609679890285,294.95305596824016,285.98625563400026,286.7996520996094,71456700
2023-03-10 00:00:00-05:00,286.96617449163693,288.455756194458,281.62532666802826,282.7718811035156,98593600
2023-03-13 00:00:00-04:00,280.98838499588663,288.57338577191166,279.4792143568282,284.86907958984375,97123600
2023-03-14 00:00:00-04:00,288.4165910413327,291.9640976158507,287.5738264546701,291.4153137207031,73602500
2023-03-15 00:00:00-04:00,288.80850340903805,293.27718824711917,287.36793856607295,292.9440002441406,83631500
2023-03-16 00:00:00-04:00,292.0326786060645,301.0288458902674,291.23890089901585,300.666259765625,98198100
2023-03-17 00:00:00-04:00,300.57811315987806,302.9594466580906,297.29518896301664,299.2453308105469,89923700
2023-03-20 00:00:00-04:00,298.62893759374526,300.6311608615665,296.4205793211497,300.3072814941406,56359500
2023-03-21 00:00:00-04:00,302.24082881743965,305.04788323131515,300.72932185078076,304.5964050292969,49757000
2023-03-22 00:00:00-04:00,304.52768643281496,309.4155301746397,300.2876613290279,300.4544982910156,75791900
2023-03-23 00:00:00-04:00,304.18420090621953,308.33589544993333,301.3280538352292,304.017333984375,74576000
2023-03-24 00:00:00-04:00,303.5952799906133,305.23435576063616,301.2691474607354,305.13623046875,57195200
2023-03-27 00:00:00-04:00,305.83312038857395,306.91276831057337,302.19179098839237,303.0456848144531,50287400
2023-03-28 00:00:00-04:00,302.46658984758324,302.49603342767915,299.1294910219015,301.4360046386719,48585900
2023-03-29 00:00:00-04:00,305.1264302220419,307.5507181893601,304.31177457462326,306.932373046875,53274300
2023-03-30 00:00:00-04:00,309.4057262969123,310.46575510812926,307.0207064008411,309.83758544921875,58354800
2023-03-31 00:00:00-04:00,310.0633653805016,315.22602661616287,309.75910503684963,314.9904479980469,62138100
2023-04-03 00:00:00-04:00,312.8704193056254,314.4899062337694,311.54542811391536,314.2248840332031,47126800
2023-04-04 00:00:00-04:00,314.6665077964357,315.6774438935838,311.94775434717684,313.1648254394531,45875400
2023-04-05 00:00:00-04:00,312.2127972814154,313.15502177624506,308.25738336194655,310.0731506347656,62795700
2023-04-06 00:00:00-04:00,308.4241818849287,312.65441200282,307.03047936148835,312.1636657714844,46916500
2023-04-10 00:00:00-04:00,309.23889313719735,312.03615315052036,307.4525693445177,311.987060546875,45134700
2023-04-11 00:00:00-04:00,311.9477567831826,312.0066738913755,309.47440639730115,309.9847717285156,40113600
2023-04-12 00:00:00-04:00,311.9379935140546,312.52689508007813,306.7851572287098,307.2464599609375,62813300
2023-04-13 00:00:00-04:00,309.00329632515286,313.7340977577321,307.8255231987492,313.26300048828125,54613800
2023-04-14 00:00:00-04:00,311.71225968201486,314.4309836490865,309.7688933736916,312.67413330078125,56278300
2023-04-17 00:00:00-04:00,312.261854645645,313.2924398141298,310.19091970365525,312.9390869140625,43007000
2023-04-18 00:00:00-04:00,315.04926298343963,315.4713275158406,311.76128712291046,312.95867919921875,46746900
2023-04-19 00:00:00-04:00,310.5541022561888,313.87155230471603,310.4265034154332,312.8115234375,38960100
2023-04-20 00:00:00-04:00,309.8473451843308,313.36107487685706,309.14066944218166,310.4264221191406,62462100
2023-04-21 00:00:00-04:00,310.0633697939143,311.52578436665596,308.2868703610676,310.7503967285156,59002300
2023-04-24 00:00:00-04:00,310.5246652876612,311.8594809826243,307.93351018174917,310.1026306152344,44043100
2023-04-25 00:00:00-04:00,308.4732736850432,309.1406813692748,304.15471285096964,304.2528381347656,57121600
2023-04-26 00:00:00-04:00,307.63903402208973,309.11127287941105,305.5778936312846,306.09808349609375,55400500
2023-04-27 00:00:00-04:00,309.8571781627747,314.92165284170386,309.21918410864004,314.4211120605469,65430400
2023-04-28 00:00:00-04:00,314.18554141895567,316.678540689249,313.056831064611,316.5902099609375,59712600
2023-05-01 00:00:00-04:00,316.1289870712789,317.64049424915646,315.14749434978614,316.2271423339844,41013400
2023-05-02 00:00:00-04:00,316.1583963914901,316.48230572803664,311.7318551123893,313.4691162109375,56519400
2023-05-03 00:00:00-04:00,313.83224897780207,316.5019099639338,311.3098058864839,311.41778564453125,59882100
2023-05-04 00:00:00-04:00,311.1920859618002,312.3404456476123,309.2879876486706,310.3185729980469,50224500
2023-05-05 00:00:00-04:00,312.5759135629798,317.7680172064844,310.3577309572595,316.91412353515625,51806100
2023-05-08 00:00:00-04:00,316.4528560062947,318.0428692194948,315.3732081600549,317.6993408203125,36465800
2023-05-09 00:00:00-04:00,316.0405787750842,316.90429695051574,315.37317107689563,315.687255859375,31768800
2023-05-10 00:00:00-04:00,318.1213560020154,319.9763912725399,315.6480055940912,319.12249755859375,60446600
2023-05-11 00:00:00-04:00,319.67212605397896,320.7026812198648,318.1213510973268,320.1628723144531,44278500
2023-05-12 00:00:00-04:00,320.6928395840267,321.11490410960397,316.9631801847053,319.0144958496094,48432800
2023-05-15 00:00:00-04:00,319.4856645520145,320.97752251513634,317.96433305634275,320.7419738769531,33375600
2023-05-16 00:00:00-04:00,320.0254243410232,322.81285929154046,319.98615625643214,321.1050720214844,40019200
2023-05-17 00:00:00-04:00,322.1650875880521,325.5708677503054,320.9873145634712,324.9917907714844,47486100
2023-05-18 00:00:00-04:00,325.3844024044097,331.24391418025004,325.36478333622733,331.0279846191406,64213500
2023-05-19 00:00:00-04:00,331.2438869159886,331.95056269847424,329.22201480691604,330.28204345703125,61554900
2023-05-22 00:00:00-04:00,330.02685483940945,332.40207988096876,330.0170303294707,331.3911437988281,43015900
2023-05-23 00:00:00-04:00,329.6735737600976,330.82190336326596,326.8370456829929,327.19036865234375,48216700
2023-05-24 00:00:00-04:00,325.2372071881873,326.7487142213428,323.460707928602,325.51202392578125,62891200
2023-05-25 00:00:00-04:00,332.86333427874837,334.6987202046388,330.43904694465687,333.4325866699219,66862800
2023-05-26 00:00:00-04:00,334.4534083996253,342.7862705013703,334.3552531548107,341.9519958496094,63007000
2023-05-30 00:00:00-04:00,346.18223261994183,347.37965474183784,342.0796009058038,343.5027770996094,72652200
2023-05-31 00:00:00-04:00,341.9225630348241,344.11130225670985,340.0970012254624,341.5495910644531,65105400
2023-06-01 00:00:00-04:00,341.2944217437348,346.8201997459397,340.2442175064159,345.4952087402344,50488600
2023-06-02 00:00:00-04:00,347.25199866394627,349.24442703511033,345.49514883634424,348.0862731933594,53372100
2023-06-05 00:00:00-04:00,347.87036238875686,350.8835514034604,347.3011099461194,348.3316650390625,47266200
2023-06-06 00:00:00-04:00,347.7231936940905,349.23470066993315,346.3981727066274,348.2728271484375,41390400
2023-06-07 00:00:00-04:00,348.55744268687283,350.5106032126766,341.73605770611135,342.3642272949219,69225900
2023-06-08 00:00:00-04:00,342.6586610808147,347.0753773858951,342.4329369727751,346.61407470703125,47153900
2023-06-09 00:00:00-04:00,348.06671625868603,351.04063755935596,346.49632214996257,347.9391174316406,53196900
2023-06-12 00:00:00-04:00,349.5978615036992,353.91642307560437,348.6261933870345,353.8182678222656,44606500
2023-06-13 00:00:00-04:00,356.5664308825815,357.3712319959438,353.3667556384782,356.5369873046875,57097800
2023-06-14 00:00:00-04:00,356.5467826318429,359.4127540150757,353.74955286754476,359.12811279296875,69525600
2023-06-15 00:00:00-04:00,357.86195327861964,364.8894429222012,357.2436381860123,363.40740966796875,71138800
2023-06-16 00:00:00-04:00,365.8219021049376,365.94950092806926,360.6788907605711,361.12054443359375,80932000
2023-06-20 00:00:00-04:00,359.66986728815994,361.999190422026,357.6452217797614,360.6035461425781,49204700
2023-06-21 00:00:00-04:00,359.46348986847545,359.89594138420165,354.76552112387077,355.68939208984375,53378300
2023-06-22 00:00:00-04:00,354.4412029254088,360.043366747909,354.03823537075647,359.8861389160156,47603000
2023-06-23 00:00:00-04:00,355.9940362893382,358.61822910430584,354.6279059428646,356.3183898925781,48922900
2023-06-26 00:00:00-04:00,355.78771119695153,358.5789703043157,351.45338769056457,351.5418395996094,52685500
2023-06-27 00:00:00-04:00,353.08482384345353,358.3135332350128,352.35753276050247,357.5862121582031,49428100
2023-06-28 00:00:00-04:00,355.76799273738425,360.23005920746044,355.68934883834453,358.2840576171875,46498000
2023-06-29 00:00:00-04:00,357.98923340395874,358.62810268773603,355.9252956971378,357.5666198730469,46151000
2023-06-30 00:00:00-04:00,361.242418880044,364.1319675910211,360.92793323331483,363.0803527832031,58712500
2023-07-03 00:00:00-04:00,363.7192295463051,364.5644566744181,362.6381006665026,363.9354553222656,19432900
2023-07-05 00:00:00-04:00,362.37266505624507,365.6258589725061,362.33334310732084,363.925537109375,34460900
2023-07-06 00:00:00-04:00,360.22028225556915,361.59625066873787,358.2644125170553,361.1539611816406,49374700
2023-07-07 00:00:00-04:00,360.9279564882664,364.1221830587918,359.7288917758838,359.9549255371094,47133700
2023-07-10 00:00:00-04:00,359.67971589726346,360.7510067003448,357.1734886966623,360.0728454589844,48498800
2023-07-11 00:00:00-04:00,360.4954841759857,362.3039041308839,358.3627105914411,361.851806640625,38214100
2023-07-12 00:00:00-04:00,365.9501931335994,367.7684509021404,363.9451935946004,366.4219665527344,61975400
2023-07-13 00:00:00-04:00,369.5965346545085,373.46892209273324,369.0166633368068,372.6433410644531,46960000
2023-07-14 00:00:00-04:00,373.07579318427884,376.289665406279,371.6899868150142,372.5647277832031,55148500
2023-07-17 00:00:00-04:00,373.2821706367002,376.9186862565369,372.80058921448597,376.0439453125,40868900
2023-07-18 00:00:00-04:00,375.40507947563793,380.48636899587035,373.4787239294401,379.1202087402344,55262000
2023-07-19 00:00:00-04:00,380.1817339767386,381.32183065046223,377.70496086028794,379.03179931640625,54093000
2023-07-20 00:00:00-04:00,376.0439558023817,377.50840607614344,369.27221176229006,370.29437255859375,71941700
2023-07-21 00:00:00-04:00,372.67281210959555,373.40013322351746,368.7512948627566,369.1837463378906,60499600
2023-07-24 00:00:00-04:00,370.1567901180446,371.10030708517195,367.9159185749525,369.77349853515625,40380100
2023-07-25 00:00:00-04:00,370.48111172850344,373.9406936381096,370.46143575568584,372.2796936035156,38894400
2023-07-26 00:00:00-04:00,371.23790057306576,372.73180486329676,368.74148143559074,371.04132080078125,47075700
2023-07-27 00:00:00-04:00,376.49602939965484,378.10786927680925,368.8691914614197,370.1567077636719,63940200
2023-07-28 00:00:00-04:00,374.20610964254416,377.92123984671184,373.6950441625476,376.89910888671875,56902900
2023-07-31 00:00:00-04:00,377.20373944509765,378.27503021734213,375.77861108178536,377.0956115722656,44019900
2023-08-01 00:00:00-04:00,375.7491127916499,376.977661335996,374.15691867719516,376.22088623046875,41060600
2023-08-02 00:00:00-04:00,372.75147785059374,372.75147785059374,366.72667080407234,367.9650573730469,72687100
2023-08-03 00:00:00-04:00,365.5571082205294,369.4983018652998,365.39001240778197,367.3753662109375,47666400
2023-08-04 00:00:00-04:00,369.30171945598914,371.6113968871545,365.1541380670017,365.6553955078125,61702800
2023-08-07 00:00:00-04:00,367.4638261668701,368.84963266580394,365.13450268771936,368.7513427734375,37230400
2023-08-08 00:00:00-04:00,366.2451201913258,366.2647661725059,362.49066820926964,365.6160888671875,44726500
2023-08-09 00:00:00-04:00,365.9010297313866,366.05828752338437,360.8394164015015,361.59619140625,51150900
2023-08-10 00:00:00-04:00,364.6037487888542,367.9355570708687,360.74119910131196,362.26458740234375,72035300
2023-08-11 00:00:00-04:00,359.7092158009151,361.68473167795355,358.4315371702507,359.9549255371094,48707200
2023-08-14 00:00:00-04:00,359.15880428458615,364.1123206320641,358.44135109912753,363.994384765625,42130800
2023-08-15 00:00:00-04:00,363.0212931281273,363.8174200810838,359.46342178126736,360.13177490234375,45539900
2023-08-16 00:00:00-04:00,359.59122992630523,361.12445606745706,356.2201000129945,356.3183898925781,53190500
2023-08-17 00:00:00-04:00,357.71394626143865,358.05794578733054,352.0134940952639,352.42626953125,62604300
2023-08-18 00:00:00-04:00,349.1633574955248,353.2421329350638,348.6227781037681,351.9841003417969,61191400
2023-08-21 00:00:00-04:00,353.4484804799617,358.3331904607531,352.98654504940504,357.655029296875,50696500
2023-08-22 00:00:00-04:00,360.2595950388818,360.269433026143,356.4560132078878,357.1440124511719,44530200
2023-08-23 00:00:00-04:00,358.3233759596713,363.86660148965944,358.1071502121783,362.775634765625,51770600
2023-08-24 00:00:00-04:00,366.24505871732504,366.3433186005974,354.814638865053,355.0210266113281,66842500
2023-08-25 00:00:00-04:00,355.85649237018794,359.4634943837441,352.42636416855237,357.77301025390625,69960500
2023-08-28 00:00:00-04:00,360.69203716817907,361.39968237368765,357.9990681887623,360.46600341796875,40910000
2023-08-29 00:00:00-04:00,360.26943235388745,368.6923691023836,359.945108707373,368.3385314941406,58492400
2023-08-30 00:00:00-04:00,368.44663740934226,370.97254048337203,367.44412257396607,370.39263916015625,41731500
2023-08-31 00:00:00-04:00,370.471296535716,373.2035874718416,370.402490614343,371.5032653808594,35730700
2023-09-01 00:00:00-04:00,373.87188211383943,374.2944956090259,369.6260112017312,371.110107421875,39801200
2023-09-05 00:00:00-04:00,370.30420061660834,372.80061981456237,369.38032965344104,371.5819091796875,32344200
2023-09-06 00:00:00-04:00,370.805440073003,371.149439669224,366.3040513379726,368.30902099609375,42998700
2023-09-07 00:00:00-04:00,363.8568211799981,366.45153056121603,362.8150142298059,365.6750793457031,52060700
2023-09-08 00:00:00-04:00,365.6258703550477,368.4171289383869,365.22290284914124,366.1860656738281,35800100
2023-09-11 00:00:00-04:00,369.2132160323528,371.0117977846171,367.2475384918476,370.500732421875,39936600
2023-09-12 00:00:00-04:00,368.8299690541731,370.48116131723054,366.1075159081642,366.3925476074219,41391000
2023-09-13 00:00:00-04:00,366.62837381440505,369.39014857434654,365.49811513938084,367.7881164550781,46300700
2023-09-14 00:00:00-04:00,369.5376215916778,371.7784932851186,367.4736837114587,370.795654296875,48039400
2023-09-15 00:00:00-04:00,369.4589563099792,369.86192383840483,363.51276326138964,364.44647216796875,69811200
2023-09-18 00:00:00-04:00,363.5074786408104,365.9386058426175,363.2220343841815,364.8263854980469,36903500
2023-09-19 00:00:00-04:00,363.50752673963694,364.8461081913443,361.0271681103356,364.0488586425781,37621700
2023-09-20 00:00:00-04:00,365.11185487592627,365.46617463630355,358.7239766256181,358.802734375,45514200
2023-09-21 00:00:00-04:00,355.1215757656396,355.9090030735523,352.0605365859801,352.22784423828125,69734800
2023-09-22 00:00:00-04:00,353.970000227177,356.10583105545084,351.9620981742192,352.2770690917969,51589700
2023-09-25 00:00:00-04:00,351.31250337092115,354.0389273640815,350.3282417213544,353.9503173828125,39168000
2023-09-26 00:00:00-04:00,351.37149964651775,351.91286148829664,347.6509924164087,348.63525390625,53657700
2023-09-27 00:00:00-04:00,349.78694641677345,351.3617712282636,345.8301949477779,349.4523010253906,56066000
2023-09-28 00:00:00-04:00,348.5369045641203,354.50155824408824,347.6806016704603,352.37554931640625,56453300
2023-09-29 00:00:00-04:00,355.84993269784667,357.23774510147166,351.4010512242257,352.6313781738281,64829600
2023-10-02 00:00:00-04:00,352.8971784631042,356.9720060523361,352.2869410494211,355.5743713378906,51625100
2023-10-03 00:00:00-04:00,353.1334031343056,355.32831748657793,347.7199639129251,349.33416748046875,60478500
2023-10-04 00:00:00-04:00,350.17073233689933,354.9345547909679,349.70812819170675,354.0881042480469,54786700
2023-10-05 00:00:00-04:00,354.078201267947,354.4817520633378,349.5506226679585,353.04473876953125,45897400
2023-10-06 00:00:00-04:00,350.05264964515703,360.15118378118626,349.2652523404519,358.9602355957031,75049100
2023-10-09 00:00:00-04:00,356.597960109658,361.3322559289201,355.1018933143861,360.7909240722656,45304800
2023-10-10 00:00:00-04:00,361.1255968573327,365.43666773183907,360.6236438363475,362.78900146484375,46968800
2023-10-11 00:00:00-04:00,364.11774034197475,365.5646061019628,362.39528253424044,365.3775939941406,38215100
2023-10-12 00:00:00-04:00,365.8795991738275,367.8579446931247,361.7161615216667,364.10791015625,49587900
2023-10-13 00:00:00-04:00,364.7378190364302,365.3185297611744,358.13340224170594,359.53106689453125,52469900
2023-10-16 00:00:00-04:00,360.84991057737864,364.64917521039854,360.70227737445896,363.59600830078125,44201100
2023-10-17 00:00:00-04:00,360.05278192643203,364.09811326598583,357.9366252092279,362.4051818847656,50999100
2023-10-18 00:00:00-04:00,359.91497339834217,362.11970989850084,356.3223943198003,357.6511535644531,54280500
2023-10-19 00:00:00-04:00,359.06847962452343,360.2594277757286,353.50740747223784,354.3046569824219,72274200
2023-10-20 00:00:00-04:00,353.80269287368304,354.37358146539754,348.79280455823215,349.0191955566406,72559700
2023-10-23 00:00:00-04:00,347.70025266627835,353.60582210048005,345.59391848351896,350.07232666015625,60665200
2023-10-24 00:00:00-04:00,351.88340614278565,354.2456281895767,350.19047483575025,353.4779052734375,47082100
2023-10-25 00:00:00-04:00,351.08615280605477,351.2633126992723,344.24552212419906,344.82623291015625,71190500
2023-10-26 00:00:00-04:00,343.62540266266313,344.56046319125295,336.9619624891379,338.2513427734375,78621400
2023-10-27 00:00:00-04:00,340.97770376587494,343.3497775820773,338.66468323660894,339.8753356933594,63476700
2023-10-30 00:00:00-04:00,342.3556989748793,345.02306953665595,340.9974431987372,343.70416259765625,55298500
2023-10-31 00:00:00-04:00,343.7336660603702,345.72186354405744,341.1647278392773,345.34783935546875,47671900
2023-11-01 00:00:00-04:00,346.18448935280355,351.9030468160759,346.0860571858595,351.3420104980469,58992700
2023-11-02 00:00:00-04:00,355.8499407400772,357.95624490601404,354.62943595313834,357.72003173828125,58162400
2023-11-03 00:00:00-04:00,359.0094454192966,363.21223195183893,358.7830544209634,361.9228515625,53280500
2023-11-06 00:00:00-05:00,362.6905918342425,363.960297864334,361.1354715320039,363.3992614746094,38848700
2023-11-07 00:00:00-05:00,364.44251116996185,367.7004144783928,363.24171088450566,366.83428955078125,50777400
2023-11-08 00:00:00-05:00,367.2082765996101,367.9071239093316,364.7870016580929,367.07049560546875,35663400
2023-11-09 00:00:00-05:00,367.7595181376134,368.9012351592412,363.7535662221592,364.2456970214844,53859400
2023-11-10 00:00:00-05:00,365.96811764516906,372.58235611773597,365.43660802544855,372.4347229003906,58309800
2023-11-13 00:00:00-05:00,370.85997285581357,372.32651317096065,369.33434920460445,371.2733459472656,40733500
2023-11-14 00:00:00-05:00,377.67097358036534,380.1808584398654,377.1493161843345,379.2654724121094,67792600
2023-11-15 00:00:00-05:00,381.155284969226,381.6474157438796,378.19264809388204,379.5509338378906,54141400
2023-11-16 00:00:00-05:00,378.78321698316876,380.11197610306954,377.52336338174916,379.8757629394531,45343500
2023-11-17 00:00:00-05:00,379.1473710700725,380.978113113573,378.2418672940734,379.9643249511719,46571900
2023-11-20 00:00:00-05:00,379.9742336094992,385.2498921677471,379.9742336094992,384.5904235839844,44429600
2023-11-21 00:00:00-05:00,382.8876193000648,383.1041580561983,380.6139773793034,382.3561096191406,43337000
2023-11-22 00:00:00-05:00,384.423125691416,386.88378010984593,382.91720638882833,383.921142578125,44121000
2023-11-24 00:00:00-05:00,383.51751122375975,384.1080741677964,382.3856164361023,383.3797302246094,15718800
2023-11-27 00:00:00-05:00,382.8876195179838,384.9939237494987,382.16909772738626,383.04510498046875,34139700
2023-11-28 00:00:00-05:00,382.2970268974436,384.62972193238,381.9426771250106,384.04901123046875,35491100
2023-11-29 00:00:00-05:00,386.50966582887696,387.93685707414187,383.3304902471519,383.67498779296875,38811700
2023-11-30 00:00:00-05:00,383.9407456818497,384.40334982807576,379.7478117570499,382.7104187011719,52834400
2023-12-01 00:00:00-05:00,381.6474735109709,384.3935720596323,379.9939210667959,383.8030090332031,40490100
2023-12-04 00:00:00-05:00,380.01353822930184,380.5155212317235,376.6375283217996,380.23992919921875,51186900
2023-12-05 00:00:00-05:00,378.3403493760643,382.3856503323413,378.16315945105106,381.1947021484375,42933000
2023-12-06 00:00:00-05:00,384.1278070485038,384.2262392270375,378.64549214785455,378.9899597167969,41994100
2023-12-07 00:00:00-05:00,381.9624351866648,385.1120545223201,380.86988910871304,384.2852783203125,49593500
2023-12-08 00:00:00-05:00,382.5529483580109,386.440763442931,382.36593626126034,385.99786376953125,46687500
2023-12-11 00:00:00-05:00,385.5746278679813,389.56090535273165,385.36794134333326,389.2951354980469,41198000
2023-12-12 00:00:00-05:00,389.3344997805244,392.51367542874294,388.20260499540507,392.39556884765625,39221200
2023-12-13 00:00:00-05:00,393.33068009122667,397.9960712260366,392.5629571192037,397.3858337402344,55408100
2023-12-14 00:00:00-05:00,398.60626257953487,399.9054650273427,394.03927446369323,397.0412902832031,55447800
2023-12-15 00:00:00-05:00,397.818824291693,400.14169715869406,397.2184391667707,398.9605712890625,62896600
2023-12-18 00:00:00-05:00,399.35309710444824,402.3709508674687,399.0276552700058,401.4734802246094,46610000
2023-12-19 00:00:00-05:00,401.9271575987177,403.6431837912106,401.7397719688163,403.52484130859375,35711900
2023-12-20 00:00:00-05:00,402.7260644342573,404.81686222390726,397.3511117357138,397.52862548828125,54042400
2023-12-21 00:00:00-05:00,401.4538395044679,402.5189822599552,398.8995134090892,402.154052734375,45568900
2023-12-22 00:00:00-05:00,403.36707150520004,404.32371344102273,400.8817888923147,402.755615234375,34314000
2023-12-26 00:00:00-05:00,403.61363564115584,405.8918189348546,403.5150068640605,405.22119140625,22722500
2023-12-27 00:00:00-05:00,405.5034136279449,406.33227692599,404.64491903161536,406.0461120605469,31980500
2023-12-28 00:00:00-05:00,407.20062265458364,407.447309237934,405.49354065707996,405.8487548828125,27029200
2023-12-29 00:00:00-05:00,405.82902936827423,406.1842737058646,402.1780559022972,404.09234619140625,42662100
2024-01-02 00:00:00-05:00,400.461137079369,400.7078236681065,394.9353514690267,397.25421142578125,58026900
2024-01-03 00:00:00-05:00,394.6294287174648,395.6852544540013,392.61648800716534,393.0506286621094,47002800
2024-01-04 00:00:00-05:00,391.1856845267472,394.2939291818346,390.8107161348315,391.0278015136719,39432800
2024-01-05 00:00:00-05:00,391.19559581132245,394.2643624530388,390.1002917227411,391.4916076660156,44922800
2024-01-08 00:00:00-05:00,392.7151105086331,399.86902045875746,392.56710460125134,399.5828857421875,42473800
2024-01-09 00:00:00-05:00,396.5831517866243,401.29979721509557,396.38579050987704,400.37225341796875,39132900
2024-01-10 00:00:00-05:00,400.68805977012255,404.0923162885945,399.7999941615258,403.0858459472656,33962800
2024-01-11 00:00:00-05:00,404.35876183167534,405.7500776839411,398.8823019732114,403.9245910644531,54536200
2024-01-12 00:00:00-05:00,404.96069926457324,405.79943969142045,402.7405199592706,404.1318359375,39595000
2024-01-16 00:00:00-05:00,402.89839156386364,405.67114634191273,401.4379961548512,404.09234619140625,43903000
2024-01-17 00:00:00-05:00,400.78676327938865,402.1879261807825,397.57983776151127,401.8129577636719,54386000
2024-01-18 00:00:00-05:00,405.0790624458076,408.0985035821571,403.7371019910327,407.5163269042969,59562500
2024-01-19 00:00:00-05:00,409.7167490166388,415.7556308047032,409.13457238549967,415.5977478027344,70325100
2024-01-22 00:00:00-05:00,417.79826002605955,419.10077238644385,415.53860253748337,416.1405334472656,44880600
2024-01-23 00:00:00-05:00,416.8312688317537,418.0844560150282,414.9959350071137,417.86737060546875,33003800
2024-01-24 00:00:00-05:00,421.77483440398146,424.1528965640352,419.6927840841391,420.1861572265625,46948000
2024-01-25 00:00:00-05:00,422.68264997969175,423.3536603803969,418.360726282685,420.6993103027344,44367200
2024-01-26 00:00:00-05:00,418.81464821979273,420.56117852289776,417.54173692058845,418.1929931640625,37137000
2024-01-29 00:00:00-05:00,418.6468225465606,422.67276412816915,417.99556640503255,422.47540283203125,38694700
2024-01-30 00:00:00-05:00,421.43936949466547,422.0116691243493,418.7554182347818,419.6632080078125,36739000
2024-01-31 00:00:00-05:00,415.272214756942,417.2654315784379,411.26602691421135,411.4436340332031,64010600
2024-02-01 00:00:00-05:00,413.2394708816232,416.7818863090862,412.2724487149399,416.28851318359375,51008600
2024-02-02 00:00:00-05:00,418.1830356435856,424.53768370415844,417.1864424391243,423.3240051269531,59602400
2024-02-05 00:00:00-05:00,423.3832622919812,423.9160836378695,419.3671974329479,422.771484375,39889200
2024-02-06 00:00:00-05:00,423.9160989320108,424.51802988415363,419.584297971648,421.9228820800781,35846100
2024-02-07 00:00:00-05:00,424.70551086208974,427.0934202261627,423.4029984199902,426.2645568847656,37712700
2024-02-08 00:00:00-05:00,426.38291421422974,427.8137083440557,425.7020869952788,427.0539245605469,29889900
2024-02-09 00:00:00-05:00,428.1887101367379,432.04689194825363,427.3993251082334,431.2574768066406,36943900
2024-02-12 00:00:00-05:00,431.1489601223572,433.31981417558666,428.88930250964694,429.5701599121094,33203300
2024-02-13 00:00:00-05:00,421.6169297930613,425.5540376317795,419.6927625909073,422.8700866699219,64491700
2024-02-14 00:00:00-05:00,425.5442569952469,427.90256520413857,423.19579577332206,427.478271484375,45092700
2024-02-15 00:00:00-05:00,428.1689524677369,429.2149010993665,425.6132531423956,428.7511291503906,38796100
2024-02-16 00:00:00-05:00,429.1261549818656,429.2248055310627,424.15294471005365,424.8634033203125,53716500
2024-02-20 00:00:00-05:00,422.87014237875525,424.37986311162143,417.8870852842458,421.6564636230469,53999500
2024-02-21 00:00:00-05:00,418.9231370059664,420.05791936146005,416.04185462250535,419.9690856933594,49779000
2024-02-22 00:00:00-05:00,428.731438553029,433.3000792548435,427.9617775568409,432.2640075683594,53887800
2024-02-23 00:00:00-05:00,433.8229540462202,434.7504978688127,430.014128227871,430.9909973144531,39853900
2024-02-26 00:00:00-05:00,431.80017024641353,432.7869165083509,430.576584404699,430.7640686035156,33043200
2024-02-27 00:00:00-05:00,431.8692503640229,432.184986282359,429.26422577428366,431.8001708984375,33713200
2024-02-28 00:00:00-05:00,429.6589511430398,430.88253708025496,428.5439229619259,429.5010681152344,32938800
2024-02-29 00:00:00-05:00,432.42179586043784,434.25712932878366,429.2543188931637,433.18157958984375,42495200
2024-03-01 00:00:00-05:00,434.0696969951267,440.66115513774344,434.01049462540504,439.7040100097656,43853000
2024-03-04 00:00:00-05:00,439.70396313980547,440.12828689505744,437.8883537312889,438.1350402832031,34325700
2024-03-05 00:00:00-05:00,435.0959562616823,435.1058333617922,427.9025666362307,430.270751953125,57917100
2024-03-06 00:00:00-05:00,434.48414693490355,436.13199642628683,431.09961428378455,432.97442626953125,46234500
2024-03-07 00:00:00-05:00,436.55630255352224,440.7992995133113,435.0169506522898,439.546142578125,44526700
2024-03-08 00:00:00-05:00,439.90140185906074,442.693910981613,432.53040518587756,433.2013854980469,72096000
2024-03-11 00:00:00-04:00,431.71139180076773,432.8461440453612,429.6688196926347,431.5929870605469,45860000
2024-03-12 00:00:00-04:00,433.9020011390106,438.1351214728527,430.6753211696575,437.7799072265625,55300900
2024-03-13 00:00:00-04:00,436.78325473745014,436.8030089363392,433.30004141473387,434.4150695800781,37928700
2024-03-14 00:00:00-04:00,435.64850056359603,436.17147490901215,430.60624131940546,433.3197937011719,52195200
2024-03-15 00:00:00-04:00,430.2904743925129,433.0533520394362,427.0045922881317,428.1689758300781,73069800
2024-03-18 00:00:00-04:00,433.4876272298241,435.77002263361766,432.0154107319482,432.2525634765625,47323800
2024-03-19 00:00:00-04:00,430.2468145521752,433.7346333318046,428.15212113029696,433.32952880859375,43004100
2024-03-20 00:00:00-04:00,434.5250931534227,438.80334096798737,432.8256441272629,438.4674072265625,43653500
2024-03-21 00:00:00-04:00,443.51637126483735,443.97086631640985,440.34473575766197,440.5423278808594,39345700
2024-03-22 00:00:00-04:00,440.0285427517674,442.1429563269523,439.17880316614946,441.0462341308594,28253900
2024-03-25 00:00:00-04:00,438.2500236979711,440.9276637079466,437.2521126584658,439.4455871582031,27789200
2024-03-26 00:00:00-04:00,440.96713872520985,441.88604904952297,437.79550353364715,438.02276611328125,34142000
2024-03-27 00:00:00-04:00,441.105517877216,441.20432901385453,436.6493979452697,439.5147399902344,41359200
2024-03-28 00:00:00-04:00,439.4653783552645,440.3151180026423,438.34887575907896,438.70458984375,36839600
2024-04-01 00:00:00-04:00,439.6530509460299,442.18245907233614,437.726339451207,439.63330078125,38729000
2024-04-02 00:00:00-04:00,434.8215114618378,436.15538646711934,432.79601878365486,435.8392028808594,44259700
2024-04-03 00:00:00-04:00,433.71488798828096,438.694673809478,433.70502798159896,436.8173828125,39949800
2024-04-04 00:00:00-04:00,440.996824784503,441.60944178188765,429.9108904729682,430.1381530761719,57267700
2024-04-05 00:00:00-04:00,431.56090708796177,437.8745673418474,430.75069804531415,435.2068176269531,54744600
2024-04-08 00:00:00-04:00,436.1356461390755,437.2126182357003,433.9520616185032,435.3353271484375,28144900
2024-04-09 00:00:00-04:00,437.66708927505294,437.94374236584986,432.21305827665964,436.9458312988281,39443600
2024-04-10 00:00:00-04:00,431.7783023964343,433.99152706641837,431.0669044449502,433.1319274902344,61502200
2024-04-11 00:00:00-04:00,434.99935255997985,440.9967993468194,432.7268171178065,440.04827880859375,45474600
2024-04-12 00:00:00-04:00,435.829374285995,436.95573693295404,431.6597971695677,433.0331726074219,53665000
2024-04-15 00:00:00-04:00,436.7778637813603,436.8667847613836,425.0694522981349,425.9093017578125,63453600
2024-04-16 00:00:00-04:00,425.75119974644684,428.5770414842701,424.56555655499864,425.9488220214844,47619000
2024-04-17 00:00:00-04:00,427.9249391300538,427.9446892970782,419.82290801689595,420.7516784667969,56880500
2024-04-18 00:00:00-04:00,421.39386130267076,423.1229505525132,417.7775910246494,418.3506774902344,46549400
2024-04-19 00:00:00-04:00,417.17492743365193,417.69859329896826,408.13426609892537,409.69537353515625,75231000
2024-04-22 00:00:00-04:00,412.3235850098198,416.1473377835961,408.9938577655325,413.8155517578125,47807700
2024-04-23 00:00:00-04:00,415.7422375545966,421.18640859511777,413.86494655360076,419.9908752441406,44384700
2024-04-24 00:00:00-04:00,423.0834744692618,424.59519137964264,419.1312702431236,421.4136657714844,48440300
2024-04-25 00:00:00-04:00,414.23055816853235,420.2379260997075,413.1437260161894,419.3783264160156,57392200
2024-04-26 00:00:00-04:00,422.51041898043206,427.38150380995216,421.8188012818527,425.85003662109375,41874900
2024-04-29 00:00:00-04:00,427.9545352500877,428.5770122057127,424.84218062488617,427.5790710449219,30022200
2024-04-30 00:00:00-04:00,425.9982141906258,427.39136982222493,419.4375707439293,419.5166015625,43665900
2024-05-01 00:00:00-04:00,418.09383507210157,425.0003330647084,415.63359737530845,416.4833068847656,52251700
2024-05-02 00:00:00-04:00,420.21806262347377,422.6980801902515,415.6038815105745,421.7989501953125,36559000
2024-05-03 00:00:00-04:00,429.24896859531367,431.2646014995406,427.45070816264973,430.27655029296875,48515300
2024-05-06 00:00:00-04:00,432.07473911225696,435.0784229348323,431.3040604511998,434.989501953125,30227200
2024-05-07 00:00:00-04:00,435.43408847265937,436.68890238965724,434.32744602239535,435.0586242675781,30996100
2024-05-08 00:00:00-04:00,432.44033140017706,436.20480361971187,432.3217399415846,434.8017578125,24896700
2024-05-09 00:00:00-04:00,435.068517003567,436.3233611678897,433.22086631601803,435.7502746582031,24580100
2024-05-10 00:00:00-04:00,437.2521379272072,439.0009775019168,435.23650526025403,436.7778625488281,27116600
2024-05-13 00:00:00-04:00,438.6847746021528,438.78358573741383,436.3727387710848,437.78564453125,22994200
2024-05-14 00:00:00-04:00,437.3607565194814,441.1351184674474,437.1730244226559,440.6015625,34478300
2024-05-15 00:00:00-04:00,443.0717223950717,447.7353245285619,441.5600055039681,447.4883117675781,41464700
2024-05-16 00:00:00-04:00,447.30057313923777,449.2569250327754,446.41133324323863,446.5793151855469,34780400
2024-05-17 00:00:00-04:00,446.70773221124824,447.31045901301263,444.16846400588616,446.3619384765625,35803700
2024-05-20 00:00:00-04:00,446.57935219702347,450.13631207581267,446.3916200736185,449.4743347167969,24474200
2024-05-21 00:00:00-04:00,447.6266980809167,450.54143085979473,447.42907579122794,450.35369873046875,23167700
2024-05-22 00:00:00-04:00,450.6105944327446,451.36152293797704,447.66619122011053,450.2647705078125,25120000
2024-05-23 00:00:00-04:00,455.04691409303155,455.0765544193966,446.4508877649814,448.2392578125,40899200
2024-05-24 00:00:00-04:00,449.8497773775448,453.7427009819922,448.1503283413245,452.4779968261719,29669500
2024-05-28 00:00:00-04:00,453.6932608661482,454.2465670260158,451.2330234712752,454.1872863769531,26216800
2024-05-29 00:00:00-04:00,450.0375023855627,452.7645027751896,449.899160765381,450.98602294921875,29739200
2024-05-30 00:00:00-04:00,450.0572632581326,450.19560488160533,444.83046464487313,446.1544494628906,30536800
2024-05-31 00:00:00-04:00,446.3817458895466,447.07339375346913,437.76593868344236,445.32452392578125,55941300
2024-06-03 00:00:00-04:00,449.1384333222446,450.1363445127034,442.5481186668515,447.71563720703125,32997500
2024-06-04 00:00:00-04:00,447.4586887576052,450.1362987474651,445.73948952356676,448.9407653808594,23767400
2024-06-05 00:00:00-04:00,452.507661370221,458.07036382987604,448.9803116462065,457.9913330078125,33817400
2024-06-06 00:00:00-04:00,458.6731014527762,458.98928505430365,456.6673588445365,457.833251953125,21966800
2024-06-07 00:00:00-04:00,457.46763107031757,460.17488126832046,456.32148824669326,457.4281005859375,25829700
2024-06-10 00:00:00-04:00,456.3016830360567,459.63140981144176,456.01513982648595,459.27569580078125,20660800
2024-06-11 00:00:00-04:00,458.001193404112,462.5462342770449,456.5092266656226,462.4276428222656,22053300
2024-06-12 00:00:00-04:00,466.35021160302534,470.80633154634563,465.6585939506412,468.4844055175781,34532600
2024-06-13 00:00:00-04:00,472.01173265680745,472.6737401049363,468.7511763645749,471.023681640625,25859000
2024-06-14 00:00:00-04:00,470.8260628632491,473.5333431716281,470.361677676087,473.46417236328125,23372600
2024-06-17 00:00:00-04:00,473.7309461963046,481.0425179080329,472.42674173146634,479.2640380859375,37054500
2024-06-18 00:00:00-04:00,479.2146698362232,480.0940196286849,477.6535322250408,479.4122619628906,24438600
2024-06-20 00:00:00-04:00,480.6078143162827,481.0227788796813,473.8890489544044,475.7169494628906,33918700
2024-06-21 00:00:00-04:00,475.44026293593026,476.7741378160484,472.9503852718537,474.44232177734375,37456800
2024-06-24 00:00:00-04:00,473.2171889334799,474.9490265120443,468.90245380557906,469.0409851074219,37751000
2024-06-25 00:00:00-04:00,471.129079616459,474.7015984686123,470.1889271812349,474.40472412109375,29014700
2024-06-26 00:00:00-04:00,473.58337252856364,475.92880093044886,473.1677483971883,475.3844909667969,22737100
2024-06-27 00:00:00-04:00,475.1370763918568,478.0861593754013,474.32557950230506,476.6116027832031,26222100
2024-06-28 00:00:00-04:00,477.403281069795,482.1435762094865,473.4942643131208,474.13751220703125,34881600
2024-07-01 00:00:00-04:00,475.05793318372764,477.4824878396145,471.3171649653183,476.9184265136719,24898300
2024-07-02 00:00:00-04:00,475.4241127289852,481.9853087173538,475.2954570898636,481.9259338378906,26723600
2024-07-03 00:00:00-04:00,481.17377316359585,486.0724117323164,481.17377316359585,485.9437561035156,18064900
2024-07-05 00:00:00-04:00,486.7849470721582,491.4460560048313,486.4880424937544,491.0106201171875,28495900
2024-07-08 00:00:00-04:00,491.37678420928336,492.73256089290976,490.35747522663445,492.1783752441406,22109400
2024-07-09 00:00:00-04:00,493.6925021081496,494.8107793015075,491.08979257688713,492.6039123535156,25614500
2024-07-10 00:00:00-04:00,494.5237508797434,498.29420637540426,493.2174734535237,497.7400207519531,28046900
2024-07-11 00:00:00-04:00,497.8489225363497,498.05673460649984,485.6369961812132,486.82452392578125,49966600
2024-07-12 00:00:00-04:00,487.39845569345266,494.43464949995774,486.933332417575,489.6844787597656,37109400
2024-07-15 00:00:00-04:00,491.4559193387255,495.8102781057871,488.9620840273778,491.0007019042969,31151400
2024-07-16 00:00:00-04:00,492.45546558304693,493.2669624935249,488.0318560940838,491.1887512207031,25950600
2024-07-17 00:00:00-04:00,483.21237345638946,483.72696575198995,476.70067742779014,476.7699279785156,56268800
2024-07-18 00:00:00-04:00,480.4909023481686,480.6690269613123,471.32699803901284,474.5135803222656,49347400
2024-07-19 00:00:00-04:00,474.17710163389285,476.6907485196248,469.0211824453809,470.30767822265625,42042900
2024-07-22 00:00:00-04:00,476.1663054051844,478.3335790011108,472.75209900040915,477.31427001953125,40300000
2024-07-23 00:00:00-04:00,476.41370644097475,479.40235260218805,475.1568979647483,475.63189697265625,23282500
2024-07-24 00:00:00-04:00,468.90248253079744,469.2686376662744,457.7098653963061,458.5708312988281,58818600
2024-07-25 00:00:00-04:00,458.90727360561084,463.08347745644176,450.9012394618867,453.5138244628906,59256800
2024-07-26 00:00:00-04:00,457.8484139466182,461.0943714926242,454.998298988983,458.16510009765625,39992100
2024-07-29 00:00:00-04:00,460.87660060595,463.05377989321454,456.8290524680878,459.08538818359375,28218500
2024-07-30 00:00:00-04:00,461.0152138765976,461.7178367342233,449.43662944102124,452.78155517578125,41317200
2024-07-31 00:00:00-04:00,463.0141989264488,467.8831499165186,461.5693600159238,466.1809997558594,44552100
2024-08-01 00:00:00-04:00,466.86386133368035,470.61450517713496,451.2476348425809,454.8894348144531,56653900
2024-08-02 00:00:00-04:00,446.21045588905764,448.86263428021607,439.85707252429887,444.0926513671875,66323200
2024-08-05 00:00:00-04:00,420.3021625718776,437.69972643798087,419.05525994795903,430.8515319824219,87483500
2024-08-06 00:00:00-04:00,432.6922054571562,442.4300770811271,430.04990284842074,434.96832275390625,63164400
2024-08-07 00:00:00-04:00,441.85611726701137,444.3400770278095,429.8619088840542,430.25775146484375,54929200
2024-08-08 00:00:00-04:00,436.48248198323597,444.3301736904715,432.6130580671069,443.41973876953125,47890100
2024-08-09 00:00:00-04:00,442.1034884926195,447.36828199277033,440.98521139268263,445.73541259765625,33574000
2024-08-12 00:00:00-04:00,446.7052488965294,449.6543015423584,443.8946973509151,446.6953430175781,27795000
2024-08-13 00:00:00-04:00,451.0893228391465,458.04636144639977,450.9507613193879,457.7791442871094,40084500
2024-08-14 00:00:00-04:00,458.69948537304487,460.2828556615313,453.6425036465701,457.9275817871094,34733700
2024-08-15 00:00:00-04:00,463.8950151651175,469.89211944188804,463.51895413772047,469.49627685546875,38280600
2024-08-16 00:00:00-04:00,467.71489267478665,471.46556648913753,466.75495864422777,470.0998840332031,38383600
2024-08-19 00:00:00-04:00,470.23847926625564,476.31473980211405,468.4571423782289,476.275146484375,23737700
2024-08-20 00:00:00-04:00,475.36469707718084,477.92781315701507,473.5833602435094,475.275634765625,29209300
2024-08-21 00:00:00-04:00,476.0574073595781,479.34295796614543,474.3453815043976,477.49237060546875,25658800
2024-08-22 00:00:00-04:00,479.8080927390778,480.50083988140653,468.89256861321644,469.9217834472656,37739600
2024-08-23 00:00:00-04:00,474.2662190268282,477.72989443042314,470.3473261692852,475.0183410644531,36061500
2024-08-26 00:00:00-04:00,474.47403729011756,475.3943780311616,468.32846606891127,470.40667724609375,27452600
2024-08-27 00:00:00-04:00,468.7738357857168,472.8807591898748,466.81437423876616,471.8119812011719,27510000
2024-08-28 00:00:00-04:00,471.3468319839668,472.06923634933787,463.0340174366107,466.4580993652344,37372400
2024-08-29 00:00:00-04:00,468.36807210677364,472.9698061378377,464.4986483367516,465.7752685546875,41081500
2024-08-30 00:00:00-04:00,470.1098112366977,471.9504927515124,465.626826998042,471.3270263671875,33466500
2024-09-03 00:00:00-04:00,468.2888929130331,468.41751833575614,454.64200434968836,457.01708984375,44985200
2024-09-04 00:00:00-04:00,453.9096909499647,459.62970181353774,452.9794443561613,455.82952880859375,32505100
2024-09-05 00:00:00-04:00,454.20660310052904,460.53026908790207,453.18729411410754,456.255126953125,34452400
2024-09-06 00:00:00-04:00,455.5525050984152,456.43328283285973,443.53851438742817,444.0333251953125,50624400
2024-09-09 00:00:00-04:00,448.35791362802206,450.73299918390046,445.15154963762876,449.7433776855469,32981200
2024-09-10 00:00:00-04:00,451.50491342000015,454.404527431382,447.5365516543528,453.8998107910156,29680300
2024-09-11 00:00:00-04:00,455.1367841888939,464.49859422789,446.59634662801955,463.7563781738281,57843000
2024-09-12 00:00:00-04:00,463.7861380430132,469.12021274769836,462.004831315396,468.3087158203125,40067800
2024-09-13 00:00:00-04:00,467.57637427019046,471.5843292398022,467.34875045430647,470.40667724609375,29111800
2024-09-16 00:00:00-04:00,468.2789916995769,468.94202118034616,465.0132528878114,468.3284606933594,22585600
2024-09-17 00:00:00-04:00,471.3468556724097,472.64325748454945,466.082061787513,468.5758972167969,30084400
2024-09-18 00:00:00-04:00,469.7733560531388,473.8604676353551,465.9434953333067,466.54718017578125,39909200
2024-09-19 00:00:00-04:00,477.6011982117997,481.1836532649459,475.50320554918557,478.3434143066406,52782500
2024-09-20 00:00:00-04:00,477.4824523914932,478.670010233335,473.33593602484865,477.4329833984375,34577700
2024-09-23 00:00:00-04:00,478.60935989339436,479.7886668451641,477.271487358506,478.69854736328125,24843000
2024-09-24 00:00:00-04:00,480.10574366251944,481.9589315670274,475.85432326157445,481.007568359375,25952600
2024-09-25 00:00:00-04:00,480.3832116885974,483.40581684032236,480.2048367630411,481.4535217285156,26549900
2024-09-26 00:00:00-04:00,488.93568125355074,489.2627322137733,481.4337116875212,485.07073974609375,32020200
2024-09-27 00:00:00-04:00,486.091478815064,486.2302350383357,481.19587618082716,482.37518310546875,22851100
2024-09-30 00:00:00-04:00,481.41389274489046,484.0202596018101,478.5796124436247,483.6833190917969,30281100
2024-10-01 00:00:00-04:00,483.31665887950265,483.61395044024334,473.109215140219,476.9444274902344,42735400
2024-10-02 00:00:00-04:00,476.0425807215539,479.530962836938,473.42632437830656,477.6183166503906,23744000
2024-10-03 00:00:00-04:00,475.4281267258818,480.1948924226941,474.6848676640925,477.2615051269531,25337200
2024-10-04 00:00:00-04:00,483.06886937334593,483.49499732601123,478.054350472024,482.9400329589844,30686600
2024-10-07 00:00:00-04:00,481.0274062437878,482.19679333270193,476.5480119306122,477.7669677734375,24975100
2024-10-08 00:00:00-04:00,480.30397136476074,485.5860530274448,479.50125391077506,484.9022521972656,28272000
2024-10-09 00:00:00-04:00,484.6049266009383,489.2924248153579,483.564375972424,488.7176208496094,24995000
2024-10-10 00:00:00-04:00,486.43836809249575,490.02582759216244,485.1302246664413,488.1627197265625,25750400
2024-10-11 00:00:00-04:00,486.3292429693018,489.94646114070594,485.7643890865945,488.9256896972656,20644500
2024-10-14 00:00:00-04:00,491.3140720656338,494.34656675942244,490.8086764455291,493.0285339355469,26060100
2024-10-15 00:00:00-04:00,493.35556948418406,494.0195609373264,484.2878142839425,486.4383239746094,34784500
2024-10-16 00:00:00-04:00,486.76533460642946,487.2707604745814,483.18779530560226,486.4977722167969,22996800
2024-10-17 00:00:00-04:00,491.97810309485703,492.0276416079537,486.7752890014201,486.8347473144531,27210700
2024-10-18 00:00:00-04:00,489.61949922818457,491.11593737118017,488.86632025661703,490.02581787109375,25335000
2024-10-21 00:00:00-04:00,488.8167753413639,491.7700026314171,486.8942092236496,490.96728515625,30336500
2024-10-22 00:00:00-04:00,488.301460782079,492.9790396580823,487.5482818189782,491.5024108886719,26685800
2024-10-23 00:00:00-04:00,489.1536769704334,489.80774860991164,480.69042485410046,483.9706726074219,39346600
2024-10-24 00:00:00-04:00,487.6870072609626,488.56902265027605,485.0410215796077,487.8951416015625,22024900
2024-10-25 00:00:00-04:00,490.6897586206183,495.7835452221233,489.9861182359376,490.8681335449219,38762100
2024-10-28 00:00:00-04:00,493.97994371032735,494.03940202418397,490.65015716118575,490.94744873046875,20477800
2024-10-29 00:00:00-04:00,491.2645761995589,496.8439798063239,489.41138819730327,495.6646728515625,28014100
2024-10-30 00:00:00-04:00,494.9015658306743,495.85292901449105,491.43302334965017,491.9186096191406,29756000
2024-10-31 00:00:00-04:00,487.954583939498,488.00412245137545,479.40214395365643,479.5012512207031,41245200
2024-11-01 00:00:00-04:00,481.1364259666195,486.33924004761803,480.8391344021652,483.049072265625,33655800
2024-11-04 00:00:00-05:00,482.4445631601672,484.9815519553387,479.8976545652101,481.641845703125,23291600
2024-11-05 00:00:00-05:00,483.2274099331328,488.450063211135,483.13822247067543,487.78607177734375,24353600
2024-11-06 00:00:00-05:00,496.0611094168577,501.85853736147817,495.1097460866686,501.0359802246094,43082200
2024-11-07 00:00:00-05:00,503.830499883296,509.707224088053,503.77104158215326,508.9242858886719,32853100
2024-11-08 00:00:00-05:00,508.4288627704024,510.2919704920393,507.80452026333353,509.5190124511719,22924500
2024-11-11 00:00:00-05:00,510.7379579512957,510.94609229061626,506.3279717617133,509.22174072265625,24167500
2024-11-12 00:00:00-05:00,509.15236530324336,510.0343202052163,505.2477445114932,508.300048828125,25835300
2024-11-13 00:00:00-05:00,507.7946721174008,510.3514400261562,505.36668014613633,507.64599609375,24567400
2024-11-14 00:00:00-05:00,507.30904134011206,508.1811066415075,503.2062364575977,504.11798095703125,28679500
2024-11-15 00:00:00-05:00,498.41964553643646,498.80612454252906,490.04558089937717,492.1069030761719,51461100
2024-11-18 00:00:00-05:00,493.652881689858,497.62685004551037,492.2654707437731,495.52587890625,27080800
2024-11-19 00:00:00-05:00,492.94933575145996,499.42064465302644,492.6123649661754,498.9350280761719,24523000
2024-11-20 00:00:00-05:00,498.63769372570533,498.9548248827178,492.0970072679585,498.6476135253906,29565500
2024-11-21 00:00:00-05:00,501.6900000053646,502.4035299899302,493.088021478257,500.44134521484375,34526700
2024-11-22 00:00:00-05:00,499.8863672514566,501.9773883931018,498.2610927916357,501.2440490722656,23826600
2024-11-25 00:00:00-05:00,505.3170517529333,506.85313861746386,499.727759368047,502.03680419921875,26375200
2024-11-26 00:00:00-05:00,503.51346597969416,505.5549789384047,502.6711298031389,504.732421875,26557100
2024-11-27 00:00:00-05:00,503.6026531011734,503.67200096615676,497.4187167746415,500.7584228515625,24957400
2024-11-29 00:00:00-05:00,501.38275454356886,505.7531216213566,500.7683318681806,505.15850830078125,15334000
2024-12-02 00:00:00-05:00,506.41706928251216,511.61988246214554,506.03056007239013,510.6585693359375,25147200
2024-12-03 00:00:00-05:00,509.33074852467934,512.5019997630951,508.755944494111,512.2244873046875,18597900
2024-12-04 00:00:00-05:00,515.6434895026028,518.8147407281132,514.9299292457346,518.5570678710938,26086200
2024-12-05 00:00:00-05:00,518.6065744020088,519.3299939278061,516.733546890651,517.1200561523438,18169600
2024-12-06 00:00:00-05:00,517.7840589262187,521.9859411713386,517.6552224953138,521.7481079101562,23762600
2024-12-09 00:00:00-05:00,520.8263667260869,521.6191642626006,516.5352676467476,517.6848754882812,20674400
2024-12-10 00:00:00-05:00,518.9138358600111,520.6580271192222,514.4938993957188,515.9209594726562,24350000
2024-12-11 00:00:00-05:00,520.2813419948772,525.8409052468438,519.875053656175,525.1571044921875,32168600
2024-12-12 00:00:00-05:00,522.9373315206931,524.2058562213963,521.2922778164673,521.7679443359375,23577500
2024-12-13 00:00:00-05:00,525.6923406392922,528.3779449247531,522.5607082907461,525.76171875,28780400
2024-12-16 00:00:00-05:00,528.2887896903175,534.3042408794819,528.2094917796982,533.3330078125,31979900
2024-12-17 00:00:00-05:00,531.5392783661994,532.6492071689107,529.3293405604305,530.9843139648438,28579100
2024-12-18 00:00:00-05:00,530.3401310230003,532.0545625405334,510.3811335079535,511.8279724121094,54703200
2024-12-19 00:00:00-05:00,516.5056617171667,517.0705459413463,509.21182628972144,509.5487365722656,46441800
2024-12-20 00:00:00-05:00,505.85214080709005,520.1028974484097,504.71248311633434,513.9982299804688,60530000
2024-12-23 00:00:00-05:00,515.7106302984251,519.3833002478667,512.3159202923702,519.006103515625,29672800
2024-12-24 00:00:00-05:00,520.9515457699987,526.1329411134772,520.3162608023672,526.0436401367188,17558200
2024-12-26 00:00:00-05:00,524.4157698857358,527.3141743842485,522.4206139118845,525.686279296875,19090500
2024-12-27 00:00:00-05:00,522.1228814363513,522.559632331355,514.0330843757536,518.6983642578125,33839600
2024-12-30 00:00:00-05:00,511.7005068634762,515.5220319966776,508.04767821293757,511.79974365234375,34584000
2024-12-31 00:00:00-05:00,513.0802310210817,513.8345638741997,506.48928482473434,507.4521179199219,29117000
2025-01-02 00:00:00-05:00,510.49940358547883,512.8221380642742,501.9728857721829,506.4595031738281,36389800
2025-01-03 00:00:00-05:00,509.5564103096281,515.8099028942349,508.74252327822325,514.747802734375,29059500
2025-01-06 00:00:00-05:00,520.1475802181556,524.0187233784725,518.1722957509822,520.6636962890625,36109700
2025-01-07 00:00:00-05:00,521.7060311004783,522.1030388371797,509.48700174108643,511.3729248046875,36690300
2025-01-08 00:00:00-05:00,511.27365140459267,513.1000201476976,506.7969699488272,511.4622497558594,30777800
2025-01-10 00:00:00-05:00,507.700292461824,507.799529251394,500.1961615298894,503.4419860839844,40532500
2025-01-13 00:00:00-05:00,497.4962392396563,502.28059733248006,496.00732395497107,501.8240051269531,31694200
2025-01-14 00:00:00-05:00,504.9804603188273,506.3899800109314,497.8833040534822,501.3475036621094,33737200
2025-01-15 00:00:00-05:00,509.23879071405617,514.0231181011155,507.6803552886918,512.8816528320312,34957600
2025-01-16 00:00:00-05:00,515.144815906314,515.2242416848954,509.15940797728683,509.2884521484375,28229000
2025-01-17 00:00:00-05:00,518.9861821179226,520.1971979799845,509.3181691473964,517.8843994140625,51837900
2025-01-21 00:00:00-05:00,520.6041714349437,522.0831509199561,516.2168513724278,520.9218139648438,23628000
2025-01-22 00:00:00-05:00,525.6566091124832,529.875202608773,525.3489023631776,527.582275390625,33593000
2025-01-23 00:00:00-05:00,525.1304853393235,528.8230268358762,524.5448792406889,528.7039184570312,23096600
2025-01-24 00:00:00-05:00,529.0810884811151,529.8453571094432,524.2470818339253,525.7161254882812,19878300
2025-01-27 00:00:00-05:00,507.2237947720407,514.162130138184,506.3800700726188,510.41009521484375,60771700
2025-01-28 00:00:00-05:00,511.4125906777684,519.135127001106,507.9980395084438,517.9539184570312,33194200
2025-01-29 00:00:00-05:00,518.5991606876129,518.7282048637726,513.0802502522747,516.981201171875,26649000
2025-01-30 00:00:00-05:00,519.8399100776113,522.2122024136221,514.3805539731445,519.1847534179688,27431300
2025-01-31 00:00:00-05:00,523.0261489535886,527.5921922182381,517.3385119017584,518.4303588867188,38755200
2025-02-03 00:00:00-05:00,509.6755241871737,517.000992221849,507.27342449560086,514.28125,40580800
2025-02-04 00:00:00-05:00,514.7974286874838,521.2295233442737,514.4003603770645,520.59423828125,26046800
2025-02-05 00:00:00-05:00,517.9638671852232,523.11551659981,516.7727228160936,522.9566650390625,21134100
2025-02-06 00:00:00-05:00,523.4628423892975,525.8947492260023,521.8548188906348,525.686279296875,19434500
2025-02-07 00:00:00-05:00,526.2224024701397,528.1678797493125,518.3311390158517,519.0557250976562,29605500
2025-02-10 00:00:00-05:00,523.3239613145266,526.4407721254191,522.8574635645778,525.3389892578125,20852800
2025-02-11 00:00:00-05:00,522.0732896066455,526.0039872775455,521.9442454321847,524.0882568359375,19325500
2025-02-12 00:00:00-05:00,518.4403344445669,525.2794337785684,518.0929450820138,524.39599609375,25009400
2025-02-13 00:00:00-05:00,526.0635838146525,532.2574623508953,525.2794434932922,531.9398803710938,28714800
2025-02-14 00:00:00-05:00,532.0490173479468,534.8581212532781,531.7115032138299,534.1732177734375,17862600
2025-02-18 00:00:00-05:00,535.7414804029439,536.0095045421328,532.078746365208,535.3841552734375,20565000
2025-02-19 00:00:00-05:00,534.5900283086233,536.8134652370089,532.4956355398415,535.5330200195312,19666900
2025-02-20 00:00:00-05:00,534.7488027980122,535.1160636766159,528.5251788659228,533.2598876953125,26550800
2025-02-21 00:00:00-05:00,534.4015384269126,534.4214100198424,521.8251828832033,522.1924438476562,47093800
2025-02-24 00:00:00-05:00,523.979014688761,525.1602231091551,515.6907447415672,516.0281982421875,39268400
2025-02-25 00:00:00-05:00,515.402907751773,515.4823335308943,505.67533996149535,509.52667236328125,48940000
2025-02-26 00:00:00-05:00,511.72043188204816,515.8198568025589,507.5911389871664,510.757568359375,34457600
2025-02-27 00:00:00-05:00,514.3011549788575,515.2342110395801,496.3547446499532,496.5731201171875,52448000
2025-02-28 00:00:00-05:00,496.4341695072467,505.02024211700774,493.2578045883236,504.4147644042969,47654000
2025-03-03 00:00:00-05:00,507.7399630206097,509.2487196326077,489.93253345416554,493.37689208984375,44587200
2025-03-04 00:00:00-05:00,490.5280988504062,500.0174498903787,484.1356867718227,491.8879699707031,67875400
2025-03-05 00:00:00-05:00,492.5331693757525,499.9082555325708,487.6296728031353,498.30023193359375,46323700
2025-03-06 00:00:00-05:00,490.04176688317693,494.895615354215,482.60712565033873,484.59234619140625,57574300
2025-03-07 00:00:00-05:00,483.5599718062666,489.6347411717219,476.9789615630039,488.15576171875,54714700
2025-03-10 00:00:00-04:00,479.87744712390025,480.39359355913183,465.19673274957023,469.2366638183594,76668000
2025-03-11 00:00:00-04:00,468.8594173402994,475.27167052229146,463.5588826960084,468.1149597167969,68760800
2025-03-12 00:00:00-04:00,475.61912817116786,477.50508157643935,468.3035955192933,473.39569091796875,46971100
2025-03-13 00:00:00-04:00,472.73057814566323,472.76035523811606,462.98313932199375,464.8790283203125,46563300
2025-03-14 00:00:00-04:00,470.2292461988736,477.00876061202655,469.62373821824536,476.11541748046875,43563000
2025-03-17 00:00:00-04:00,476.06574086012523,482.2497130174167,474.2691189068619,479.202392578125,41744400
2025-03-18 00:00:00-04:00,475.86727110411596,476.0657749736721,468.91899953639006,471.03326416015625,39072300
2025-03-19 00:00:00-04:00,473.2864373851265,481.74346485411456,471.3607712944133,477.3363037109375,40430300
2025-03-20 00:00:00-04:00,473.3559969844707,480.96930089764913,472.66115766898713,475.7184143066406,36780500
2025-03-21 00:00:00-04:00,470.5765974343295,478.05095050682746,469.41526054496114,477.2866516113281,42234900
2025-03-24 00:00:00-04:00,484.8576491349716,488.60538941404207,481.5373907904982,487.7604064941406,34567200
2025-03-25 00:00:00-04:00,488.4861400211188,490.7029423960745,487.52187103316214,490.54388427734375,26035200
2025-03-26 00:00:00-04:00,489.390696139039,490.24562966600536,479.96673847902554,481.51751708984375,34627100
2025-03-27 00:00:00-04:00,479.55920474042404,483.70454516246133,477.41196560654595,478.77386474609375,33469800
2025-03-28 00:00:00-04:00,476.9745201773356,477.6803158784236,465.2840071747282,466.16876220703125,46363800
2025-03-31 00:00:00-04:00,459.1902923533091,467.08334293131804,454.62739030879317,466.14892578125,53000300
2025-04-01 00:00:00-04:00,464.53844262078127,470.83105198841025,461.6754876852753,469.90655517578125,41156200
2025-04-02 00:00:00-04:00,463.3654253458386,476.7260031222664,463.1069521266998,473.3361511230469,49894500
2025-04-03 00:00:00-04:00,453.742637111202,457.3511902166352,447.4798795534505,447.9967956542969,70456300
2025-04-04 00:00:00-04:00,435.55079068681124,437.7675929050692,420.1722106933594,420.1722106933594,117088400
2025-04-07 00:00:00-04:00,406.24500940343484,440.52125924890055,400.01207316550386,421.1861877441406,161557000
2025-04-08 00:00:00-04:00,435.5706616527368,440.52124286102435,407.3683213181599,413.60125732421875,101248100
2025-04-09 00:00:00-04:00,413.1141801222823,465.0653269802432,412.97499289588256,463.24615478515625,142876900
2025-04-10 00:00:00-04:00,450.8796973929854,452.8976999510687,430.0733899256375,443.5433044433594,108384100
2025-04-11 00:00:00-04:00,442.0222794815872,453.0964608286063,438.72189215337244,451.71466064453125,52483800
2025-04-14 00:00:00-04:00,461.7152518499013,462.30176158755654,449.955174921676,454.7765197753906,43941200
2025-04-15 00:00:00-04:00,455.83021518157193,459.6475186324782,453.454324591476,455.283447265625,35404200
2025-04-16 00:00:00-04:00,446.37639807774553,449.9451788691767,435.17301051795084,441.5550537109375,48980600
2025-04-17 00:00:00-04:00,444.5274509761507,445.10401010316673,438.7517574071589,441.4755859375,44837000
2025-04-21 00:00:00-04:00,435.64027525418857,436.48522787937225,425.40112526573694,430.5505065917969,44149300
2025-04-22 00:00:00-04:00,436.22677695266526,444.9349886334612,435.03385628214005,441.85333251953125,52304400
2025-04-23 00:00:00-04:00,455.46246180935236,460.6416648662758,450.20371452286577,451.873779296875,55801100
2025-04-24 00:00:00-04:00,453.78240723852906,464.89633088737224,453.1362241937562,464.5881652832031,45956100
2025-04-25 00:00:00-04:00,464.210432874224,470.2942617606861,462.639783263479,469.76739501953125,38697100
2025-04-28 00:00:00-04:00,470.2345562596675,472.0040358662156,463.27592382131877,469.61822509765625,33550800
2025-04-29 00:00:00-04:00,467.3915080044207,473.6045731544733,466.8149185696458,472.7198181152344,30613100
2025-04-30 00:00:00-04:00,464.36947606745446,474.37997416490805,459.697238824554,472.6601867675781,46810600
2025-05-01 00:00:00-04:00,480.5532529218463,484.30096287876717,477.89901815565884,478.8334655761719,43316500
2025-05-02 00:00:00-04:00,483.66477784831574,488.00894827712347,481.9648613296433,485.94122314453125,39218100
2025-05-05 00:00:00-04:00,481.73619226756944,486.14000526081196,481.239147089897,483.0583190917969,28309500
2025-05-06 00:00:00-04:00,476.7259901676863,482.1835367600156,475.36409117258444,478.5650634765625,32786300
2025-05-07 00:00:00-04:00,479.2311171129095,482.9291348492083,473.9624497932624,480.44390869140625,38006300
2025-05-08 00:00:00-04:00,485.6430214704163,489.7883921245775,481.3088015351198,485.4044494628906,39577600
2025-05-09 00:00:00-04:00,487.31305654497106,488.63521379310254,483.326774588034,485.0863037109375,27767400
2025-05-12 00:00:00-04:00,503.99391286415016,504.88861854839246,498.51649505607935,504.8488464355469,45090600
2025-05-13 00:00:00-04:00,506.15112683099704,514.3325026354601,505.4155095627927,512.5431518554688,53269600
2025-05-14 00:00:00-04:00,513.7161819509431,516.1616058199734,512.7021901958013,515.6148681640625,47014500
2025-05-15 00:00:00-04:00,513.4676100523011,518.8456125999866,512.125551562593,516.1814575195312,50153300
2025-05-16 00:00:00-04:00,517.5831482665423,518.6170412486316,514.0441884093638,518.4281616210938,48394600
2025-05-19 00:00:00-04:00,511.2010686059385,519.442117353632,511.2010686059385,518.9251708984375,52536200
2025-05-20 00:00:00-04:00,516.4001137065187,517.8515075410328,513.6067220946634,517.1954345703125,42517600
2025-05-21 00:00:00-04:00,513.2190402211261,519.9092488061895,508.21873667770086,510.0080871582031,71292800
2025-05-22 00:00:00-04:00,510.62447644500173,514.6505913275334,509.27252798800356,510.9624938964844,55607200
2025-05-23 00:00:00-04:00,503.1887069260503,508.8152626278632,502.59224657648224,506.2306213378906,58368100
2025-05-27 00:00:00-04:00,513.0998460017336,518.626986864166,511.54906721801433,518.1398315429688,47226300
2025-05-28 00:00:00-04:00,519.0940785672615,520.5852140545883,515.3264980787542,515.8433837890625,46637200
2025-05-29 00:00:00-04:00,523.2196247969079,523.3687019543887,514.2628604553026,516.857421875,58513300
2025-05-30 00:00:00-04:00,516.370303138387,517.6029654866918,508.9046747674079,516.042236328125,67662800
2025-06-02 00:00:00-04:00,514.1832909592489,520.3566139720011,512.9207767791972,520.1180419921875,44762800
2025-06-03 00:00:00-04:00,520.4659496294596,525.6153304447355,519.6010958649408,524.183837890625,44070300
2025-06-04 00:00:00-04:00,524.8896842213366,526.708886650537,522.8617009643712,525.6452026367188,41359300
2025-06-05 00:00:00-04:00,527.0468212855055,529.8998557728775,519.5712423411791,521.6886596679688,61031200
2025-06-06 00:00:00-04:00,526.8679353376542,528.6572860020211,525.0885352856423,526.7883911132812,42467000
2025-06-09 00:00:00-04:00,527.0071545180014,529.2040557008712,525.8838273941709,527.5638427734375,33688700
2025-06-10 00:00:00-04:00,528.0309659877803,531.7389643345455,525.7644714899908,531.0530395507812,40664800
2025-06-11 00:00:00-04:00,532.4546626717411,533.6078414430042,526.9772151943893,529.2636108398438,53701000
2025-06-12 00:00:00-04:00,527.9515275399644,531.4805365276557,527.703004925698,530.5062866210938,34104900
2025-06-13 00:00:00-04:00,524.5616021772432,528.7268432784747,522.6231138097035,523.8458862304688,55814400
2025-06-16 00:00:00-04:00,527.3649873706377,532.2062030416474,527.3152949826874,531.132568359375,37622100
2025-06-17 00:00:00-04:00,528.5678931016404,530.1783148927323,524.790300579849,525.9534301757812,42180900
2025-06-18 00:00:00-04:00,526.9673785901718,529.4029125832193,524.2833826330096,525.8639526367188,43983500
2025-06-20 00:00:00-04:00,529.1145785233912,530.4068839390565,521.7781863439574,523.7166748046875,61643500
2025-06-23 00:00:00-04:00,524.2849177292203,529.6192118620138,521.1400908129034,529.1017456054688,50666100
2025-06-24 00:00:00-04:00,534.3166475371182,538.1083833993794,533.6996241180443,537.1928100585938,45442000
2025-06-25 00:00:00-04:00,539.4618726543914,540.7058813321303,536.7947253384327,538.566162109375,44804200
2025-06-26 00:00:00-04:00,540.7456288167091,544.0497229160504,538.9244439782782,543.6018676757812,43811400
2025-06-27 00:00:00-04:00,544.6369129629151,547.3538082383178,541.9299187322695,545.4629516601562,57577100
2025-06-30 00:00:00-04:00,548.6178491756941,550.1504461683516,546.378633308811,548.9960327148438,45548700
2025-07-01 00:00:00-04:00,547.0950210069877,548.0703649871544,542.0493151839511,544.3681640625,56166700
2025-07-02 00:00:00-04:00,543.5421378206258,548.3589656247289,543.5023514145969,548.159912109375,36538300
2025-07-03 00:00:00-04:00,550.5284872552298,554.5292380064824,550.5284872552298,553.5538940429688,26443500
2025-07-07 00:00:00-04:00,550.8669428006658,551.6830197478901,546.9458251844275,549.3840942382812,45349300
2025-07-08 00:00:00-04:00,550.7275591514004,551.3545443122363,548.4584584278795,549.6925659179688,36153300
2025-07-09 00:00:00-04:00,551.8223265771115,554.9572527460838,550.4489361357153,553.5838623046875,43045500
2025-07-10 00:00:00-04:00,554.2208201829343,554.6288283109999,550.1006487780387,552.7877197265625,34710900
2025-07-11 00:00:00-04:00,550.647990624161,553.126046198862,549.4039819426756,551.543701171875,39618600
2025-07-14 00:00:00-04:00,551.3346156245823,554.2804496744797,548.9859421113066,553.5440063476562,36453300
2025-07-15 00:00:00-04:00,557.5646843377589,558.112036002509,553.9918647207423,554.0515747070312,43277700
2025-07-16 00:00:00-04:00,554.6089344039383,557.5248833529374,548.9163193085661,554.6188354492188,52314700
2025-07-17 00:00:00-04:00,555.3453881761403,559.6148040205102,554.5392729959415,559.1072387695312,40423800
2025-07-18 00:00:00-04:00,560.4208944407413,562.0231629422733,557.2959302535468,558.56982421875,50484700
2025-07-21 00:00:00-04:00,559.3958338406302,563.3467757995568,559.365948479278,561.4658203125,39595200
2025-07-22 00:00:00-04:00,561.5953057671576,561.6450539693269,555.9325754286451,558.5599365234375,43270600
2025-07-23 00:00:00-04:00,559.6447408565938,561.1474524289769,556.8979597699224,561.107666015625,40215300
2025-07-24 00:00:00-04:00,562.4212998555654,563.5259649748344,560.590092369004,562.3018798828125,42275500
2025-07-25 00:00:00-04:00,562.2222340881906,564.9789766749151,561.5654242523398,563.6553344726562,30630800
2025-07-28 00:00:00-04:00,565.0188240471344,566.3125810251406,564.1529987987896,565.4169311523438,31498700
2025-07-29 00:00:00-04:00,568.0243008153843,569.3678058353573,563.8145950597007,564.5410766601562,45463300
2025-07-30 00:00:00-04:00,565.4566306884598,567.88493787487,562.3416283337683,565.2974243164062,43433800
2025-07-31 00:00:00-04:00,571.7861703841629,571.8757657350329,561.1673293990499,562.3018798828125,64613600
2025-08-01 00:00:00-04:00,556.1514446022372,556.3405363278684,549.0356915374143,551.2251586914062,69400800
2025-08-04 00:00:00-04:00,556.3703965814645,561.6151562999452,556.2709001900665,561.3961791992188,47669800
2025-08-05 00:00:00-04:00,562.6799876518158,563.8443626007596,557.047083143738,557.5845336914062,48666600
2025-08-06 00:00:00-04:00,558.4205125100245,565.0386624956789,557.9428326498341,564.6007690429688,41823700
2025-08-07 00:00:00-04:00,568.9299422883823,570.5720580592475,562.4013871009583,566.5115966796875,44463000
2025-08-08 00:00:00-04:00,567.7157577691117,572.0150586353669,567.4172078636645,571.7960815429688,35255500
2025-08-11 00:00:00-04:00,571.9354554685915,574.0353274481827,568.8304148017489,570.104248046875,33112900
2025-08-12 00:00:00-04:00,572.4031988590039,577.5683253251331,569.7460133279651,577.269775390625,42143300
2025-08-13 00:00:00-04:00,579.9667330931853,580.5240464797514,576.165035771658,577.558349609375,41209300
2025-08-14 00:00:00-04:00,575.508266162602,579.0909866487473,575.139983732242,577.1105346679688,45425000
2025-08-15 00:00:00-04:00,577.0209239007323,577.060771050305,572.811218330625,574.57275390625,49480200
2025-08-18 00:00:00-04:00,573.67703945311,575.0006815724842,572.4827790837365,574.3438110351562,29831000
2025-08-19 00:00:00-04:00,573.6272978127284,573.7964659713523,565.5262993771687,566.5513916015625,53752600
2025-08-20 00:00:00-04:00,565.6059676042936,565.7253875756548,556.1614636230435,563.1876220703125,76781100
2025-08-21 00:00:00-04:00,561.6450181787756,563.774775630925,558.2911756152315,560.5802001953125,46436900
2025-08-22 00:00:00-04:00,561.9634564557491,571.238791941298,560.5702032580724,569.2284545898438,51502100
2025-08-25 00:00:00-04:00,567.6660593438861,570.542161218221,566.4319517221652,567.58642578125,34044700
2025-08-26 00:00:00-04:00,567.0987131018536,570.1738681264644,566.0736209319145,569.8653564453125,34103000
2025-08-27 00:00:00-04:00,568.8503542214644,571.6567843025553,567.6361701841732,570.7412109375,36927100
2025-08-28 00:00:00-04:00,571.3582297430389,575.2295992365423,569.7161747720991,574.3140258789062,46787900
2025-08-29 00:00:00-04:00,571.9055458127416,572.273828233091,565.8148847062891,567.666015625,56030400
2025-09-02 00:00:00-04:00,558.6195355636612,563.2571726003424,556.8580000613789,562.9088745117188,65876800
2025-09-03 00:00:00-04:00,566.5015849549442,568.9597775003773,564.0135677896833,567.3375854492188,54230200
2025-09-04 00:00:00-04:00,568.0043701424134,572.8410610450118,566.3026052373926,572.4728393554688,47526300
2025-09-05 00:00:00-04:00,577.707586970244,578.3345721151251,568.7905728965633,573.298828125,68342500
2025-09-08 00:00:00-04:00,575.5977945125156,578.0559870759845,575.0006946855148,576.0953979492188,46371400
2025-09-09 00:00:00-04:00,576.8915385805233,578.1554707195171,574.274139701763,577.7275390625,44007600
2025-09-10 00:00:00-04:00,580.942094267134,580.9719796320359,575.7769677758832,577.9166870117188,49308000
2025-09-11 00:00:00-04:00,580.4443950823623,582.0765487866307,578.8321649514098,581.2803955078125,44745800
2025-09-12 00:00:00-04:00,582.2358530939185,585.0423439865303,581.3003561297145,583.8480834960938,50745900
2025-09-15 00:00:00-04:00,585.6195335974215,588.9534523182087,585.4702282697297,588.843994140625,44360300
2025-09-16 00:00:00-04:00,589.7695130089575,590.018314719858,587.6596793599289,588.3463745117188,36942100
2025-09-17 00:00:00-04:00,588.2667613743852,588.9136701422223,581.5690385221046,587.1720581054688,69384800
2025-09-18 00:00:00-04:00,592.058483907603,595.2730433570825,590.1178791327126,592.466552734375,61069300
2025-09-19 00:00:00-04:00,594.4668964152456,597.173829761915,592.9939490424024,596.4771728515625,58196100
2025-09-22 00:00:00-04:00,595.56457167487,600.6759063866804,595.5446250028239,600.0083618164062,57154800
2025-09-23 00:00:00-04:00,600.1776946146698,600.376978885606,594.8072966999976,596.0228881835938,64635500
2025-09-24 00:00:00-04:00,597.3979183069385,597.7167610032964,591.2005236200914,593.9305419921875,49850300
2025-09-25 00:00:00-04:00,590.0447574609248,592.9541133753095,586.358211090951,591.3699340820312,70920200
2025-09-26 00:00:00-04:00,592.1868651388552,594.1297803627111,588.9088608410209,593.8009643554688,54337400
2025-09-29 00:00:00-04:00,596.929586249639,599.858888854889,595.2357610619866,596.5509643554688,48332900
2025-09-30 00:00:00-04:00,596.2520555976123,598.5237869140956,593.9305184146496,598.1849975585938,46533800
2025-10-01 00:00:00-04:00,594.9966151966095,601.592517201177,594.1696797218984,601.0545043945312,46899600
2025-10-02 00:00:00-04:00,604.8506893778672,604.950301116935,600.7357150581139,603.5255126953125,43765400
2025-10-03 00:00:00-04:00,604.3027001978111,605.1197232184186,599.2013385970163,600.9848022460938,46482100
2025-10-06 00:00:00-04:00,606.2355880916678,607.1422494333636,603.7645725777412,605.498291015625,41962100
2025-10-07 00:00:00-04:00,606.8035939044607,607.4910851983766,600.835403229105,602.3099975585938,58209500
2025-10-08 00:00:00-04:00,603.2066381307736,609.523591030116,603.0572205300643,609.2147216796875,50629800
2025-10-09 00:00:00-04:00,609.2545466200572,609.3840783602061,605.2691043090726,608.4774169921875,45551000
2025-10-10 00:00:00-04:00,609.1748739271294,610.9483641105261,586.9061788056832,587.3545532226562,97614800
2025-10-13 00:00:00-04:00,597.497493628088,600.7556121211176,595.056398092238,599.8190307617188,65872600
2025-10-14 00:00:00-04:00,593.1434568492728,600.4966033203683,587.9823159734815,595.8236694335938,69203200
2025-10-15 00:00:00-04:00,601.8117836952674,604.4919961772353,593.7611729131481,600.0282592773438,62805500
2025-10-16 00:00:00-04:00,602.9077579751356,606.0961241101174,593.3327470469682,597.806396484375,70982000
2025-10-17 00:00:00-04:00,595.7738386787643,603.306322454893,594.1995718879336,601.7320556640625,72024900
2025-10-20 00:00:00-04:00,604.9303809627713,610.5697551235123,604.8606284241672,609.3143310546875,45761700
2025-10-21 00:00:00-04:00,609.4139706950965,610.4899962848245,607.1024069621277,609.1549072265625,44538200
2025-10-22 00:00:00-04:00,608.5969960402966,609.1848147458128,597.5573034367524,603.286376953125,61478800
2025-10-23 00:00:00-04:00,602.7085014161719,609.1450131867009,602.319966975814,608.35791015625,42844300
2025-10-24 00:00:00-04:00,613.7481193370727,616.1692681518385,612.8912638677524,614.8540649414062,47632500
2025-10-27 00:00:00-04:00,622.2471843336021,626.2624862060553,621.7589773359792,625.80419921875,54098600
2025-10-28 00:00:00-04:00,628.0658354818435,632.3701204498367,626.9598898422056,630.6165161132812,61195700
2025-10-29 00:00:00-04:00,633.276839153424,634.69165413006,627.9562469711387,633.4561767578125,67422800
2025-10-30 00:00:00-04:00,629.869267455657,631.1944440896802,623.6619603385896,623.7715454101562,61628600
2025-10-31 00:00:00-04:00,631.8619934183905,631.8919134270566,624.4092354874234,626.7805786132812,66305100
2025-11-03 00:00:00-05:00,632.7986042633725,633.5060422247587,627.5577374609765,629.7796630859375,37154300
2025-11-04 00:00:00-05:00,621.0117005353788,624.6683271251044,616.2092348629542,616.996337890625,63830800
2025-11-05 00:00:00-05:00,616.2390515684897,624.3195213581258,614.9637416360841,621.0116577148438,48688500
2025-11-06 00:00:00-05:00,619.5270116741043,619.776101814492,608.078838551967,609.44384765625,72115100
2025-11-07 00:00:00-05:00,606.0961466218313,607.7301926884926,596.4912153281726,607.5209350585938,81835400
2025-11-10 00:00:00-05:00,616.6674802752618,622.0378784586748,614.644899897251,620.9617919921875,55919900
2025-11-11 00:00:00-05:00,618.3115007347396,620.4536395227035,615.2726130875191,619.307861328125,44868800
2025-11-12 00:00:00-05:00,622.5659665942537,622.5858524528388,615.5615225825271,618.8196411132812,47444400
2025-11-13 00:00:00-05:00,615.2925422980531,615.8704485105809,603.8742880136988,606.1858520507812,71333600
2025-11-14 00:00:00-05:00,597.3679290922347,611.1176919097272,594.9965862233795,606.64404296875,80087300
2025-11-17 00:00:00-05:00,604.0934192729386,610.2509204798646,597.6868279161546,601.4630126953125,63850400
2025-11-18 00:00:00-05:00,597.4377215700049,600.1179339423381,589.1878876531316,594.1397705078125,83327300
2025-11-19 00:00:00-05:00,594.897031094223,603.9539148983285,592.4260762649179,597.6868286132812,73111500
2025-11-20 00:00:00-05:00,609.3940836964333,611.7953468701894,582.6218784315797,583.5385131835938,117743200
2025-11-21 00:00:00-05:00,585.3319113971087,594.807310091711,578.6264242609341,587.9224853515625,103344200
2025-11-24 00:00:00-05:00,593.1135933516537,604.4720682054578,592.9939741263881,602.9575805664062,60168100
2025-11-25 00:00:00-05:00,601.3136469136847,608.0390815394395,595.1461718391749,606.674072265625,57560900
2025-11-26 00:00:00-05:00,610.2808195033393,613.9474190856081,608.1685399702174,612.034423828125,42393600
2025-11-28 00:00:00-05:00,613.8677508272276,617.0660904342964,613.1802595402138,616.996337890625,23034400
2025-12-01 00:00:00-05:00,611.3967336448243,617.1855860502521,610.2907880213397,614.923828125,40957600
2025-12-02 00:00:00-05:00,617.2055331651553,621.4798980663827,615.3423437866954,619.7362670898438,54541800
2025-12-03 00:00:00-05:00,617.3649627124794,621.9481972408511,615.7807833814271,621.2507934570312,47841600
2025-12-04 00:00:00-05:00,622.6555993528335,622.6655726885474,617.2852013230104,620.6728515625,47067800
2025-12-05 00:00:00-05:00,622.1077018660956,626.6311575742,621.4401572213803,623.2036743164062,53614200
2025-12-08 00:00:00-05:00,624.9273247300189,626.5513972974647,619.4273950138578,622.0079956054688,43462400
2025-12-09 00:00:00-05:00,620.7426537012356,623.5922305440594,618.7399590794447,622.7752075195312,37156000
2025-12-10 00:00:00-05:00,621.5795410824109,626.920080160108,618.7299643381673,625.3258666992188,55031400
2025-12-11 00:00:00-05:00,621.5497401616841,623.5026290294861,615.4719033941835,623.3033447265625,58272800
2025-12-12 00:00:00-05:00,619.8160122611713,621.2706598008424,609.1349951238292,611.3867797851562,75158700
2025-12-15 00:00:00-05:00,616.1195138735233,616.1693197420918,607.102462393675,608.3179931640625,49538200
2025-12-16 00:00:00-05:00,606.0462710202155,611.2771638485672,604.7011478051123,609.5235595703125,55152800
2025-12-17 00:00:00-05:00,610.8287773715621,611.4166568355257,598.0953215609716,598.2247924804688,70654300
2025-12-18 00:00:00-05:00,607.5806797208244,610.6992932536183,604.7111563372118,606.8931884765625,78875800
2025-12-19 00:00:00-05:00,609.722845815118,615.372193060386,609.6431199441153,614.8042602539062,60369800
2025-12-22 00:00:00-05:00,619.8862552767364,620.1855972768566,616.3147325600856,617.7513427734375,43703100
2025-12-23 00:00:00-05:00,616.7437078609482,620.9437513214359,616.3247143117193,620.6444702148438,41120400
2025-12-24 00:00:00-05:00,620.5247726871431,622.809417120355,620.255389239048,622.460205078125,18468700
2025-12-26 00:00:00-05:00,623.1884938656726,624.0465142854792,621.6721158574088,622.4203491210938,28959800
2025-12-29 00:00:00-05:00,618.6392040742111,621.312944373981,617.2724362589381,619.4074096679688,32458300
2025-12-30 00:00:00-05:00,618.3798323976478,620.7142858196408,617.7612369489017,617.9707641601562,31226800
2025-12-31 00:00:00-05:00,618.1903012408169,618.4995685313527,612.6034567489972,612.8628540039062,40746500
2026-01-02 00:00:00-05:00,618.5993129536024,621.3827185880021,608.7126848809434,611.6756591796875,61859200
2026-01-05 00:00:00-05:00,617.8610636312775,619.3475438678657,615.2671519649484,616.5341796875,46828400
2026-01-06 00:00:00-05:00,617.7712838046286,622.550039153126,617.0829067758982,621.951416015625,43137500
2026-01-07 00:00:00-05:00,621.5723159557587,626.4607976434537,621.0934661514185,622.550048828125,44880300
2026-01-08 00:00:00-05:00,621.5623898130801,621.9514248328863,616.3446684463296,619.0083618164062,50435900
2026-01-09 00:00:00-05:00,619.946120817708,626.4108973206594,617.6016810573577,625.173828125,49688700
2026-01-12 00:00:00-05:00,620.8440291770474,627.368601054656,620.7941591397378,625.6925659179688,37388700
2026-01-13 00:00:00-05:00,625.7923733874012,627.9871421828441,622.2307758506613,624.7647705078125,44481400
2026-01-14 00:00:00-05:00,620.7741807448011,621.9813522711377,613.1122798122711,618.0905151367188,72598700
2026-01-15 00:00:00-05:00,625.1238996016858,628.5159146085045,619.2877047511574,620.3153076171875,53934900
2026-01-16 00:00:00-05:00,624.0265108868263,624.6051616315584,617.4221104790464,619.7965087890625,61058100
2026-01-20 00:00:00-05:00,609.0918377338978,613.611135001854,605.6199939698072,606.6276245117188,81988900
2026-01-21 00:00:00-05:00,608.0342310571399,618.958448118544,606.4280383777512,614.8282470703125,79837900
2026-01-22 00:00:00-05:00,620.8838887514372,620.9936758988773,616.3247080096578,619.2976684570312,42254800
2026-01-23 00:00:00-05:00,618.2701049354484,623.9267921630139,617.1926928942361,621.2530517578125,43645800
2026-01-26 00:00:00-05:00,621.7419335987944,626.1315320367429,620.654474506515,623.9866333007812,35983000
2026-01-27 00:00:00-05:00,627.428447510711,630.5510790290263,625.8621995501378,629.6432495117188,38997200
2026-01-28 00:00:00-05:00,633.9630457840011,635.1003139672691,630.3216198646463,631.728271484375,50691700
2026-01-29 00:00:00-05:00,631.1596506954837,632.1772064107698,616.8135217006399,627.9472045898438,79944000
2026-01-30 00:00:00-05:00,624.2360100363766,626.7799907137291,617.8410762491409,620.405029296875,65650700
2026-02-02 00:00:00-05:00,617.2425627681274,627.0094788951942,617.2026180242116,624.6650390625,49020300
2026-02-03 00:00:00-05:00,626.8199062679399,628.4959413976924,609.5207880738473,615.0676879882812,81234000
2026-02-04 00:00:00-05:00,613.5711796318161,613.6509473291842,599.0554072347201,604.322998046875,81850700
2026-02-05 00:00:00-05:00,598.7960977080248,603.3852370585454,593.3589241811554,595.6235961914062,89354500
2026-02-06 00:00:00-05:00,598.7761302609774,609.9696699932801,597.3594924154261,608.2138671875,78019300
2026-02-09 00:00:00-05:00,606.1088060763491,615.0078372205985,603.6446538426547,612.8728637695312,56797600
2026-02-10 00:00:00-05:00,613.8605219833995,615.566515685603,609.5706636004911,610.029541015625,53938900
2026-02-11 00:00:00-05:00,614.9280269463444,616.0653561148772,606.2584951427149,611.6657104492188,58575100
2026-02-12 00:00:00-05:00,613.2619605146361,614.3593449076634,598.1576109292407,599.22509765625,81378900
2026-02-13 00:00:00-05:00,599.0155339597561,605.0512695366964,595.0149707463246,600.5020141601562,69237500
2026-02-17 00:00:00-05:00,596.9703796848319,602.527265543405,591.9422745141455,599.8834838867188,69013800
2026-02-18 00:00:00-05:00,600.6916520079001,608.333642172117,599.3049116850376,604.3629760742188,64250700
2026-02-19 00:00:00-05:00,601.3899214380363,604.3928403408552,599.3347767407971,602.04833984375,60960800
2026-02-20 00:00:00-05:00,598.70626248816,608.9121436812641,597.8183444916572,607.3757934570312,74127300
2026-02-23 00:00:00-05:00,605.1809875790976,606.5777139403463,597.6387991893799,599.9932250976562,63859100
2026-02-24 00:00:00-05:00,600.9809641013653,607.5554060860559,598.3172099190714,606.4380493164062,55023700
2026-02-25 00:00:00-05:00,609.6305248735758,615.3769659271486,609.5606824638733,615.227294921875,55710700
2026-02-26 00:00:00-05:00,614.1398874724765,614.1398874724765,602.5571907580546,607.8048095703125,96178900
2026-02-27 00:00:00-05:00,601.5595911757949,606.8870389785335,600.7714740333364,605.8594360351562,68125200
2026-03-02 00:00:00-05:00,597.449233707877,608.4831769130049,596.5812880631398,606.6575317382812,75264600
2026-03-03 00:00:00-05:00,594.9252095120197,602.5372399706525,590.4756942596103,600.162841796875,97015500
2026-03-04 00:00:00-05:00,602.7367159421393,611.436205359631,602.0084551337541,609.3112182617188,70943900
2026-03-05 00:00:00-05:00,605.9691941386595,611.3165531665334,600.8412876368789,607.4755859375,89602400
2026-03-06 00:00:00-05:00,598.8958365654587,604.5724349663923,596.9205203720956,598.337158203125,86302300
2026-03-09 00:00:00-04:00,592.83015152989,607.8347607375977,589.9370196014203,606.3283081054688,93068200
2026-03-10 00:00:00-04:00,606.3483040570791,611.8452732023572,603.9938171455258,606.3383178710938,64078900
2026-03-11 00:00:00-04:00,607.5154643204306,610.9872467457833,603.6047159994632,606.2584228515625,60114800
2026-03-12 00:00:00-04:00,601.3400708370464,602.716824803038,595.6435001258386,595.85302734375,71836600
2026-03-13 00:00:00-04:00,598.3172021392496,602.1780807449821,591.1740956767717,592.3213500976562,63145500
2026-03-16 00:00:00-04:00,598.6264723831473,602.4374809704295,597.6986704778886,598.9656982421875,49077200
2026-03-17 00:00:00-04:00,601.7192114600242,604.4727195335382,600.4521836848432,601.8887939453125,47106600
2026-03-18 00:00:00-04:00,600.0730994941966,601.7391485345295,593.1594313501803,593.4986572265625,56128000
2026-03-19 00:00:00-04:00,588.1213056121308,594.3964663870662,585.6970372512312,591.623046875,75597600
2026-03-20 00:00:00-04:00,589.6676415345306,589.777367794347,577.177115328303,580.6888427734375,91964700
2026-03-23 00:00:00-04:00,589.8718065319924,594.426798587646,585.316814476339,587.3545532226562,89936100
2026-03-24 00:00:00-04:00,584.168034177979,587.2846043834495,581.291190762444,583.3389282226562,57750900
2026-03-25 00:00:00-04:00,588.4933019738706,590.7208345412774,585.0470769253521,587.1747436523438,60475500
2026-03-26 00:00:00-04:00,581.9604215239336,583.9882223389391,572.8005050402526,573.1600952148438,81492100
2026-03-27 00:00:00-04:00,570.1834096572744,570.3932010852176,560.953562318283,561.9624633789062,82702200
2026-03-30 00:00:00-04:00,566.7571613464482,567.4264087803426,554.990063621082,557.6671752929688,70602600
2026-03-31 00:00:00-04:00,563.6705222317372,578.0048059355398,563.5906539497258,576.54638671875,95878000
2026-04-01 00:00:00-04:00,580.8416686249938,587.0948065489223,579.7828346644924,583.6685791015625,79435100
2026-04-02 00:00:00-04:00,573.3399058573888,585.4066623334502,571.2921684003409,584.3378295898438,50941700
2026-04-06 00:00:00-04:00,585.5864761740653,589.9616731281693,584.04818857967,587.85400390625,35108500
2026-04-07 00:00:00-04:00,584.9971348275072,588.33343423744,577.7650922119919,587.9439086914062,49948200
2026-04-08 00:00:00-04:00,608.0418015962135,609.2304976949432,601.4590090396181,605.4246826171875,63086000
2026-04-09 00:00:00-04:00,605.2648690435934,609.8298599139192,602.3680889271087,609.5202026367188,37837500
2026-04-10 00:00:00-04:00,611.1684052317679,612.9963525292593,608.9108762966896,610.3992309570312,34038500
2026-04-13 00:00:00-04:00,608.8109292631304,626.0519920071752,607.4424380458482,616.7122802734375,32972100
2026-04-14 00:00:00-04:00,619.5391066149297,627.909912109375,619.4192432257902,627.909912109375,49921100
2026-04-15 00:00:00-04:00,628.389443361703,637.1298380333551,627.5104045058445,636.7003173828125,50102400
2026-04-16 00:00:00-04:00,638.508341093032,641.4750515662109,634.5626649382287,639.7669067382812,42320600
2026-04-17 00:00:00-04:00,644.8813252169399,649.2864572780229,643.3629742993419,648.1376953125,53488900
2026-04-20 00:00:00-04:00,647.3285838511964,648.0478251654257,641.8146849601577,646.0799560546875,37138500
2026-04-21 00:00:00-04:00,647.6981578004061,649.4862317832127,641.5050128476822,643.6226806640625,39580500
2026-04-22 00:00:00-04:00,649.4363527672372,654.6106593494021,647.8081371457112,654.390869140625,37368400
2026-04-23 00:00:00-04:00,652.8325617169355,656.1988574654163,644.8114082493845,650.7048950195312,40099800
2026-04-24 00:00:00-04:00,657.7871447947734,663.7805584259092,655.8093378063087,663.1512451171875,45563100
2026-04-27 00:00:00-04:00,662.6718094811696,663.7006471456002,659.9647623025988,663.5008544921875,32717000
2026-04-28 00:00:00-04:00,656.6883250827437,658.9159186391063,653.0923012400261,656.8281860351562,34147900
2026-04-29 00:00:00-04:00,657.906975030037,660.9935487523345,655.8692364466933,660.84375,31724900
2026-04-30 00:00:00-04:00,664.6195670718752,668.165718724101,656.8381407338443,667.0069580078125,40622200
2026-05-01 00:00:00-04:00,668.425399726581,675.2279215792395,668.0658095505829,673.4099731445312,39172600
2026-05-04 00:00:00-04:00,673.9193717407993,675.9871067346722,668.165745937857,672.141357421875,34542000
2026-05-05 00:00:00-04:00,677.2157986999623,682.0205161358222,676.7662804889583,680.8617553710938,37101100
2026-05-06 00:00:00-04:00,687.0250065058129,695.1660231170968,685.7263848294704,695.0062255859375,38778500
2026-05-07 00:00:00-04:00,695.8153383268437,700.4701959320079,691.0106209986512,694.1771240234375,43779100
2026-05-08 00:00:00-04:00,699.1516368844667,710.44921875,698.7321150158692,710.44921875,44320400
2026-05-11 00:00:00-04:00,709.5801817559162,713.805579696499,708.1317613118729,712.5069580078125,36019100
2026-05-12 00:00:00-04:00,707.4425277497028,709.4003981235137,695.8752835015275,706.463623046875,45873000
2026-05-13 00:00:00-04:00,709.1806902070881,715.8633489513101,704.0563165931343,713.9254760742188,40012500
2026-05-14 00:00:00-04:00,713.8355094170396,721.2374091114184,713.4359241362712,718.9998168945312,33327500
2026-05-15 00:00:00-04:00,709.3604881552494,714.3450008365951,704.7754998097428,708.1517944335938,51792700
2026-05-18 00:00:00-04:00,710.7588622671137,711.2883097073819,698.0827906816122,705.1051025390625,49834500
2026-05-19 00:00:00-04:00,699.0418050981273,705.714465040699,694.4868131207006,700.7599487304688,46827500
2026-05-20 00:00:00-04:00,704.5157692199168,712.3671875,703.0174157954351,712.3671875,36779200
2026-05-21 00:00:00-04:00,708.2116871156971,716.3327671783537,705.9941534147096,713.7256469726562,36415400
2026-05-22 00:00:00-04:00,717.2817668085307,721.3273088449104,715.1640988544713,716.7523193359375,33118600
2026-05-26 00:00:00-04:00,725.1631283460116,730.3673702569255,723.3650554496121,729.4783935546875,34254700
2026-05-27 00:00:00-04:00,732.155448805963,732.515039000156,724.6436840304248,728.6492919921875,35148700
2026-05-28 00:00:00-04:00,728.9289290608506,735.7913827320126,725.6125662306399,734.79248046875,32840000
2026-05-29 00:00:00-04:00,737.0300569298091,740.815874477768,734.4428732975097,737.49951171875,37541700
2026-06-01 00:00:00-04:00,736.2309273283665,744.8315224447946,735.1820921097265,741.9246826171875,33890600
2026-06-02 00:00:00-04:00,741.5850600741305,745.6206032443648,738.4184960219842,745.3408813476562,30085200
2026-06-03 00:00:00-04:00,746.4896389980919,747.828194840854,740.1965670083828,743.39306640625,40270200
2026-06-04 00:00:00-04:00,734.6726235372454,742.6838392688934,731.815777671541,739.7969970703125,40782600
2026-06-05 00:00:00-04:00,729.2585667367451,730.8867822650427,703.5468328396532,704.2860107421875,99606600
2026-06-08 00:00:00-04:00,717.0220156925686,722.2363170978037,712.2872288217055,715.283935546875,47401500
2026-06-09 00:00:00-04:00,722.1863106332692,724.863361278284,685.6165148330579,707.052978515625,91932200
2026-06-10 00:00:00-04:00,700.8897497708573,710.4992458337158,692.1693523412803,692.9285278320312,65334300
2026-06-11 00:00:00-04:00,698.5223198057862,717.5813914617661,694.2370511794155,716.332763671875,71798900
2026-06-12 00:00:00-04:00,716.8222099862159,723.2152086039907,710.4992028084189,720.5481567382812,51168400
2026-06-15 00:00:00-04:00,737.2897407963812,743.9424640540115,736.5705604269921,743.1832885742188,46710200
2026-06-16 00:00:00-04:00,741.4351902855873,743.4029984406948,728.8390476265988,729.0587768554688,45348700
2026-06-17 00:00:00-04:00,734.38293083454,734.8723831709506,720.058646070882,721.7168579101562,51669300
2026-06-18 00:00:00-04:00,736.390778085872,741.005701773832,731.7059239216511,739.8070068359375,50154600
2026-06-22 00:00:00-04:00,742.02001953125,745.4500122070312,734.3900146484375,737.9500122070312,43518600
2026-06-23 00:00:00-04:00,715.739990234375,723.6099853515625,712.1099853515625,713.6500244140625,53354200
2026-06-24 00:00:00-04:00,715.3699951171875,719.9299926757812,704.4500122070312,710.6199951171875,52480400
2026-06-25 00:00:00-04:00,725.9000244140625,726.8300170898438,705.2999877929688,716.3800048828125,49668000
2026-06-26 00:00:00-04:00,707.1300048828125,715.5599975585938,702.8099975585938,706.52001953125,47081800
2026-06-29 00:00:00-04:00,713.989990234375,724.5800170898438,705.1699829101562,724.0800170898438,44939100
2026-06-30 00:00:00-04:00,724.1799926757812,737.6199951171875,723.9099731445312,736.4000244140625,42121800
2026-07-01 00:00:00-04:00,729.1900024414062,731.9199829101562,724.5999755859375,725.1699829101562,40803800
2026-07-02 00:00:00-04:00,725.5800170898438,730.8300170898438,707.5599975585938,712.5999755859375,50959800
2026-07-06 00:00:00-04:00,719.9299926757812,726.0800170898438,718.4500122070312,722.8200073242188,30220400
2026-07-07 00:00:00-04:00,714.1699829101562,716.3499755859375,704.9000244140625,709.4299926757812,42483100
2026-07-08 00:00:00-04:00,704.9500122070312,712.260009765625,700.9099731445312,711.4400024414062,35603200
2026-07-09 00:00:00-04:00,718.3300170898438,724.22998046875,715.1300048828125,723.280029296875,33654700
2026-07-10 00:00:00-04:00,720.7000122070312,726.3900146484375,717.0,725.510009765625,26415900
2026-07-13 00:00:00-04:00,717.719970703125,718.739990234375,710.0800170898438,711.739990234375,36552400
2026-07-14 00:00:00-04:00,720.219970703125,722.2899780273438,714.3400268554688,719.6900024414062,29448100
2026-07-15 00:00:00-04:00,723.8499755859375,724.3599853515625,710.22998046875,717.739990234375,32627600
2026-07-16 00:00:00-04:00,712.010009765625,713.5999755859375,702.6099853515625,705.9400024414062,39402000
2026-07-17 00:00:00-04:00,691.6500244140625,702.2999877929688,686.760009765625,695.3300170898438,54109300
2026-07-20 00:00:00-04:00,702.1599731445312,705.7999877929688,695.510009765625,696.0599975585938,29687600
2026-07-21 00:00:00-04:00,706.5700073242188,710.0499877929688,702.7999877929688,708.969970703125,33728300
2026-07-22 00:00:00-04:00,703.6199951171875,709.6500244140625,703.6199951171875,705.3499755859375,23692200
2026-07-23 00:00:00-04:00,694.6699829101562,698.6599731445312,687.7899780273438,691.9600219726562,44028600
2026-07-24 00:00:00-04:00,690.4099731445312,692.6300048828125,682.47998046875,684.22998046875,42876700
2026-07-27 00:00:00-04:00,691.6799926757812,692.2999877929688,675.9500122070312,682.1199951171875,42681500
2026-07-28 00:00:00-04:00,676.22998046875,679.4000244140625,667.8800048828125,675.489990234375,51398700
2026-07-29 00:00:00-04:00,675.510009765625,680.0499877929688,661.1400146484375,661.72998046875,57233300
2026-07-30 00:00:00-04:00,674.760009765625,685.1199951171875,673.2999877929688,683.5499877929688,66753700
2026-07-31 00:00:00-04:00,692.1099853515625,695.77001953125,680.0499877929688,687.989990234375,50540500
2026-08-03 00:00:00-04:00,688.2999877929688,701.5900268554688,685.8200073242188,700.0700073242188,44965100
2026-08-04 00:00:00-04:00,708.1599731445312,725.6599731445312,707.530029296875,723.8499755859375,59778600
2026-08-05 00:00:00-04:00,726.25,728.5399780273438,716.9199829101562,717.2999877929688,33540200
2026-08-06 00:00:00-04:00,710.8200073242188,719.3200073242188,708.5,714.6500244140625,33035900
2026-08-07 00:00:00-04:00,720.1500244140625,723.6300048828125,716.510009765625,723.030029296875,31070400
2026-08-10 00:00:00-04:00,722.3900146484375,724.6699829101562,720.3300170898438,720.8699951171875,26243200
2026-08-11 00:00:00-04:00,723.2899780273438,723.3499755859375,715.5,718.4500122070312,29286100
2026-08-12 00:00:00-04:00,727.0800170898438,727.25,722.9199829101562,723.7000122070312,29066000
2026-08-13 00:00:00-04:00,725.1500244140625,733.9600219726562,724.030029296875,732.0700073242188,31599700
2026-08-14 00:00:00-04:00,733.4099731445312,734.3900146484375,728.3200073242188,731.0700073242188,23790600
2026-08-17 00:00:00-04:00,732.9500122070312,734.5800170898438,729.27001953125,729.8699951171875,26452600
2026-08-18 00:00:00-04:00,720.2100219726562,722.1300048828125,715.9199829101562,717.510009765625,48997200
2026-08-19 00:00:00-04:00,720.3900146484375,721.5,712.6099853515625,716.0800170898438,35801700
2026-08-20 00:00:00-04:00,712.0900268554688,714.9400024414062,708.52001953125,710.9299926757812,33396400
2026-08-21 00:00:00-04:00,715.22998046875,715.6699829101562,709.2000122070312,713.4400024414062,33399400
2026-08-24 00:00:00-04:00,709.6599731445312,709.7899780273438,702.7000122070312,706.3200073242188,37443100
2026-08-25 00:00:00-04:00,711.219970703125,714.0399780273438,707.4500122070312,710.719970703125,23869600
2026-08-26 00:00:00-04:00,708.4099731445312,713.02001953125,707.969970703125,711.3699951171875,19922400
